ISO-10303-21;
HEADER;
FILE_DESCRIPTION(('KiCad electronic assembly'),'2;1');
FILE_NAME('B-RFM6601W-BRK_R1.0_Step.step','2025-11-06T10:28:24',(
    'Pcbnew'),('Kicad'),'Open CASCADE STEP processor 7.6',
  'KiCad to STEP converter','Unknown');
FILE_SCHEMA(('AUTOMOTIVE_DESIGN { 1 0 10303 214 1 1 1 1 }'));
ENDSEC;
DATA;
#1 = APPLICATION_PROTOCOL_DEFINITION('international standard',
  'automotive_design',2000,#2);
#2 = APPLICATION_CONTEXT(
  'core data for automotive mechanical design processes');
#3 = SHAPE_DEFINITION_REPRESENTATION(#4,#10);
#4 = PRODUCT_DEFINITION_SHAPE('','',#5);
#5 = PRODUCT_DEFINITION('design','',#6,#9);
#6 = PRODUCT_DEFINITION_FORMATION('','',#7);
#7 = PRODUCT('B-RFM6601W-BRK_R1.0_Step 1','B-RFM6601W-BRK_R1.0_Step 1',
  '',(#8));
#8 = PRODUCT_CONTEXT('',#2,'mechanical');
#9 = PRODUCT_DEFINITION_CONTEXT('part definition',#2,'design');
#10 = SHAPE_REPRESENTATION('',(#11,#15,#19,#23,#27,#31,#35,#39,#43,#47,
    #51,#55,#59,#63),#67);
#11 = AXIS2_PLACEMENT_3D('',#12,#13,#14);
#12 = CARTESIAN_POINT('',(0.,0.,0.));
#13 = DIRECTION('',(0.,0.,1.));
#14 = DIRECTION('',(1.,0.,-0.));
#15 = AXIS2_PLACEMENT_3D('',#16,#17,#18);
#16 = CARTESIAN_POINT('',(6.95,30.25,1.595));
#17 = DIRECTION('',(0.,-0.,1.));
#18 = DIRECTION('',(1.110223024625E-16,1.,0.));
#19 = AXIS2_PLACEMENT_3D('',#20,#21,#22);
#20 = CARTESIAN_POINT('',(31.185,1.7175,1.595));
#21 = DIRECTION('',(-0.,0.,1.));
#22 = DIRECTION('',(1.110223024625E-16,-1.,0.));
#23 = AXIS2_PLACEMENT_3D('',#24,#25,#26);
#24 = CARTESIAN_POINT('',(25.075,9.7625,1.595));
#25 = DIRECTION('',(0.,-0.,1.));
#26 = DIRECTION('',(1.110223024625E-16,1.,0.));
#27 = AXIS2_PLACEMENT_3D('',#28,#29,#30);
#28 = CARTESIAN_POINT('',(21.85,9.9375,1.595));
#29 = DIRECTION('',(0.,0.,1.));
#30 = DIRECTION('',(-1.,1.224646799147E-16,0.));
#31 = AXIS2_PLACEMENT_3D('',#32,#33,#34);
#32 = CARTESIAN_POINT('',(17.225,9.775,1.595));
#33 = DIRECTION('',(0.,-0.,1.));
#34 = DIRECTION('',(1.110223024625E-16,1.,0.));
#35 = AXIS2_PLACEMENT_3D('',#36,#37,#38);
#36 = CARTESIAN_POINT('',(10.9,9.775,1.595));
#37 = DIRECTION('',(0.,-0.,1.));
#38 = DIRECTION('',(1.110223024625E-16,1.,0.));
#39 = AXIS2_PLACEMENT_3D('',#40,#41,#42);
#40 = CARTESIAN_POINT('',(27.075,15.6,1.595));
#41 = DIRECTION('',(-0.,0.,1.));
#42 = DIRECTION('',(1.110223024625E-16,-1.,0.));
#43 = AXIS2_PLACEMENT_3D('',#44,#45,#46);
#44 = CARTESIAN_POINT('',(24.8,4.,1.595));
#45 = DIRECTION('',(0.,0.,1.));
#46 = DIRECTION('',(-1.,1.224646799147E-16,0.));
#47 = AXIS2_PLACEMENT_3D('',#48,#49,#50);
#48 = CARTESIAN_POINT('',(18.85,9.775,1.595));
#49 = DIRECTION('',(0.,-0.,1.));
#50 = DIRECTION('',(1.110223024625E-16,1.,0.));
#51 = AXIS2_PLACEMENT_3D('',#52,#53,#54);
#52 = CARTESIAN_POINT('',(29.345,1.7375,1.595));
#53 = DIRECTION('',(-0.,0.,1.));
#54 = DIRECTION('',(1.110223024625E-16,-1.,0.));
#55 = AXIS2_PLACEMENT_3D('',#56,#57,#58);
#56 = CARTESIAN_POINT('',(28.65,15.6,1.595));
#57 = DIRECTION('',(-0.,0.,1.));
#58 = DIRECTION('',(1.110223024625E-16,-1.,0.));
#59 = AXIS2_PLACEMENT_3D('',#60,#61,#62);
#60 = CARTESIAN_POINT('',(5.14,30.25,1.595));
#61 = DIRECTION('',(0.,-0.,1.));
#62 = DIRECTION('',(1.110223024625E-16,1.,0.));
#63 = AXIS2_PLACEMENT_3D('',#64,#65,#66);
#64 = CARTESIAN_POINT('',(0.,0.,0.));
#65 = DIRECTION('',(0.,0.,1.));
#66 = DIRECTION('',(1.,0.,-0.));
#67 = ( GEOMETRIC_REPRESENTATION_CONTEXT(3) 
GLOBAL_UNCERTAINTY_ASSIGNED_CONTEXT((#71)) GLOBAL_UNIT_ASSIGNED_CONTEXT(
(#68,#69,#70)) REPRESENTATION_CONTEXT('Context #1',
  '3D Context with UNIT and UNCERTAINTY') );
#68 = ( LENGTH_UNIT() NAMED_UNIT(*) SI_UNIT(.MILLI.,.METRE.) );
#69 = ( NAMED_UNIT(*) PLANE_ANGLE_UNIT() SI_UNIT($,.RADIAN.) );
#70 = ( NAMED_UNIT(*) SI_UNIT($,.STERADIAN.) SOLID_ANGLE_UNIT() );
#71 = UNCERTAINTY_MEASURE_WITH_UNIT(LENGTH_MEASURE(1.E-07),#68,
  'distance_accuracy_value','confusion accuracy');
#72 = PRODUCT_RELATED_PRODUCT_CATEGORY('part',$,(#7));
#73 = SHAPE_DEFINITION_REPRESENTATION(#74,#80);
#74 = PRODUCT_DEFINITION_SHAPE('','',#75);
#75 = PRODUCT_DEFINITION('design','',#76,#79);
#76 = PRODUCT_DEFINITION_FORMATION('','',#77);
#77 = PRODUCT('C_0603_1608Metric','C_0603_1608Metric','',(#78));
#78 = PRODUCT_CONTEXT('',#2,'mechanical');
#79 = PRODUCT_DEFINITION_CONTEXT('part definition',#2,'design');
#80 = ADVANCED_BREP_SHAPE_REPRESENTATION('',(#11,#81),#935);
#81 = MANIFOLD_SOLID_BREP('',#82);
#82 = CLOSED_SHELL('',(#83,#159,#190,#215,#240,#264,#288,#313,#338,#355,
    #441,#473,#497,#522,#546,#571,#595,#620,#637,#723,#754,#779,#804,
    #828,#852,#877,#902,#919));
#83 = ADVANCED_FACE('',(#84),#154,.F.);
#84 = FACE_BOUND('',#85,.F.);
#85 = EDGE_LOOP('',(#86,#96,#105,#113,#122,#130,#139,#147));
#86 = ORIENTED_EDGE('',*,*,#87,.F.);
#87 = EDGE_CURVE('',#88,#90,#92,.T.);
#88 = VERTEX_POINT('',#89);
#89 = CARTESIAN_POINT('',(-0.8,-0.4,3.E-02));
#90 = VERTEX_POINT('',#91);
#91 = CARTESIAN_POINT('',(-0.8,-0.4,0.77));
#92 = LINE('',#93,#94);
#93 = CARTESIAN_POINT('',(-0.8,-0.4,0.));
#94 = VECTOR('',#95,1.);
#95 = DIRECTION('',(0.,0.,1.));
#96 = ORIENTED_EDGE('',*,*,#97,.T.);
#97 = EDGE_CURVE('',#88,#98,#100,.T.);
#98 = VERTEX_POINT('',#99);
#99 = CARTESIAN_POINT('',(-0.8,-0.37,0.));
#100 = CIRCLE('',#101,3.E-02);
#101 = AXIS2_PLACEMENT_3D('',#102,#103,#104);
#102 = CARTESIAN_POINT('',(-0.8,-0.37,3.E-02));
#103 = DIRECTION('',(1.,0.,-0.));
#104 = DIRECTION('',(0.,0.,1.));
#105 = ORIENTED_EDGE('',*,*,#106,.T.);
#106 = EDGE_CURVE('',#98,#107,#109,.T.);
#107 = VERTEX_POINT('',#108);
#108 = CARTESIAN_POINT('',(-0.8,0.37,0.));
#109 = LINE('',#110,#111);
#110 = CARTESIAN_POINT('',(-0.8,-0.4,0.));
#111 = VECTOR('',#112,1.);
#112 = DIRECTION('',(0.,1.,0.));
#113 = ORIENTED_EDGE('',*,*,#114,.F.);
#114 = EDGE_CURVE('',#115,#107,#117,.T.);
#115 = VERTEX_POINT('',#116);
#116 = CARTESIAN_POINT('',(-0.8,0.4,3.E-02));
#117 = CIRCLE('',#118,3.E-02);
#118 = AXIS2_PLACEMENT_3D('',#119,#120,#121);
#119 = CARTESIAN_POINT('',(-0.8,0.37,3.E-02));
#120 = DIRECTION('',(-1.,0.,0.));
#121 = DIRECTION('',(0.,0.,1.));
#122 = ORIENTED_EDGE('',*,*,#123,.T.);
#123 = EDGE_CURVE('',#115,#124,#126,.T.);
#124 = VERTEX_POINT('',#125);
#125 = CARTESIAN_POINT('',(-0.8,0.4,0.77));
#126 = LINE('',#127,#128);
#127 = CARTESIAN_POINT('',(-0.8,0.4,0.));
#128 = VECTOR('',#129,1.);
#129 = DIRECTION('',(0.,0.,1.));
#130 = ORIENTED_EDGE('',*,*,#131,.T.);
#131 = EDGE_CURVE('',#124,#132,#134,.T.);
#132 = VERTEX_POINT('',#133);
#133 = CARTESIAN_POINT('',(-0.8,0.37,0.8));
#134 = CIRCLE('',#135,3.E-02);
#135 = AXIS2_PLACEMENT_3D('',#136,#137,#138);
#136 = CARTESIAN_POINT('',(-0.8,0.37,0.77));
#137 = DIRECTION('',(1.,0.,-0.));
#138 = DIRECTION('',(0.,0.,1.));
#139 = ORIENTED_EDGE('',*,*,#140,.F.);
#140 = EDGE_CURVE('',#141,#132,#143,.T.);
#141 = VERTEX_POINT('',#142);
#142 = CARTESIAN_POINT('',(-0.8,-0.37,0.8));
#143 = LINE('',#144,#145);
#144 = CARTESIAN_POINT('',(-0.8,-0.4,0.8));
#145 = VECTOR('',#146,1.);
#146 = DIRECTION('',(0.,1.,0.));
#147 = ORIENTED_EDGE('',*,*,#148,.F.);
#148 = EDGE_CURVE('',#90,#141,#149,.T.);
#149 = CIRCLE('',#150,3.E-02);
#150 = AXIS2_PLACEMENT_3D('',#151,#152,#153);
#151 = CARTESIAN_POINT('',(-0.8,-0.37,0.77));
#152 = DIRECTION('',(-1.,0.,0.));
#153 = DIRECTION('',(0.,0.,1.));
#154 = PLANE('',#155);
#155 = AXIS2_PLACEMENT_3D('',#156,#157,#158);
#156 = CARTESIAN_POINT('',(-0.8,-0.4,0.));
#157 = DIRECTION('',(1.,0.,0.));
#158 = DIRECTION('',(0.,0.,1.));
#159 = ADVANCED_FACE('',(#160),#185,.F.);
#160 = FACE_BOUND('',#161,.F.);
#161 = EDGE_LOOP('',(#162,#172,#178,#179));
#162 = ORIENTED_EDGE('',*,*,#163,.F.);
#163 = EDGE_CURVE('',#164,#166,#168,.T.);
#164 = VERTEX_POINT('',#165);
#165 = CARTESIAN_POINT('',(-0.5,-0.4,3.E-02));
#166 = VERTEX_POINT('',#167);
#167 = CARTESIAN_POINT('',(-0.5,-0.4,0.77));
#168 = LINE('',#169,#170);
#169 = CARTESIAN_POINT('',(-0.5,-0.4,0.));
#170 = VECTOR('',#171,1.);
#171 = DIRECTION('',(0.,0.,1.));
#172 = ORIENTED_EDGE('',*,*,#173,.F.);
#173 = EDGE_CURVE('',#88,#164,#174,.T.);
#174 = LINE('',#175,#176);
#175 = CARTESIAN_POINT('',(-0.8,-0.4,3.E-02));
#176 = VECTOR('',#177,1.);
#177 = DIRECTION('',(1.,0.,0.));
#178 = ORIENTED_EDGE('',*,*,#87,.T.);
#179 = ORIENTED_EDGE('',*,*,#180,.T.);
#180 = EDGE_CURVE('',#90,#166,#181,.T.);
#181 = LINE('',#182,#183);
#182 = CARTESIAN_POINT('',(-0.8,-0.4,0.77));
#183 = VECTOR('',#184,1.);
#184 = DIRECTION('',(1.,0.,0.));
#185 = PLANE('',#186);
#186 = AXIS2_PLACEMENT_3D('',#187,#188,#189);
#187 = CARTESIAN_POINT('',(-0.8,-0.4,0.));
#188 = DIRECTION('',(0.,1.,0.));
#189 = DIRECTION('',(0.,-0.,1.));
#190 = ADVANCED_FACE('',(#191),#210,.T.);
#191 = FACE_BOUND('',#192,.T.);
#192 = EDGE_LOOP('',(#193,#194,#202,#209));
#193 = ORIENTED_EDGE('',*,*,#97,.T.);
#194 = ORIENTED_EDGE('',*,*,#195,.T.);
#195 = EDGE_CURVE('',#98,#196,#198,.T.);
#196 = VERTEX_POINT('',#197);
#197 = CARTESIAN_POINT('',(-0.5,-0.37,0.));
#198 = LINE('',#199,#200);
#199 = CARTESIAN_POINT('',(-0.8,-0.37,0.));
#200 = VECTOR('',#201,1.);
#201 = DIRECTION('',(1.,0.,0.));
#202 = ORIENTED_EDGE('',*,*,#203,.F.);
#203 = EDGE_CURVE('',#164,#196,#204,.T.);
#204 = CIRCLE('',#205,3.E-02);
#205 = AXIS2_PLACEMENT_3D('',#206,#207,#208);
#206 = CARTESIAN_POINT('',(-0.5,-0.37,3.E-02));
#207 = DIRECTION('',(1.,0.,-0.));
#208 = DIRECTION('',(0.,0.,1.));
#209 = ORIENTED_EDGE('',*,*,#173,.F.);
#210 = CYLINDRICAL_SURFACE('',#211,3.E-02);
#211 = AXIS2_PLACEMENT_3D('',#212,#213,#214);
#212 = CARTESIAN_POINT('',(-0.8,-0.37,3.E-02));
#213 = DIRECTION('',(1.,0.,0.));
#214 = DIRECTION('',(0.,-1.,0.));
#215 = ADVANCED_FACE('',(#216),#235,.T.);
#216 = FACE_BOUND('',#217,.T.);
#217 = EDGE_LOOP('',(#218,#219,#228,#234));
#218 = ORIENTED_EDGE('',*,*,#180,.T.);
#219 = ORIENTED_EDGE('',*,*,#220,.T.);
#220 = EDGE_CURVE('',#166,#221,#223,.T.);
#221 = VERTEX_POINT('',#222);
#222 = CARTESIAN_POINT('',(-0.5,-0.37,0.8));
#223 = CIRCLE('',#224,3.E-02);
#224 = AXIS2_PLACEMENT_3D('',#225,#226,#227);
#225 = CARTESIAN_POINT('',(-0.5,-0.37,0.77));
#226 = DIRECTION('',(-1.,0.,0.));
#227 = DIRECTION('',(0.,0.,1.));
#228 = ORIENTED_EDGE('',*,*,#229,.F.);
#229 = EDGE_CURVE('',#141,#221,#230,.T.);
#230 = LINE('',#231,#232);
#231 = CARTESIAN_POINT('',(-0.8,-0.37,0.8));
#232 = VECTOR('',#233,1.);
#233 = DIRECTION('',(1.,0.,0.));
#234 = ORIENTED_EDGE('',*,*,#148,.F.);
#235 = CYLINDRICAL_SURFACE('',#236,3.E-02);
#236 = AXIS2_PLACEMENT_3D('',#237,#238,#239);
#237 = CARTESIAN_POINT('',(-0.8,-0.37,0.77));
#238 = DIRECTION('',(1.,0.,0.));
#239 = DIRECTION('',(0.,-1.,0.));
#240 = ADVANCED_FACE('',(#241),#259,.F.);
#241 = FACE_BOUND('',#242,.F.);
#242 = EDGE_LOOP('',(#243,#244,#245,#253));
#243 = ORIENTED_EDGE('',*,*,#106,.F.);
#244 = ORIENTED_EDGE('',*,*,#195,.T.);
#245 = ORIENTED_EDGE('',*,*,#246,.T.);
#246 = EDGE_CURVE('',#196,#247,#249,.T.);
#247 = VERTEX_POINT('',#248);
#248 = CARTESIAN_POINT('',(-0.5,0.37,0.));
#249 = LINE('',#250,#251);
#250 = CARTESIAN_POINT('',(-0.5,-0.4,0.));
#251 = VECTOR('',#252,1.);
#252 = DIRECTION('',(0.,1.,0.));
#253 = ORIENTED_EDGE('',*,*,#254,.F.);
#254 = EDGE_CURVE('',#107,#247,#255,.T.);
#255 = LINE('',#256,#257);
#256 = CARTESIAN_POINT('',(-0.8,0.37,0.));
#257 = VECTOR('',#258,1.);
#258 = DIRECTION('',(1.,0.,0.));
#259 = PLANE('',#260);
#260 = AXIS2_PLACEMENT_3D('',#261,#262,#263);
#261 = CARTESIAN_POINT('',(-0.8,-0.4,0.));
#262 = DIRECTION('',(0.,0.,1.));
#263 = DIRECTION('',(1.,0.,-0.));
#264 = ADVANCED_FACE('',(#265),#283,.T.);
#265 = FACE_BOUND('',#266,.T.);
#266 = EDGE_LOOP('',(#267,#268,#269,#277));
#267 = ORIENTED_EDGE('',*,*,#140,.F.);
#268 = ORIENTED_EDGE('',*,*,#229,.T.);
#269 = ORIENTED_EDGE('',*,*,#270,.T.);
#270 = EDGE_CURVE('',#221,#271,#273,.T.);
#271 = VERTEX_POINT('',#272);
#272 = CARTESIAN_POINT('',(-0.5,0.37,0.8));
#273 = LINE('',#274,#275);
#274 = CARTESIAN_POINT('',(-0.5,-0.4,0.8));
#275 = VECTOR('',#276,1.);
#276 = DIRECTION('',(0.,1.,0.));
#277 = ORIENTED_EDGE('',*,*,#278,.F.);
#278 = EDGE_CURVE('',#132,#271,#279,.T.);
#279 = LINE('',#280,#281);
#280 = CARTESIAN_POINT('',(-0.8,0.37,0.8));
#281 = VECTOR('',#282,1.);
#282 = DIRECTION('',(1.,0.,0.));
#283 = PLANE('',#284);
#284 = AXIS2_PLACEMENT_3D('',#285,#286,#287);
#285 = CARTESIAN_POINT('',(-0.8,-0.4,0.8));
#286 = DIRECTION('',(0.,0.,1.));
#287 = DIRECTION('',(1.,0.,-0.));
#288 = ADVANCED_FACE('',(#289),#308,.T.);
#289 = FACE_BOUND('',#290,.T.);
#290 = EDGE_LOOP('',(#291,#299,#306,#307));
#291 = ORIENTED_EDGE('',*,*,#292,.T.);
#292 = EDGE_CURVE('',#115,#293,#295,.T.);
#293 = VERTEX_POINT('',#294);
#294 = CARTESIAN_POINT('',(-0.5,0.4,3.E-02));
#295 = LINE('',#296,#297);
#296 = CARTESIAN_POINT('',(-0.8,0.4,3.E-02));
#297 = VECTOR('',#298,1.);
#298 = DIRECTION('',(1.,0.,0.));
#299 = ORIENTED_EDGE('',*,*,#300,.T.);
#300 = EDGE_CURVE('',#293,#247,#301,.T.);
#301 = CIRCLE('',#302,3.E-02);
#302 = AXIS2_PLACEMENT_3D('',#303,#304,#305);
#303 = CARTESIAN_POINT('',(-0.5,0.37,3.E-02));
#304 = DIRECTION('',(-1.,0.,0.));
#305 = DIRECTION('',(0.,0.,1.));
#306 = ORIENTED_EDGE('',*,*,#254,.F.);
#307 = ORIENTED_EDGE('',*,*,#114,.F.);
#308 = CYLINDRICAL_SURFACE('',#309,3.E-02);
#309 = AXIS2_PLACEMENT_3D('',#310,#311,#312);
#310 = CARTESIAN_POINT('',(-0.8,0.37,3.E-02));
#311 = DIRECTION('',(1.,0.,0.));
#312 = DIRECTION('',(-0.,1.,0.));
#313 = ADVANCED_FACE('',(#314),#333,.T.);
#314 = FACE_BOUND('',#315,.T.);
#315 = EDGE_LOOP('',(#316,#317,#318,#327));
#316 = ORIENTED_EDGE('',*,*,#131,.T.);
#317 = ORIENTED_EDGE('',*,*,#278,.T.);
#318 = ORIENTED_EDGE('',*,*,#319,.F.);
#319 = EDGE_CURVE('',#320,#271,#322,.T.);
#320 = VERTEX_POINT('',#321);
#321 = CARTESIAN_POINT('',(-0.5,0.4,0.77));
#322 = CIRCLE('',#323,3.E-02);
#323 = AXIS2_PLACEMENT_3D('',#324,#325,#326);
#324 = CARTESIAN_POINT('',(-0.5,0.37,0.77));
#325 = DIRECTION('',(1.,0.,-0.));
#326 = DIRECTION('',(0.,0.,1.));
#327 = ORIENTED_EDGE('',*,*,#328,.F.);
#328 = EDGE_CURVE('',#124,#320,#329,.T.);
#329 = LINE('',#330,#331);
#330 = CARTESIAN_POINT('',(-0.8,0.4,0.77));
#331 = VECTOR('',#332,1.);
#332 = DIRECTION('',(1.,0.,0.));
#333 = CYLINDRICAL_SURFACE('',#334,3.E-02);
#334 = AXIS2_PLACEMENT_3D('',#335,#336,#337);
#335 = CARTESIAN_POINT('',(-0.8,0.37,0.77));
#336 = DIRECTION('',(1.,0.,0.));
#337 = DIRECTION('',(-0.,1.,0.));
#338 = ADVANCED_FACE('',(#339),#350,.T.);
#339 = FACE_BOUND('',#340,.T.);
#340 = EDGE_LOOP('',(#341,#347,#348,#349));
#341 = ORIENTED_EDGE('',*,*,#342,.F.);
#342 = EDGE_CURVE('',#293,#320,#343,.T.);
#343 = LINE('',#344,#345);
#344 = CARTESIAN_POINT('',(-0.5,0.4,0.));
#345 = VECTOR('',#346,1.);
#346 = DIRECTION('',(0.,0.,1.));
#347 = ORIENTED_EDGE('',*,*,#292,.F.);
#348 = ORIENTED_EDGE('',*,*,#123,.T.);
#349 = ORIENTED_EDGE('',*,*,#328,.T.);
#350 = PLANE('',#351);
#351 = AXIS2_PLACEMENT_3D('',#352,#353,#354);
#352 = CARTESIAN_POINT('',(-0.8,0.4,0.));
#353 = DIRECTION('',(0.,1.,0.));
#354 = DIRECTION('',(0.,-0.,1.));
#355 = ADVANCED_FACE('',(#356,#366),#436,.T.);
#356 = FACE_BOUND('',#357,.T.);
#357 = EDGE_LOOP('',(#358,#359,#360,#361,#362,#363,#364,#365));
#358 = ORIENTED_EDGE('',*,*,#163,.F.);
#359 = ORIENTED_EDGE('',*,*,#203,.T.);
#360 = ORIENTED_EDGE('',*,*,#246,.T.);
#361 = ORIENTED_EDGE('',*,*,#300,.F.);
#362 = ORIENTED_EDGE('',*,*,#342,.T.);
#363 = ORIENTED_EDGE('',*,*,#319,.T.);
#364 = ORIENTED_EDGE('',*,*,#270,.F.);
#365 = ORIENTED_EDGE('',*,*,#220,.F.);
#366 = FACE_BOUND('',#367,.T.);
#367 = EDGE_LOOP('',(#368,#379,#387,#396,#404,#413,#421,#430));
#368 = ORIENTED_EDGE('',*,*,#369,.F.);
#369 = EDGE_CURVE('',#370,#372,#374,.T.);
#370 = VERTEX_POINT('',#371);
#371 = CARTESIAN_POINT('',(-0.5,-0.37,6.E-02));
#372 = VERTEX_POINT('',#373);
#373 = CARTESIAN_POINT('',(-0.5,-0.34,3.E-02));
#374 = CIRCLE('',#375,3.E-02);
#375 = AXIS2_PLACEMENT_3D('',#376,#377,#378);
#376 = CARTESIAN_POINT('',(-0.5,-0.34,6.E-02));
#377 = DIRECTION('',(1.,0.,-0.));
#378 = DIRECTION('',(0.,0.,1.));
#379 = ORIENTED_EDGE('',*,*,#380,.T.);
#380 = EDGE_CURVE('',#370,#381,#383,.T.);
#381 = VERTEX_POINT('',#382);
#382 = CARTESIAN_POINT('',(-0.5,-0.37,0.74));
#383 = LINE('',#384,#385);
#384 = CARTESIAN_POINT('',(-0.5,-0.37,3.E-02));
#385 = VECTOR('',#386,1.);
#386 = DIRECTION('',(0.,0.,1.));
#387 = ORIENTED_EDGE('',*,*,#388,.T.);
#388 = EDGE_CURVE('',#381,#389,#391,.T.);
#389 = VERTEX_POINT('',#390);
#390 = CARTESIAN_POINT('',(-0.5,-0.34,0.77));
#391 = CIRCLE('',#392,3.E-02);
#392 = AXIS2_PLACEMENT_3D('',#393,#394,#395);
#393 = CARTESIAN_POINT('',(-0.5,-0.34,0.74));
#394 = DIRECTION('',(-1.,0.,0.));
#395 = DIRECTION('',(0.,0.,1.));
#396 = ORIENTED_EDGE('',*,*,#397,.T.);
#397 = EDGE_CURVE('',#389,#398,#400,.T.);
#398 = VERTEX_POINT('',#399);
#399 = CARTESIAN_POINT('',(-0.5,0.34,0.77));
#400 = LINE('',#401,#402);
#401 = CARTESIAN_POINT('',(-0.5,-0.37,0.77));
#402 = VECTOR('',#403,1.);
#403 = DIRECTION('',(0.,1.,0.));
#404 = ORIENTED_EDGE('',*,*,#405,.F.);
#405 = EDGE_CURVE('',#406,#398,#408,.T.);
#406 = VERTEX_POINT('',#407);
#407 = CARTESIAN_POINT('',(-0.5,0.37,0.74));
#408 = CIRCLE('',#409,3.E-02);
#409 = AXIS2_PLACEMENT_3D('',#410,#411,#412);
#410 = CARTESIAN_POINT('',(-0.5,0.34,0.74));
#411 = DIRECTION('',(1.,0.,-0.));
#412 = DIRECTION('',(0.,0.,1.));
#413 = ORIENTED_EDGE('',*,*,#414,.F.);
#414 = EDGE_CURVE('',#415,#406,#417,.T.);
#415 = VERTEX_POINT('',#416);
#416 = CARTESIAN_POINT('',(-0.5,0.37,6.E-02));
#417 = LINE('',#418,#419);
#418 = CARTESIAN_POINT('',(-0.5,0.37,3.E-02));
#419 = VECTOR('',#420,1.);
#420 = DIRECTION('',(0.,0.,1.));
#421 = ORIENTED_EDGE('',*,*,#422,.T.);
#422 = EDGE_CURVE('',#415,#423,#425,.T.);
#423 = VERTEX_POINT('',#424);
#424 = CARTESIAN_POINT('',(-0.5,0.34,3.E-02));
#425 = CIRCLE('',#426,3.E-02);
#426 = AXIS2_PLACEMENT_3D('',#427,#428,#429);
#427 = CARTESIAN_POINT('',(-0.5,0.34,6.E-02));
#428 = DIRECTION('',(-1.,0.,0.));
#429 = DIRECTION('',(0.,0.,1.));
#430 = ORIENTED_EDGE('',*,*,#431,.F.);
#431 = EDGE_CURVE('',#372,#423,#432,.T.);
#432 = LINE('',#433,#434);
#433 = CARTESIAN_POINT('',(-0.5,-0.37,3.E-02));
#434 = VECTOR('',#435,1.);
#435 = DIRECTION('',(0.,1.,0.));
#436 = PLANE('',#437);
#437 = AXIS2_PLACEMENT_3D('',#438,#439,#440);
#438 = CARTESIAN_POINT('',(-0.5,-0.4,0.));
#439 = DIRECTION('',(1.,0.,0.));
#440 = DIRECTION('',(0.,0.,1.));
#441 = ADVANCED_FACE('',(#442),#468,.T.);
#442 = FACE_BOUND('',#443,.T.);
#443 = EDGE_LOOP('',(#444,#445,#453,#462));
#444 = ORIENTED_EDGE('',*,*,#369,.T.);
#445 = ORIENTED_EDGE('',*,*,#446,.T.);
#446 = EDGE_CURVE('',#372,#447,#449,.T.);
#447 = VERTEX_POINT('',#448);
#448 = CARTESIAN_POINT('',(0.5,-0.34,3.E-02));
#449 = LINE('',#450,#451);
#450 = CARTESIAN_POINT('',(-0.5,-0.34,3.E-02));
#451 = VECTOR('',#452,1.);
#452 = DIRECTION('',(1.,0.,0.));
#453 = ORIENTED_EDGE('',*,*,#454,.F.);
#454 = EDGE_CURVE('',#455,#447,#457,.T.);
#455 = VERTEX_POINT('',#456);
#456 = CARTESIAN_POINT('',(0.5,-0.37,6.E-02));
#457 = CIRCLE('',#458,3.E-02);
#458 = AXIS2_PLACEMENT_3D('',#459,#460,#461);
#459 = CARTESIAN_POINT('',(0.5,-0.34,6.E-02));
#460 = DIRECTION('',(1.,0.,-0.));
#461 = DIRECTION('',(0.,0.,1.));
#462 = ORIENTED_EDGE('',*,*,#463,.F.);
#463 = EDGE_CURVE('',#370,#455,#464,.T.);
#464 = LINE('',#465,#466);
#465 = CARTESIAN_POINT('',(-0.5,-0.37,6.E-02));
#466 = VECTOR('',#467,1.);
#467 = DIRECTION('',(1.,0.,0.));
#468 = CYLINDRICAL_SURFACE('',#469,3.E-02);
#469 = AXIS2_PLACEMENT_3D('',#470,#471,#472);
#470 = CARTESIAN_POINT('',(-0.5,-0.34,6.E-02));
#471 = DIRECTION('',(1.,0.,0.));
#472 = DIRECTION('',(0.,-1.,0.));
#473 = ADVANCED_FACE('',(#474),#492,.F.);
#474 = FACE_BOUND('',#475,.F.);
#475 = EDGE_LOOP('',(#476,#477,#478,#486));
#476 = ORIENTED_EDGE('',*,*,#431,.F.);
#477 = ORIENTED_EDGE('',*,*,#446,.T.);
#478 = ORIENTED_EDGE('',*,*,#479,.T.);
#479 = EDGE_CURVE('',#447,#480,#482,.T.);
#480 = VERTEX_POINT('',#481);
#481 = CARTESIAN_POINT('',(0.5,0.34,3.E-02));
#482 = LINE('',#483,#484);
#483 = CARTESIAN_POINT('',(0.5,-0.37,3.E-02));
#484 = VECTOR('',#485,1.);
#485 = DIRECTION('',(0.,1.,0.));
#486 = ORIENTED_EDGE('',*,*,#487,.F.);
#487 = EDGE_CURVE('',#423,#480,#488,.T.);
#488 = LINE('',#489,#490);
#489 = CARTESIAN_POINT('',(-0.5,0.34,3.E-02));
#490 = VECTOR('',#491,1.);
#491 = DIRECTION('',(1.,0.,0.));
#492 = PLANE('',#493);
#493 = AXIS2_PLACEMENT_3D('',#494,#495,#496);
#494 = CARTESIAN_POINT('',(-0.5,-0.37,3.E-02));
#495 = DIRECTION('',(0.,0.,1.));
#496 = DIRECTION('',(1.,0.,-0.));
#497 = ADVANCED_FACE('',(#498),#517,.T.);
#498 = FACE_BOUND('',#499,.T.);
#499 = EDGE_LOOP('',(#500,#508,#515,#516));
#500 = ORIENTED_EDGE('',*,*,#501,.T.);
#501 = EDGE_CURVE('',#415,#502,#504,.T.);
#502 = VERTEX_POINT('',#503);
#503 = CARTESIAN_POINT('',(0.5,0.37,6.E-02));
#504 = LINE('',#505,#506);
#505 = CARTESIAN_POINT('',(-0.5,0.37,6.E-02));
#506 = VECTOR('',#507,1.);
#507 = DIRECTION('',(1.,0.,0.));
#508 = ORIENTED_EDGE('',*,*,#509,.T.);
#509 = EDGE_CURVE('',#502,#480,#510,.T.);
#510 = CIRCLE('',#511,3.E-02);
#511 = AXIS2_PLACEMENT_3D('',#512,#513,#514);
#512 = CARTESIAN_POINT('',(0.5,0.34,6.E-02));
#513 = DIRECTION('',(-1.,0.,0.));
#514 = DIRECTION('',(0.,0.,1.));
#515 = ORIENTED_EDGE('',*,*,#487,.F.);
#516 = ORIENTED_EDGE('',*,*,#422,.F.);
#517 = CYLINDRICAL_SURFACE('',#518,3.E-02);
#518 = AXIS2_PLACEMENT_3D('',#519,#520,#521);
#519 = CARTESIAN_POINT('',(-0.5,0.34,6.E-02));
#520 = DIRECTION('',(1.,0.,0.));
#521 = DIRECTION('',(-0.,1.,0.));
#522 = ADVANCED_FACE('',(#523),#541,.T.);
#523 = FACE_BOUND('',#524,.T.);
#524 = EDGE_LOOP('',(#525,#533,#534,#535));
#525 = ORIENTED_EDGE('',*,*,#526,.F.);
#526 = EDGE_CURVE('',#502,#527,#529,.T.);
#527 = VERTEX_POINT('',#528);
#528 = CARTESIAN_POINT('',(0.5,0.37,0.74));
#529 = LINE('',#530,#531);
#530 = CARTESIAN_POINT('',(0.5,0.37,3.E-02));
#531 = VECTOR('',#532,1.);
#532 = DIRECTION('',(0.,0.,1.));
#533 = ORIENTED_EDGE('',*,*,#501,.F.);
#534 = ORIENTED_EDGE('',*,*,#414,.T.);
#535 = ORIENTED_EDGE('',*,*,#536,.T.);
#536 = EDGE_CURVE('',#406,#527,#537,.T.);
#537 = LINE('',#538,#539);
#538 = CARTESIAN_POINT('',(-0.5,0.37,0.74));
#539 = VECTOR('',#540,1.);
#540 = DIRECTION('',(1.,0.,0.));
#541 = PLANE('',#542);
#542 = AXIS2_PLACEMENT_3D('',#543,#544,#545);
#543 = CARTESIAN_POINT('',(-0.5,0.37,3.E-02));
#544 = DIRECTION('',(0.,1.,0.));
#545 = DIRECTION('',(0.,-0.,1.));
#546 = ADVANCED_FACE('',(#547),#566,.T.);
#547 = FACE_BOUND('',#548,.T.);
#548 = EDGE_LOOP('',(#549,#550,#558,#565));
#549 = ORIENTED_EDGE('',*,*,#405,.T.);
#550 = ORIENTED_EDGE('',*,*,#551,.T.);
#551 = EDGE_CURVE('',#398,#552,#554,.T.);
#552 = VERTEX_POINT('',#553);
#553 = CARTESIAN_POINT('',(0.5,0.34,0.77));
#554 = LINE('',#555,#556);
#555 = CARTESIAN_POINT('',(-0.5,0.34,0.77));
#556 = VECTOR('',#557,1.);
#557 = DIRECTION('',(1.,0.,0.));
#558 = ORIENTED_EDGE('',*,*,#559,.F.);
#559 = EDGE_CURVE('',#527,#552,#560,.T.);
#560 = CIRCLE('',#561,3.E-02);
#561 = AXIS2_PLACEMENT_3D('',#562,#563,#564);
#562 = CARTESIAN_POINT('',(0.5,0.34,0.74));
#563 = DIRECTION('',(1.,0.,-0.));
#564 = DIRECTION('',(0.,0.,1.));
#565 = ORIENTED_EDGE('',*,*,#536,.F.);
#566 = CYLINDRICAL_SURFACE('',#567,3.E-02);
#567 = AXIS2_PLACEMENT_3D('',#568,#569,#570);
#568 = CARTESIAN_POINT('',(-0.5,0.34,0.74));
#569 = DIRECTION('',(1.,0.,0.));
#570 = DIRECTION('',(-0.,1.,0.));
#571 = ADVANCED_FACE('',(#572),#590,.T.);
#572 = FACE_BOUND('',#573,.T.);
#573 = EDGE_LOOP('',(#574,#575,#583,#589));
#574 = ORIENTED_EDGE('',*,*,#397,.F.);
#575 = ORIENTED_EDGE('',*,*,#576,.T.);
#576 = EDGE_CURVE('',#389,#577,#579,.T.);
#577 = VERTEX_POINT('',#578);
#578 = CARTESIAN_POINT('',(0.5,-0.34,0.77));
#579 = LINE('',#580,#581);
#580 = CARTESIAN_POINT('',(-0.5,-0.34,0.77));
#581 = VECTOR('',#582,1.);
#582 = DIRECTION('',(1.,0.,0.));
#583 = ORIENTED_EDGE('',*,*,#584,.T.);
#584 = EDGE_CURVE('',#577,#552,#585,.T.);
#585 = LINE('',#586,#587);
#586 = CARTESIAN_POINT('',(0.5,-0.37,0.77));
#587 = VECTOR('',#588,1.);
#588 = DIRECTION('',(0.,1.,0.));
#589 = ORIENTED_EDGE('',*,*,#551,.F.);
#590 = PLANE('',#591);
#591 = AXIS2_PLACEMENT_3D('',#592,#593,#594);
#592 = CARTESIAN_POINT('',(-0.5,-0.37,0.77));
#593 = DIRECTION('',(0.,0.,1.));
#594 = DIRECTION('',(1.,0.,-0.));
#595 = ADVANCED_FACE('',(#596),#615,.T.);
#596 = FACE_BOUND('',#597,.T.);
#597 = EDGE_LOOP('',(#598,#606,#613,#614));
#598 = ORIENTED_EDGE('',*,*,#599,.T.);
#599 = EDGE_CURVE('',#381,#600,#602,.T.);
#600 = VERTEX_POINT('',#601);
#601 = CARTESIAN_POINT('',(0.5,-0.37,0.74));
#602 = LINE('',#603,#604);
#603 = CARTESIAN_POINT('',(-0.5,-0.37,0.74));
#604 = VECTOR('',#605,1.);
#605 = DIRECTION('',(1.,0.,0.));
#606 = ORIENTED_EDGE('',*,*,#607,.T.);
#607 = EDGE_CURVE('',#600,#577,#608,.T.);
#608 = CIRCLE('',#609,3.E-02);
#609 = AXIS2_PLACEMENT_3D('',#610,#611,#612);
#610 = CARTESIAN_POINT('',(0.5,-0.34,0.74));
#611 = DIRECTION('',(-1.,0.,0.));
#612 = DIRECTION('',(0.,0.,1.));
#613 = ORIENTED_EDGE('',*,*,#576,.F.);
#614 = ORIENTED_EDGE('',*,*,#388,.F.);
#615 = CYLINDRICAL_SURFACE('',#616,3.E-02);
#616 = AXIS2_PLACEMENT_3D('',#617,#618,#619);
#617 = CARTESIAN_POINT('',(-0.5,-0.34,0.74));
#618 = DIRECTION('',(1.,0.,0.));
#619 = DIRECTION('',(0.,-1.,0.));
#620 = ADVANCED_FACE('',(#621),#632,.F.);
#621 = FACE_BOUND('',#622,.F.);
#622 = EDGE_LOOP('',(#623,#629,#630,#631));
#623 = ORIENTED_EDGE('',*,*,#624,.F.);
#624 = EDGE_CURVE('',#455,#600,#625,.T.);
#625 = LINE('',#626,#627);
#626 = CARTESIAN_POINT('',(0.5,-0.37,3.E-02));
#627 = VECTOR('',#628,1.);
#628 = DIRECTION('',(0.,0.,1.));
#629 = ORIENTED_EDGE('',*,*,#463,.F.);
#630 = ORIENTED_EDGE('',*,*,#380,.T.);
#631 = ORIENTED_EDGE('',*,*,#599,.T.);
#632 = PLANE('',#633);
#633 = AXIS2_PLACEMENT_3D('',#634,#635,#636);
#634 = CARTESIAN_POINT('',(-0.5,-0.37,3.E-02));
#635 = DIRECTION('',(0.,1.,0.));
#636 = DIRECTION('',(0.,-0.,1.));
#637 = ADVANCED_FACE('',(#638,#708),#718,.F.);
#638 = FACE_BOUND('',#639,.F.);
#639 = EDGE_LOOP('',(#640,#650,#659,#667,#676,#684,#693,#701));
#640 = ORIENTED_EDGE('',*,*,#641,.F.);
#641 = EDGE_CURVE('',#642,#644,#646,.T.);
#642 = VERTEX_POINT('',#643);
#643 = CARTESIAN_POINT('',(0.5,-0.4,3.E-02));
#644 = VERTEX_POINT('',#645);
#645 = CARTESIAN_POINT('',(0.5,-0.4,0.77));
#646 = LINE('',#647,#648);
#647 = CARTESIAN_POINT('',(0.5,-0.4,0.));
#648 = VECTOR('',#649,1.);
#649 = DIRECTION('',(0.,0.,1.));
#650 = ORIENTED_EDGE('',*,*,#651,.T.);
#651 = EDGE_CURVE('',#642,#652,#654,.T.);
#652 = VERTEX_POINT('',#653);
#653 = CARTESIAN_POINT('',(0.5,-0.37,0.));
#654 = CIRCLE('',#655,3.E-02);
#655 = AXIS2_PLACEMENT_3D('',#656,#657,#658);
#656 = CARTESIAN_POINT('',(0.5,-0.37,3.E-02));
#657 = DIRECTION('',(1.,0.,-0.));
#658 = DIRECTION('',(0.,0.,1.));
#659 = ORIENTED_EDGE('',*,*,#660,.T.);
#660 = EDGE_CURVE('',#652,#661,#663,.T.);
#661 = VERTEX_POINT('',#662);
#662 = CARTESIAN_POINT('',(0.5,0.37,0.));
#663 = LINE('',#664,#665);
#664 = CARTESIAN_POINT('',(0.5,-0.4,0.));
#665 = VECTOR('',#666,1.);
#666 = DIRECTION('',(0.,1.,0.));
#667 = ORIENTED_EDGE('',*,*,#668,.F.);
#668 = EDGE_CURVE('',#669,#661,#671,.T.);
#669 = VERTEX_POINT('',#670);
#670 = CARTESIAN_POINT('',(0.5,0.4,3.E-02));
#671 = CIRCLE('',#672,3.E-02);
#672 = AXIS2_PLACEMENT_3D('',#673,#674,#675);
#673 = CARTESIAN_POINT('',(0.5,0.37,3.E-02));
#674 = DIRECTION('',(-1.,0.,0.));
#675 = DIRECTION('',(0.,0.,1.));
#676 = ORIENTED_EDGE('',*,*,#677,.T.);
#677 = EDGE_CURVE('',#669,#678,#680,.T.);
#678 = VERTEX_POINT('',#679);
#679 = CARTESIAN_POINT('',(0.5,0.4,0.77));
#680 = LINE('',#681,#682);
#681 = CARTESIAN_POINT('',(0.5,0.4,0.));
#682 = VECTOR('',#683,1.);
#683 = DIRECTION('',(0.,0.,1.));
#684 = ORIENTED_EDGE('',*,*,#685,.T.);
#685 = EDGE_CURVE('',#678,#686,#688,.T.);
#686 = VERTEX_POINT('',#687);
#687 = CARTESIAN_POINT('',(0.5,0.37,0.8));
#688 = CIRCLE('',#689,3.E-02);
#689 = AXIS2_PLACEMENT_3D('',#690,#691,#692);
#690 = CARTESIAN_POINT('',(0.5,0.37,0.77));
#691 = DIRECTION('',(1.,0.,-0.));
#692 = DIRECTION('',(0.,0.,1.));
#693 = ORIENTED_EDGE('',*,*,#694,.F.);
#694 = EDGE_CURVE('',#695,#686,#697,.T.);
#695 = VERTEX_POINT('',#696);
#696 = CARTESIAN_POINT('',(0.5,-0.37,0.8));
#697 = LINE('',#698,#699);
#698 = CARTESIAN_POINT('',(0.5,-0.4,0.8));
#699 = VECTOR('',#700,1.);
#700 = DIRECTION('',(0.,1.,0.));
#701 = ORIENTED_EDGE('',*,*,#702,.F.);
#702 = EDGE_CURVE('',#644,#695,#703,.T.);
#703 = CIRCLE('',#704,3.E-02);
#704 = AXIS2_PLACEMENT_3D('',#705,#706,#707);
#705 = CARTESIAN_POINT('',(0.5,-0.37,0.77));
#706 = DIRECTION('',(-1.,0.,0.));
#707 = DIRECTION('',(0.,0.,1.));
#708 = FACE_BOUND('',#709,.F.);
#709 = EDGE_LOOP('',(#710,#711,#712,#713,#714,#715,#716,#717));
#710 = ORIENTED_EDGE('',*,*,#454,.F.);
#711 = ORIENTED_EDGE('',*,*,#624,.T.);
#712 = ORIENTED_EDGE('',*,*,#607,.T.);
#713 = ORIENTED_EDGE('',*,*,#584,.T.);
#714 = ORIENTED_EDGE('',*,*,#559,.F.);
#715 = ORIENTED_EDGE('',*,*,#526,.F.);
#716 = ORIENTED_EDGE('',*,*,#509,.T.);
#717 = ORIENTED_EDGE('',*,*,#479,.F.);
#718 = PLANE('',#719);
#719 = AXIS2_PLACEMENT_3D('',#720,#721,#722);
#720 = CARTESIAN_POINT('',(0.5,-0.4,0.));
#721 = DIRECTION('',(1.,0.,0.));
#722 = DIRECTION('',(0.,0.,1.));
#723 = ADVANCED_FACE('',(#724),#749,.F.);
#724 = FACE_BOUND('',#725,.F.);
#725 = EDGE_LOOP('',(#726,#736,#742,#743));
#726 = ORIENTED_EDGE('',*,*,#727,.F.);
#727 = EDGE_CURVE('',#728,#730,#732,.T.);
#728 = VERTEX_POINT('',#729);
#729 = CARTESIAN_POINT('',(0.8,-0.4,3.E-02));
#730 = VERTEX_POINT('',#731);
#731 = CARTESIAN_POINT('',(0.8,-0.4,0.77));
#732 = LINE('',#733,#734);
#733 = CARTESIAN_POINT('',(0.8,-0.4,0.));
#734 = VECTOR('',#735,1.);
#735 = DIRECTION('',(0.,0.,1.));
#736 = ORIENTED_EDGE('',*,*,#737,.F.);
#737 = EDGE_CURVE('',#642,#728,#738,.T.);
#738 = LINE('',#739,#740);
#739 = CARTESIAN_POINT('',(0.5,-0.4,3.E-02));
#740 = VECTOR('',#741,1.);
#741 = DIRECTION('',(1.,0.,0.));
#742 = ORIENTED_EDGE('',*,*,#641,.T.);
#743 = ORIENTED_EDGE('',*,*,#744,.T.);
#744 = EDGE_CURVE('',#644,#730,#745,.T.);
#745 = LINE('',#746,#747);
#746 = CARTESIAN_POINT('',(0.5,-0.4,0.77));
#747 = VECTOR('',#748,1.);
#748 = DIRECTION('',(1.,0.,0.));
#749 = PLANE('',#750);
#750 = AXIS2_PLACEMENT_3D('',#751,#752,#753);
#751 = CARTESIAN_POINT('',(0.5,-0.4,0.));
#752 = DIRECTION('',(0.,1.,0.));
#753 = DIRECTION('',(0.,-0.,1.));
#754 = ADVANCED_FACE('',(#755),#774,.T.);
#755 = FACE_BOUND('',#756,.T.);
#756 = EDGE_LOOP('',(#757,#758,#766,#773));
#757 = ORIENTED_EDGE('',*,*,#651,.T.);
#758 = ORIENTED_EDGE('',*,*,#759,.T.);
#759 = EDGE_CURVE('',#652,#760,#762,.T.);
#760 = VERTEX_POINT('',#761);
#761 = CARTESIAN_POINT('',(0.8,-0.37,0.));
#762 = LINE('',#763,#764);
#763 = CARTESIAN_POINT('',(0.5,-0.37,0.));
#764 = VECTOR('',#765,1.);
#765 = DIRECTION('',(1.,0.,0.));
#766 = ORIENTED_EDGE('',*,*,#767,.F.);
#767 = EDGE_CURVE('',#728,#760,#768,.T.);
#768 = CIRCLE('',#769,3.E-02);
#769 = AXIS2_PLACEMENT_3D('',#770,#771,#772);
#770 = CARTESIAN_POINT('',(0.8,-0.37,3.E-02));
#771 = DIRECTION('',(1.,0.,-0.));
#772 = DIRECTION('',(0.,0.,1.));
#773 = ORIENTED_EDGE('',*,*,#737,.F.);
#774 = CYLINDRICAL_SURFACE('',#775,3.E-02);
#775 = AXIS2_PLACEMENT_3D('',#776,#777,#778);
#776 = CARTESIAN_POINT('',(0.5,-0.37,3.E-02));
#777 = DIRECTION('',(1.,0.,0.));
#778 = DIRECTION('',(0.,-1.,0.));
#779 = ADVANCED_FACE('',(#780),#799,.T.);
#780 = FACE_BOUND('',#781,.T.);
#781 = EDGE_LOOP('',(#782,#783,#792,#798));
#782 = ORIENTED_EDGE('',*,*,#744,.T.);
#783 = ORIENTED_EDGE('',*,*,#784,.T.);
#784 = EDGE_CURVE('',#730,#785,#787,.T.);
#785 = VERTEX_POINT('',#786);
#786 = CARTESIAN_POINT('',(0.8,-0.37,0.8));
#787 = CIRCLE('',#788,3.E-02);
#788 = AXIS2_PLACEMENT_3D('',#789,#790,#791);
#789 = CARTESIAN_POINT('',(0.8,-0.37,0.77));
#790 = DIRECTION('',(-1.,0.,0.));
#791 = DIRECTION('',(0.,0.,1.));
#792 = ORIENTED_EDGE('',*,*,#793,.F.);
#793 = EDGE_CURVE('',#695,#785,#794,.T.);
#794 = LINE('',#795,#796);
#795 = CARTESIAN_POINT('',(0.5,-0.37,0.8));
#796 = VECTOR('',#797,1.);
#797 = DIRECTION('',(1.,0.,0.));
#798 = ORIENTED_EDGE('',*,*,#702,.F.);
#799 = CYLINDRICAL_SURFACE('',#800,3.E-02);
#800 = AXIS2_PLACEMENT_3D('',#801,#802,#803);
#801 = CARTESIAN_POINT('',(0.5,-0.37,0.77));
#802 = DIRECTION('',(1.,0.,0.));
#803 = DIRECTION('',(0.,-1.,0.));
#804 = ADVANCED_FACE('',(#805),#823,.F.);
#805 = FACE_BOUND('',#806,.F.);
#806 = EDGE_LOOP('',(#807,#808,#809,#817));
#807 = ORIENTED_EDGE('',*,*,#660,.F.);
#808 = ORIENTED_EDGE('',*,*,#759,.T.);
#809 = ORIENTED_EDGE('',*,*,#810,.T.);
#810 = EDGE_CURVE('',#760,#811,#813,.T.);
#811 = VERTEX_POINT('',#812);
#812 = CARTESIAN_POINT('',(0.8,0.37,0.));
#813 = LINE('',#814,#815);
#814 = CARTESIAN_POINT('',(0.8,-0.4,0.));
#815 = VECTOR('',#816,1.);
#816 = DIRECTION('',(0.,1.,0.));
#817 = ORIENTED_EDGE('',*,*,#818,.F.);
#818 = EDGE_CURVE('',#661,#811,#819,.T.);
#819 = LINE('',#820,#821);
#820 = CARTESIAN_POINT('',(0.5,0.37,0.));
#821 = VECTOR('',#822,1.);
#822 = DIRECTION('',(1.,0.,0.));
#823 = PLANE('',#824);
#824 = AXIS2_PLACEMENT_3D('',#825,#826,#827);
#825 = CARTESIAN_POINT('',(0.5,-0.4,0.));
#826 = DIRECTION('',(0.,0.,1.));
#827 = DIRECTION('',(1.,0.,-0.));
#828 = ADVANCED_FACE('',(#829),#847,.T.);
#829 = FACE_BOUND('',#830,.T.);
#830 = EDGE_LOOP('',(#831,#832,#833,#841));
#831 = ORIENTED_EDGE('',*,*,#694,.F.);
#832 = ORIENTED_EDGE('',*,*,#793,.T.);
#833 = ORIENTED_EDGE('',*,*,#834,.T.);
#834 = EDGE_CURVE('',#785,#835,#837,.T.);
#835 = VERTEX_POINT('',#836);
#836 = CARTESIAN_POINT('',(0.8,0.37,0.8));
#837 = LINE('',#838,#839);
#838 = CARTESIAN_POINT('',(0.8,-0.4,0.8));
#839 = VECTOR('',#840,1.);
#840 = DIRECTION('',(0.,1.,0.));
#841 = ORIENTED_EDGE('',*,*,#842,.F.);
#842 = EDGE_CURVE('',#686,#835,#843,.T.);
#843 = LINE('',#844,#845);
#844 = CARTESIAN_POINT('',(0.5,0.37,0.8));
#845 = VECTOR('',#846,1.);
#846 = DIRECTION('',(1.,0.,0.));
#847 = PLANE('',#848);
#848 = AXIS2_PLACEMENT_3D('',#849,#850,#851);
#849 = CARTESIAN_POINT('',(0.5,-0.4,0.8));
#850 = DIRECTION('',(0.,0.,1.));
#851 = DIRECTION('',(1.,0.,-0.));
#852 = ADVANCED_FACE('',(#853),#872,.T.);
#853 = FACE_BOUND('',#854,.T.);
#854 = EDGE_LOOP('',(#855,#863,#870,#871));
#855 = ORIENTED_EDGE('',*,*,#856,.T.);
#856 = EDGE_CURVE('',#669,#857,#859,.T.);
#857 = VERTEX_POINT('',#858);
#858 = CARTESIAN_POINT('',(0.8,0.4,3.E-02));
#859 = LINE('',#860,#861);
#860 = CARTESIAN_POINT('',(0.5,0.4,3.E-02));
#861 = VECTOR('',#862,1.);
#862 = DIRECTION('',(1.,0.,0.));
#863 = ORIENTED_EDGE('',*,*,#864,.T.);
#864 = EDGE_CURVE('',#857,#811,#865,.T.);
#865 = CIRCLE('',#866,3.E-02);
#866 = AXIS2_PLACEMENT_3D('',#867,#868,#869);
#867 = CARTESIAN_POINT('',(0.8,0.37,3.E-02));
#868 = DIRECTION('',(-1.,0.,0.));
#869 = DIRECTION('',(0.,0.,1.));
#870 = ORIENTED_EDGE('',*,*,#818,.F.);
#871 = ORIENTED_EDGE('',*,*,#668,.F.);
#872 = CYLINDRICAL_SURFACE('',#873,3.E-02);
#873 = AXIS2_PLACEMENT_3D('',#874,#875,#876);
#874 = CARTESIAN_POINT('',(0.5,0.37,3.E-02));
#875 = DIRECTION('',(1.,0.,0.));
#876 = DIRECTION('',(-0.,1.,0.));
#877 = ADVANCED_FACE('',(#878),#897,.T.);
#878 = FACE_BOUND('',#879,.T.);
#879 = EDGE_LOOP('',(#880,#881,#882,#891));
#880 = ORIENTED_EDGE('',*,*,#685,.T.);
#881 = ORIENTED_EDGE('',*,*,#842,.T.);
#882 = ORIENTED_EDGE('',*,*,#883,.F.);
#883 = EDGE_CURVE('',#884,#835,#886,.T.);
#884 = VERTEX_POINT('',#885);
#885 = CARTESIAN_POINT('',(0.8,0.4,0.77));
#886 = CIRCLE('',#887,3.E-02);
#887 = AXIS2_PLACEMENT_3D('',#888,#889,#890);
#888 = CARTESIAN_POINT('',(0.8,0.37,0.77));
#889 = DIRECTION('',(1.,0.,-0.));
#890 = DIRECTION('',(0.,0.,1.));
#891 = ORIENTED_EDGE('',*,*,#892,.F.);
#892 = EDGE_CURVE('',#678,#884,#893,.T.);
#893 = LINE('',#894,#895);
#894 = CARTESIAN_POINT('',(0.5,0.4,0.77));
#895 = VECTOR('',#896,1.);
#896 = DIRECTION('',(1.,0.,0.));
#897 = CYLINDRICAL_SURFACE('',#898,3.E-02);
#898 = AXIS2_PLACEMENT_3D('',#899,#900,#901);
#899 = CARTESIAN_POINT('',(0.5,0.37,0.77));
#900 = DIRECTION('',(1.,0.,0.));
#901 = DIRECTION('',(-0.,1.,0.));
#902 = ADVANCED_FACE('',(#903),#914,.T.);
#903 = FACE_BOUND('',#904,.T.);
#904 = EDGE_LOOP('',(#905,#911,#912,#913));
#905 = ORIENTED_EDGE('',*,*,#906,.F.);
#906 = EDGE_CURVE('',#857,#884,#907,.T.);
#907 = LINE('',#908,#909);
#908 = CARTESIAN_POINT('',(0.8,0.4,0.));
#909 = VECTOR('',#910,1.);
#910 = DIRECTION('',(0.,0.,1.));
#911 = ORIENTED_EDGE('',*,*,#856,.F.);
#912 = ORIENTED_EDGE('',*,*,#677,.T.);
#913 = ORIENTED_EDGE('',*,*,#892,.T.);
#914 = PLANE('',#915);
#915 = AXIS2_PLACEMENT_3D('',#916,#917,#918);
#916 = CARTESIAN_POINT('',(0.5,0.4,0.));
#917 = DIRECTION('',(0.,1.,0.));
#918 = DIRECTION('',(0.,-0.,1.));
#919 = ADVANCED_FACE('',(#920),#930,.T.);
#920 = FACE_BOUND('',#921,.T.);
#921 = EDGE_LOOP('',(#922,#923,#924,#925,#926,#927,#928,#929));
#922 = ORIENTED_EDGE('',*,*,#727,.F.);
#923 = ORIENTED_EDGE('',*,*,#767,.T.);
#924 = ORIENTED_EDGE('',*,*,#810,.T.);
#925 = ORIENTED_EDGE('',*,*,#864,.F.);
#926 = ORIENTED_EDGE('',*,*,#906,.T.);
#927 = ORIENTED_EDGE('',*,*,#883,.T.);
#928 = ORIENTED_EDGE('',*,*,#834,.F.);
#929 = ORIENTED_EDGE('',*,*,#784,.F.);
#930 = PLANE('',#931);
#931 = AXIS2_PLACEMENT_3D('',#932,#933,#934);
#932 = CARTESIAN_POINT('',(0.8,-0.4,0.));
#933 = DIRECTION('',(1.,0.,0.));
#934 = DIRECTION('',(0.,0.,1.));
#935 = ( GEOMETRIC_REPRESENTATION_CONTEXT(3) 
GLOBAL_UNCERTAINTY_ASSIGNED_CONTEXT((#939)) GLOBAL_UNIT_ASSIGNED_CONTEXT
((#936,#937,#938)) REPRESENTATION_CONTEXT('Context #1',
  '3D Context with UNIT and UNCERTAINTY') );
#936 = ( LENGTH_UNIT() NAMED_UNIT(*) SI_UNIT(.MILLI.,.METRE.) );
#937 = ( NAMED_UNIT(*) PLANE_ANGLE_UNIT() SI_UNIT($,.RADIAN.) );
#938 = ( NAMED_UNIT(*) SI_UNIT($,.STERADIAN.) SOLID_ANGLE_UNIT() );
#939 = UNCERTAINTY_MEASURE_WITH_UNIT(LENGTH_MEASURE(1.E-07),#936,
  'distance_accuracy_value','confusion accuracy');
#940 = CONTEXT_DEPENDENT_SHAPE_REPRESENTATION(#941,#943);
#941 = ( REPRESENTATION_RELATIONSHIP('','',#80,#10) 
REPRESENTATION_RELATIONSHIP_WITH_TRANSFORMATION(#942) 
SHAPE_REPRESENTATION_RELATIONSHIP() );
#942 = ITEM_DEFINED_TRANSFORMATION('','',#11,#15);
#943 = PRODUCT_DEFINITION_SHAPE('Placement','Placement of an item',#944
  );
#944 = NEXT_ASSEMBLY_USAGE_OCCURRENCE('1','C2','',#5,#75,$);
#945 = PRODUCT_RELATED_PRODUCT_CATEGORY('part',$,(#77));
#946 = SHAPE_DEFINITION_REPRESENTATION(#947,#953);
#947 = PRODUCT_DEFINITION_SHAPE('','',#948);
#948 = PRODUCT_DEFINITION('design','',#949,#952);
#949 = PRODUCT_DEFINITION_FORMATION('','',#950);
#950 = PRODUCT('LED_0603_1608Metric','LED_0603_1608Metric','',(#951));
#951 = PRODUCT_CONTEXT('',#2,'mechanical');
#952 = PRODUCT_DEFINITION_CONTEXT('part definition',#2,'design');
#953 = ADVANCED_BREP_SHAPE_REPRESENTATION('',(#11,#954),#2477);
#954 = MANIFOLD_SOLID_BREP('',#955);
#955 = CLOSED_SHELL('',(#956,#996,#1043,#1122,#1146,#1186,#1217,#1234,
    #1267,#1291,#1358,#1479,#1546,#1570,#1601,#1634,#1690,#1714,#1738,
    #1762,#1795,#1807,#1870,#1895,#1912,#1936,#1954,#1972,#1990,#2007,
    #2024,#2055,#2080,#2105,#2129,#2146,#2177,#2201,#2218,#2246,#2271,
    #2295,#2320,#2367,#2384,#2396,#2418,#2430,#2448,#2466));
#956 = ADVANCED_FACE('',(#957),#991,.F.);
#957 = FACE_BOUND('',#958,.F.);
#958 = EDGE_LOOP('',(#959,#969,#977,#985));
#959 = ORIENTED_EDGE('',*,*,#960,.T.);
#960 = EDGE_CURVE('',#961,#963,#965,.T.);
#961 = VERTEX_POINT('',#962);
#962 = CARTESIAN_POINT('',(-0.5,-0.4,0.47));
#963 = VERTEX_POINT('',#964);
#964 = CARTESIAN_POINT('',(-0.45,-0.4,1.1));
#965 = LINE('',#966,#967);
#966 = CARTESIAN_POINT('',(-0.5,-0.4,0.47));
#967 = VECTOR('',#968,1.);
#968 = DIRECTION('',(7.911630099815E-02,0.,0.996865392576));
#969 = ORIENTED_EDGE('',*,*,#970,.T.);
#970 = EDGE_CURVE('',#963,#971,#973,.T.);
#971 = VERTEX_POINT('',#972);
#972 = CARTESIAN_POINT('',(0.45,-0.4,1.1));
#973 = LINE('',#974,#975);
#974 = CARTESIAN_POINT('',(-0.45,-0.4,1.1));
#975 = VECTOR('',#976,1.);
#976 = DIRECTION('',(1.,0.,0.));
#977 = ORIENTED_EDGE('',*,*,#978,.T.);
#978 = EDGE_CURVE('',#971,#979,#981,.T.);
#979 = VERTEX_POINT('',#980);
#980 = CARTESIAN_POINT('',(0.5,-0.4,0.47));
#981 = LINE('',#982,#983);
#982 = CARTESIAN_POINT('',(0.45,-0.4,1.1));
#983 = VECTOR('',#984,1.);
#984 = DIRECTION('',(7.911630099815E-02,0.,-0.996865392576));
#985 = ORIENTED_EDGE('',*,*,#986,.T.);
#986 = EDGE_CURVE('',#979,#961,#987,.T.);
#987 = LINE('',#988,#989);
#988 = CARTESIAN_POINT('',(0.5,-0.4,0.47));
#989 = VECTOR('',#990,1.);
#990 = DIRECTION('',(-1.,0.,0.));
#991 = PLANE('',#992);
#992 = AXIS2_PLACEMENT_3D('',#993,#994,#995);
#993 = CARTESIAN_POINT('',(-8.772411109409E-18,-0.4,0.775044128294));
#994 = DIRECTION('',(0.,1.,0.));
#995 = DIRECTION('',(0.,-0.,1.));
#996 = ADVANCED_FACE('',(#997),#1038,.T.);
#997 = FACE_BOUND('',#998,.T.);
#998 = EDGE_LOOP('',(#999,#1009,#1017,#1023,#1024,#1032));
#999 = ORIENTED_EDGE('',*,*,#1000,.T.);
#1000 = EDGE_CURVE('',#1001,#1003,#1005,.T.);
#1001 = VERTEX_POINT('',#1002);
#1002 = CARTESIAN_POINT('',(-0.5,0.4,0.47));
#1003 = VERTEX_POINT('',#1004);
#1004 = CARTESIAN_POINT('',(-0.5,0.3,0.47));
#1005 = LINE('',#1006,#1007);
#1006 = CARTESIAN_POINT('',(-0.5,0.4,0.47));
#1007 = VECTOR('',#1008,1.);
#1008 = DIRECTION('',(0.,-1.,0.));
#1009 = ORIENTED_EDGE('',*,*,#1010,.F.);
#1010 = EDGE_CURVE('',#1011,#1003,#1013,.T.);
#1011 = VERTEX_POINT('',#1012);
#1012 = CARTESIAN_POINT('',(-0.5,-0.3,0.47));
#1013 = LINE('',#1014,#1015);
#1014 = CARTESIAN_POINT('',(-0.5,-0.4,0.47));
#1015 = VECTOR('',#1016,1.);
#1016 = DIRECTION('',(0.,1.,0.));
#1017 = ORIENTED_EDGE('',*,*,#1018,.T.);
#1018 = EDGE_CURVE('',#1011,#961,#1019,.T.);
#1019 = LINE('',#1020,#1021);
#1020 = CARTESIAN_POINT('',(-0.5,0.4,0.47));
#1021 = VECTOR('',#1022,1.);
#1022 = DIRECTION('',(0.,-1.,0.));
#1023 = ORIENTED_EDGE('',*,*,#960,.T.);
#1024 = ORIENTED_EDGE('',*,*,#1025,.F.);
#1025 = EDGE_CURVE('',#1026,#963,#1028,.T.);
#1026 = VERTEX_POINT('',#1027);
#1027 = CARTESIAN_POINT('',(-0.45,0.4,1.1));
#1028 = LINE('',#1029,#1030);
#1029 = CARTESIAN_POINT('',(-0.45,0.4,1.1));
#1030 = VECTOR('',#1031,1.);
#1031 = DIRECTION('',(0.,-1.,0.));
#1032 = ORIENTED_EDGE('',*,*,#1033,.F.);
#1033 = EDGE_CURVE('',#1001,#1026,#1034,.T.);
#1034 = LINE('',#1035,#1036);
#1035 = CARTESIAN_POINT('',(-0.5,0.4,0.47));
#1036 = VECTOR('',#1037,1.);
#1037 = DIRECTION('',(7.911630099815E-02,0.,0.996865392576));
#1038 = PLANE('',#1039);
#1039 = AXIS2_PLACEMENT_3D('',#1040,#1041,#1042);
#1040 = CARTESIAN_POINT('',(-0.5,0.4,0.47));
#1041 = DIRECTION('',(-0.996865392576,0.,7.911630099815E-02));
#1042 = DIRECTION('',(7.911630099815E-02,0.,0.996865392576));
#1043 = ADVANCED_FACE('',(#1044),#1117,.F.);
#1044 = FACE_BOUND('',#1045,.F.);
#1045 = EDGE_LOOP('',(#1046,#1056,#1064,#1072,#1078,#1079,#1087,#1095,
    #1103,#1111));
#1046 = ORIENTED_EDGE('',*,*,#1047,.F.);
#1047 = EDGE_CURVE('',#1048,#1050,#1052,.T.);
#1048 = VERTEX_POINT('',#1049);
#1049 = CARTESIAN_POINT('',(-0.77,-0.4,3.E-02));
#1050 = VERTEX_POINT('',#1051);
#1051 = CARTESIAN_POINT('',(-0.725,-0.4,3.E-02));
#1052 = LINE('',#1053,#1054);
#1053 = CARTESIAN_POINT('',(-0.77,-0.4,3.E-02));
#1054 = VECTOR('',#1055,1.);
#1055 = DIRECTION('',(1.,0.,0.));
#1056 = ORIENTED_EDGE('',*,*,#1057,.T.);
#1057 = EDGE_CURVE('',#1048,#1058,#1060,.T.);
#1058 = VERTEX_POINT('',#1059);
#1059 = CARTESIAN_POINT('',(-0.77,-0.4,0.47));
#1060 = LINE('',#1061,#1062);
#1061 = CARTESIAN_POINT('',(-0.77,-0.4,3.E-02));
#1062 = VECTOR('',#1063,1.);
#1063 = DIRECTION('',(0.,0.,1.));
#1064 = ORIENTED_EDGE('',*,*,#1065,.T.);
#1065 = EDGE_CURVE('',#1058,#1066,#1068,.T.);
#1066 = VERTEX_POINT('',#1067);
#1067 = CARTESIAN_POINT('',(-0.725,-0.4,0.47));
#1068 = LINE('',#1069,#1070);
#1069 = CARTESIAN_POINT('',(-0.77,-0.4,0.47));
#1070 = VECTOR('',#1071,1.);
#1071 = DIRECTION('',(1.,0.,0.));
#1072 = ORIENTED_EDGE('',*,*,#1073,.T.);
#1073 = EDGE_CURVE('',#1066,#961,#1074,.T.);
#1074 = LINE('',#1075,#1076);
#1075 = CARTESIAN_POINT('',(-0.77,-0.4,0.47));
#1076 = VECTOR('',#1077,1.);
#1077 = DIRECTION('',(1.,0.,0.));
#1078 = ORIENTED_EDGE('',*,*,#986,.F.);
#1079 = ORIENTED_EDGE('',*,*,#1080,.T.);
#1080 = EDGE_CURVE('',#979,#1081,#1083,.T.);
#1081 = VERTEX_POINT('',#1082);
#1082 = CARTESIAN_POINT('',(0.725,-0.4,0.47));
#1083 = LINE('',#1084,#1085);
#1084 = CARTESIAN_POINT('',(-0.77,-0.4,0.47));
#1085 = VECTOR('',#1086,1.);
#1086 = DIRECTION('',(1.,0.,0.));
#1087 = ORIENTED_EDGE('',*,*,#1088,.T.);
#1088 = EDGE_CURVE('',#1081,#1089,#1091,.T.);
#1089 = VERTEX_POINT('',#1090);
#1090 = CARTESIAN_POINT('',(0.77,-0.4,0.47));
#1091 = LINE('',#1092,#1093);
#1092 = CARTESIAN_POINT('',(-0.77,-0.4,0.47));
#1093 = VECTOR('',#1094,1.);
#1094 = DIRECTION('',(1.,0.,0.));
#1095 = ORIENTED_EDGE('',*,*,#1096,.F.);
#1096 = EDGE_CURVE('',#1097,#1089,#1099,.T.);
#1097 = VERTEX_POINT('',#1098);
#1098 = CARTESIAN_POINT('',(0.77,-0.4,3.E-02));
#1099 = LINE('',#1100,#1101);
#1100 = CARTESIAN_POINT('',(0.77,-0.4,3.E-02));
#1101 = VECTOR('',#1102,1.);
#1102 = DIRECTION('',(0.,0.,1.));
#1103 = ORIENTED_EDGE('',*,*,#1104,.F.);
#1104 = EDGE_CURVE('',#1105,#1097,#1107,.T.);
#1105 = VERTEX_POINT('',#1106);
#1106 = CARTESIAN_POINT('',(0.725,-0.4,3.E-02));
#1107 = LINE('',#1108,#1109);
#1108 = CARTESIAN_POINT('',(-0.77,-0.4,3.E-02));
#1109 = VECTOR('',#1110,1.);
#1110 = DIRECTION('',(1.,0.,0.));
#1111 = ORIENTED_EDGE('',*,*,#1112,.F.);
#1112 = EDGE_CURVE('',#1050,#1105,#1113,.T.);
#1113 = LINE('',#1114,#1115);
#1114 = CARTESIAN_POINT('',(-0.77,-0.4,3.E-02));
#1115 = VECTOR('',#1116,1.);
#1116 = DIRECTION('',(1.,0.,0.));
#1117 = PLANE('',#1118);
#1118 = AXIS2_PLACEMENT_3D('',#1119,#1120,#1121);
#1119 = CARTESIAN_POINT('',(-0.77,-0.4,3.E-02));
#1120 = DIRECTION('',(0.,1.,0.));
#1121 = DIRECTION('',(0.,-0.,1.));
#1122 = ADVANCED_FACE('',(#1123),#1141,.T.);
#1123 = FACE_BOUND('',#1124,.T.);
#1124 = EDGE_LOOP('',(#1125,#1126,#1127,#1135));
#1125 = ORIENTED_EDGE('',*,*,#1025,.T.);
#1126 = ORIENTED_EDGE('',*,*,#970,.T.);
#1127 = ORIENTED_EDGE('',*,*,#1128,.F.);
#1128 = EDGE_CURVE('',#1129,#971,#1131,.T.);
#1129 = VERTEX_POINT('',#1130);
#1130 = CARTESIAN_POINT('',(0.45,0.4,1.1));
#1131 = LINE('',#1132,#1133);
#1132 = CARTESIAN_POINT('',(0.45,0.4,1.1));
#1133 = VECTOR('',#1134,1.);
#1134 = DIRECTION('',(0.,-1.,0.));
#1135 = ORIENTED_EDGE('',*,*,#1136,.F.);
#1136 = EDGE_CURVE('',#1026,#1129,#1137,.T.);
#1137 = LINE('',#1138,#1139);
#1138 = CARTESIAN_POINT('',(-0.45,0.4,1.1));
#1139 = VECTOR('',#1140,1.);
#1140 = DIRECTION('',(1.,0.,0.));
#1141 = PLANE('',#1142);
#1142 = AXIS2_PLACEMENT_3D('',#1143,#1144,#1145);
#1143 = CARTESIAN_POINT('',(-0.45,0.4,1.1));
#1144 = DIRECTION('',(0.,0.,1.));
#1145 = DIRECTION('',(1.,0.,-0.));
#1146 = ADVANCED_FACE('',(#1147),#1181,.T.);
#1147 = FACE_BOUND('',#1148,.T.);
#1148 = EDGE_LOOP('',(#1149,#1150,#1151,#1159,#1167,#1175));
#1149 = ORIENTED_EDGE('',*,*,#1128,.T.);
#1150 = ORIENTED_EDGE('',*,*,#978,.T.);
#1151 = ORIENTED_EDGE('',*,*,#1152,.F.);
#1152 = EDGE_CURVE('',#1153,#979,#1155,.T.);
#1153 = VERTEX_POINT('',#1154);
#1154 = CARTESIAN_POINT('',(0.5,-0.3,0.47));
#1155 = LINE('',#1156,#1157);
#1156 = CARTESIAN_POINT('',(0.5,0.4,0.47));
#1157 = VECTOR('',#1158,1.);
#1158 = DIRECTION('',(0.,-1.,0.));
#1159 = ORIENTED_EDGE('',*,*,#1160,.T.);
#1160 = EDGE_CURVE('',#1153,#1161,#1163,.T.);
#1161 = VERTEX_POINT('',#1162);
#1162 = CARTESIAN_POINT('',(0.5,0.3,0.47));
#1163 = LINE('',#1164,#1165);
#1164 = CARTESIAN_POINT('',(0.5,-0.4,0.47));
#1165 = VECTOR('',#1166,1.);
#1166 = DIRECTION('',(0.,1.,0.));
#1167 = ORIENTED_EDGE('',*,*,#1168,.F.);
#1168 = EDGE_CURVE('',#1169,#1161,#1171,.T.);
#1169 = VERTEX_POINT('',#1170);
#1170 = CARTESIAN_POINT('',(0.5,0.4,0.47));
#1171 = LINE('',#1172,#1173);
#1172 = CARTESIAN_POINT('',(0.5,0.4,0.47));
#1173 = VECTOR('',#1174,1.);
#1174 = DIRECTION('',(0.,-1.,0.));
#1175 = ORIENTED_EDGE('',*,*,#1176,.F.);
#1176 = EDGE_CURVE('',#1129,#1169,#1177,.T.);
#1177 = LINE('',#1178,#1179);
#1178 = CARTESIAN_POINT('',(0.45,0.4,1.1));
#1179 = VECTOR('',#1180,1.);
#1180 = DIRECTION('',(7.911630099815E-02,0.,-0.996865392576));
#1181 = PLANE('',#1182);
#1182 = AXIS2_PLACEMENT_3D('',#1183,#1184,#1185);
#1183 = CARTESIAN_POINT('',(0.45,0.4,1.1));
#1184 = DIRECTION('',(0.996865392576,0.,7.911630099815E-02));
#1185 = DIRECTION('',(7.911630099815E-02,0.,-0.996865392576));
#1186 = ADVANCED_FACE('',(#1187),#1212,.T.);
#1187 = FACE_BOUND('',#1188,.T.);
#1188 = EDGE_LOOP('',(#1189,#1197,#1205,#1211));
#1189 = ORIENTED_EDGE('',*,*,#1190,.F.);
#1190 = EDGE_CURVE('',#1191,#1001,#1193,.T.);
#1191 = VERTEX_POINT('',#1192);
#1192 = CARTESIAN_POINT('',(-0.725,0.4,0.47));
#1193 = LINE('',#1194,#1195);
#1194 = CARTESIAN_POINT('',(-0.77,0.4,0.47));
#1195 = VECTOR('',#1196,1.);
#1196 = DIRECTION('',(1.,0.,0.));
#1197 = ORIENTED_EDGE('',*,*,#1198,.F.);
#1198 = EDGE_CURVE('',#1199,#1191,#1201,.T.);
#1199 = VERTEX_POINT('',#1200);
#1200 = CARTESIAN_POINT('',(-0.725,0.3,0.47));
#1201 = LINE('',#1202,#1203);
#1202 = CARTESIAN_POINT('',(-0.725,5.E-02,0.47));
#1203 = VECTOR('',#1204,1.);
#1204 = DIRECTION('',(0.,1.,0.));
#1205 = ORIENTED_EDGE('',*,*,#1206,.F.);
#1206 = EDGE_CURVE('',#1003,#1199,#1207,.T.);
#1207 = LINE('',#1208,#1209);
#1208 = CARTESIAN_POINT('',(-0.7475,0.3,0.47));
#1209 = VECTOR('',#1210,1.);
#1210 = DIRECTION('',(-1.,0.,0.));
#1211 = ORIENTED_EDGE('',*,*,#1000,.F.);
#1212 = PLANE('',#1213);
#1213 = AXIS2_PLACEMENT_3D('',#1214,#1215,#1216);
#1214 = CARTESIAN_POINT('',(-0.77,-0.4,0.47));
#1215 = DIRECTION('',(0.,0.,1.));
#1216 = DIRECTION('',(1.,0.,-0.));
#1217 = ADVANCED_FACE('',(#1218),#1229,.T.);
#1218 = FACE_BOUND('',#1219,.T.);
#1219 = EDGE_LOOP('',(#1220,#1221,#1222,#1223));
#1220 = ORIENTED_EDGE('',*,*,#1033,.T.);
#1221 = ORIENTED_EDGE('',*,*,#1136,.T.);
#1222 = ORIENTED_EDGE('',*,*,#1176,.T.);
#1223 = ORIENTED_EDGE('',*,*,#1224,.T.);
#1224 = EDGE_CURVE('',#1169,#1001,#1225,.T.);
#1225 = LINE('',#1226,#1227);
#1226 = CARTESIAN_POINT('',(0.5,0.4,0.47));
#1227 = VECTOR('',#1228,1.);
#1228 = DIRECTION('',(-1.,0.,0.));
#1229 = PLANE('',#1230);
#1230 = AXIS2_PLACEMENT_3D('',#1231,#1232,#1233);
#1231 = CARTESIAN_POINT('',(-8.772411109409E-18,0.4,0.775044128294));
#1232 = DIRECTION('',(0.,1.,0.));
#1233 = DIRECTION('',(0.,-0.,1.));
#1234 = ADVANCED_FACE('',(#1235),#1262,.T.);
#1235 = FACE_BOUND('',#1236,.T.);
#1236 = EDGE_LOOP('',(#1237,#1246,#1254,#1261));
#1237 = ORIENTED_EDGE('',*,*,#1238,.F.);
#1238 = EDGE_CURVE('',#1239,#1003,#1241,.T.);
#1239 = VERTEX_POINT('',#1240);
#1240 = CARTESIAN_POINT('',(-0.53,0.3,0.5));
#1241 = CIRCLE('',#1242,3.E-02);
#1242 = AXIS2_PLACEMENT_3D('',#1243,#1244,#1245);
#1243 = CARTESIAN_POINT('',(-0.53,0.3,0.47));
#1244 = DIRECTION('',(-0.,1.,0.));
#1245 = DIRECTION('',(1.,0.,0.));
#1246 = ORIENTED_EDGE('',*,*,#1247,.F.);
#1247 = EDGE_CURVE('',#1248,#1239,#1250,.T.);
#1248 = VERTEX_POINT('',#1249);
#1249 = CARTESIAN_POINT('',(-0.53,-0.3,0.5));
#1250 = LINE('',#1251,#1252);
#1251 = CARTESIAN_POINT('',(-0.53,-0.4,0.5));
#1252 = VECTOR('',#1253,1.);
#1253 = DIRECTION('',(0.,1.,0.));
#1254 = ORIENTED_EDGE('',*,*,#1255,.T.);
#1255 = EDGE_CURVE('',#1248,#1011,#1256,.T.);
#1256 = CIRCLE('',#1257,3.E-02);
#1257 = AXIS2_PLACEMENT_3D('',#1258,#1259,#1260);
#1258 = CARTESIAN_POINT('',(-0.53,-0.3,0.47));
#1259 = DIRECTION('',(-0.,1.,0.));
#1260 = DIRECTION('',(1.,0.,0.));
#1261 = ORIENTED_EDGE('',*,*,#1010,.T.);
#1262 = CYLINDRICAL_SURFACE('',#1263,3.E-02);
#1263 = AXIS2_PLACEMENT_3D('',#1264,#1265,#1266);
#1264 = CARTESIAN_POINT('',(-0.53,-0.4,0.47));
#1265 = DIRECTION('',(0.,1.,0.));
#1266 = DIRECTION('',(1.,0.,0.));
#1267 = ADVANCED_FACE('',(#1268),#1286,.T.);
#1268 = FACE_BOUND('',#1269,.T.);
#1269 = EDGE_LOOP('',(#1270,#1278,#1279,#1280));
#1270 = ORIENTED_EDGE('',*,*,#1271,.F.);
#1271 = EDGE_CURVE('',#1066,#1272,#1274,.T.);
#1272 = VERTEX_POINT('',#1273);
#1273 = CARTESIAN_POINT('',(-0.725,-0.3,0.47));
#1274 = LINE('',#1275,#1276);
#1275 = CARTESIAN_POINT('',(-0.725,-0.35,0.47));
#1276 = VECTOR('',#1277,1.);
#1277 = DIRECTION('',(0.,1.,0.));
#1278 = ORIENTED_EDGE('',*,*,#1073,.T.);
#1279 = ORIENTED_EDGE('',*,*,#1018,.F.);
#1280 = ORIENTED_EDGE('',*,*,#1281,.F.);
#1281 = EDGE_CURVE('',#1272,#1011,#1282,.T.);
#1282 = LINE('',#1283,#1284);
#1283 = CARTESIAN_POINT('',(-2.25E-02,-0.3,0.47));
#1284 = VECTOR('',#1285,1.);
#1285 = DIRECTION('',(1.,0.,0.));
#1286 = PLANE('',#1287);
#1287 = AXIS2_PLACEMENT_3D('',#1288,#1289,#1290);
#1288 = CARTESIAN_POINT('',(-0.77,-0.4,0.47));
#1289 = DIRECTION('',(0.,0.,1.));
#1290 = DIRECTION('',(1.,0.,-0.));
#1291 = ADVANCED_FACE('',(#1292),#1353,.F.);
#1292 = FACE_BOUND('',#1293,.F.);
#1293 = EDGE_LOOP('',(#1294,#1304,#1313,#1321,#1330,#1338,#1344,#1345,
    #1346,#1347));
#1294 = ORIENTED_EDGE('',*,*,#1295,.F.);
#1295 = EDGE_CURVE('',#1296,#1298,#1300,.T.);
#1296 = VERTEX_POINT('',#1297);
#1297 = CARTESIAN_POINT('',(-0.77,-0.4,-3.469446951954E-18));
#1298 = VERTEX_POINT('',#1299);
#1299 = CARTESIAN_POINT('',(-0.725,-0.4,0.));
#1300 = LINE('',#1301,#1302);
#1301 = CARTESIAN_POINT('',(-0.8,-0.4,0.));
#1302 = VECTOR('',#1303,1.);
#1303 = DIRECTION('',(1.,0.,0.));
#1304 = ORIENTED_EDGE('',*,*,#1305,.F.);
#1305 = EDGE_CURVE('',#1306,#1296,#1308,.T.);
#1306 = VERTEX_POINT('',#1307);
#1307 = CARTESIAN_POINT('',(-0.8,-0.4,3.E-02));
#1308 = CIRCLE('',#1309,3.E-02);
#1309 = AXIS2_PLACEMENT_3D('',#1310,#1311,#1312);
#1310 = CARTESIAN_POINT('',(-0.77,-0.4,3.E-02));
#1311 = DIRECTION('',(0.,-1.,0.));
#1312 = DIRECTION('',(0.,0.,1.));
#1313 = ORIENTED_EDGE('',*,*,#1314,.T.);
#1314 = EDGE_CURVE('',#1306,#1315,#1317,.T.);
#1315 = VERTEX_POINT('',#1316);
#1316 = CARTESIAN_POINT('',(-0.8,-0.4,0.47));
#1317 = LINE('',#1318,#1319);
#1318 = CARTESIAN_POINT('',(-0.8,-0.4,0.));
#1319 = VECTOR('',#1320,1.);
#1320 = DIRECTION('',(0.,0.,1.));
#1321 = ORIENTED_EDGE('',*,*,#1322,.T.);
#1322 = EDGE_CURVE('',#1315,#1323,#1325,.T.);
#1323 = VERTEX_POINT('',#1324);
#1324 = CARTESIAN_POINT('',(-0.77,-0.4,0.5));
#1325 = CIRCLE('',#1326,3.E-02);
#1326 = AXIS2_PLACEMENT_3D('',#1327,#1328,#1329);
#1327 = CARTESIAN_POINT('',(-0.77,-0.4,0.47));
#1328 = DIRECTION('',(0.,1.,0.));
#1329 = DIRECTION('',(0.,-0.,1.));
#1330 = ORIENTED_EDGE('',*,*,#1331,.T.);
#1331 = EDGE_CURVE('',#1323,#1332,#1334,.T.);
#1332 = VERTEX_POINT('',#1333);
#1333 = CARTESIAN_POINT('',(-0.725,-0.4,0.5));
#1334 = LINE('',#1335,#1336);
#1335 = CARTESIAN_POINT('',(-0.8,-0.4,0.5));
#1336 = VECTOR('',#1337,1.);
#1337 = DIRECTION('',(1.,0.,0.));
#1338 = ORIENTED_EDGE('',*,*,#1339,.F.);
#1339 = EDGE_CURVE('',#1066,#1332,#1340,.T.);
#1340 = LINE('',#1341,#1342);
#1341 = CARTESIAN_POINT('',(-0.725,-0.4,0.375));
#1342 = VECTOR('',#1343,1.);
#1343 = DIRECTION('',(0.,0.,1.));
#1344 = ORIENTED_EDGE('',*,*,#1065,.F.);
#1345 = ORIENTED_EDGE('',*,*,#1057,.F.);
#1346 = ORIENTED_EDGE('',*,*,#1047,.T.);
#1347 = ORIENTED_EDGE('',*,*,#1348,.F.);
#1348 = EDGE_CURVE('',#1298,#1050,#1349,.T.);
#1349 = LINE('',#1350,#1351);
#1350 = CARTESIAN_POINT('',(-0.725,-0.4,0.375));
#1351 = VECTOR('',#1352,1.);
#1352 = DIRECTION('',(0.,0.,1.));
#1353 = PLANE('',#1354);
#1354 = AXIS2_PLACEMENT_3D('',#1355,#1356,#1357);
#1355 = CARTESIAN_POINT('',(-0.8,-0.4,0.));
#1356 = DIRECTION('',(0.,1.,0.));
#1357 = DIRECTION('',(0.,-0.,1.));
#1358 = ADVANCED_FACE('',(#1359,#1448),#1474,.F.);
#1359 = FACE_BOUND('',#1360,.F.);
#1360 = EDGE_LOOP('',(#1361,#1369,#1370,#1378,#1386,#1394,#1402,#1410,
    #1418,#1426,#1434,#1442));
#1361 = ORIENTED_EDGE('',*,*,#1362,.F.);
#1362 = EDGE_CURVE('',#1050,#1363,#1365,.T.);
#1363 = VERTEX_POINT('',#1364);
#1364 = CARTESIAN_POINT('',(-0.725,-0.3,3.E-02));
#1365 = LINE('',#1366,#1367);
#1366 = CARTESIAN_POINT('',(-0.725,-0.35,3.E-02));
#1367 = VECTOR('',#1368,1.);
#1368 = DIRECTION('',(0.,1.,0.));
#1369 = ORIENTED_EDGE('',*,*,#1112,.T.);
#1370 = ORIENTED_EDGE('',*,*,#1371,.F.);
#1371 = EDGE_CURVE('',#1372,#1105,#1374,.T.);
#1372 = VERTEX_POINT('',#1373);
#1373 = CARTESIAN_POINT('',(0.725,-0.3,3.E-02));
#1374 = LINE('',#1375,#1376);
#1375 = CARTESIAN_POINT('',(0.725,-0.45,3.E-02));
#1376 = VECTOR('',#1377,1.);
#1377 = DIRECTION('',(0.,-1.,0.));
#1378 = ORIENTED_EDGE('',*,*,#1379,.F.);
#1379 = EDGE_CURVE('',#1380,#1372,#1382,.T.);
#1380 = VERTEX_POINT('',#1381);
#1381 = CARTESIAN_POINT('',(0.5,-0.3,3.E-02));
#1382 = LINE('',#1383,#1384);
#1383 = CARTESIAN_POINT('',(-2.25E-02,-0.3,3.E-02));
#1384 = VECTOR('',#1385,1.);
#1385 = DIRECTION('',(1.,0.,0.));
#1386 = ORIENTED_EDGE('',*,*,#1387,.T.);
#1387 = EDGE_CURVE('',#1380,#1388,#1390,.T.);
#1388 = VERTEX_POINT('',#1389);
#1389 = CARTESIAN_POINT('',(0.5,0.3,3.E-02));
#1390 = LINE('',#1391,#1392);
#1391 = CARTESIAN_POINT('',(0.5,-0.4,3.E-02));
#1392 = VECTOR('',#1393,1.);
#1393 = DIRECTION('',(0.,1.,0.));
#1394 = ORIENTED_EDGE('',*,*,#1395,.F.);
#1395 = EDGE_CURVE('',#1396,#1388,#1398,.T.);
#1396 = VERTEX_POINT('',#1397);
#1397 = CARTESIAN_POINT('',(0.725,0.3,3.E-02));
#1398 = LINE('',#1399,#1400);
#1399 = CARTESIAN_POINT('',(-0.7475,0.3,3.E-02));
#1400 = VECTOR('',#1401,1.);
#1401 = DIRECTION('',(-1.,0.,0.));
#1402 = ORIENTED_EDGE('',*,*,#1403,.F.);
#1403 = EDGE_CURVE('',#1404,#1396,#1406,.T.);
#1404 = VERTEX_POINT('',#1405);
#1405 = CARTESIAN_POINT('',(0.725,0.4,3.E-02));
#1406 = LINE('',#1407,#1408);
#1407 = CARTESIAN_POINT('',(0.725,-5.E-02,3.E-02));
#1408 = VECTOR('',#1409,1.);
#1409 = DIRECTION('',(0.,-1.,0.));
#1410 = ORIENTED_EDGE('',*,*,#1411,.F.);
#1411 = EDGE_CURVE('',#1412,#1404,#1414,.T.);
#1412 = VERTEX_POINT('',#1413);
#1413 = CARTESIAN_POINT('',(-0.725,0.4,3.E-02));
#1414 = LINE('',#1415,#1416);
#1415 = CARTESIAN_POINT('',(-0.77,0.4,3.E-02));
#1416 = VECTOR('',#1417,1.);
#1417 = DIRECTION('',(1.,0.,0.));
#1418 = ORIENTED_EDGE('',*,*,#1419,.F.);
#1419 = EDGE_CURVE('',#1420,#1412,#1422,.T.);
#1420 = VERTEX_POINT('',#1421);
#1421 = CARTESIAN_POINT('',(-0.725,0.3,3.E-02));
#1422 = LINE('',#1423,#1424);
#1423 = CARTESIAN_POINT('',(-0.725,5.E-02,3.E-02));
#1424 = VECTOR('',#1425,1.);
#1425 = DIRECTION('',(0.,1.,0.));
#1426 = ORIENTED_EDGE('',*,*,#1427,.F.);
#1427 = EDGE_CURVE('',#1428,#1420,#1430,.T.);
#1428 = VERTEX_POINT('',#1429);
#1429 = CARTESIAN_POINT('',(-0.5,0.3,3.E-02));
#1430 = LINE('',#1431,#1432);
#1431 = CARTESIAN_POINT('',(-0.7475,0.3,3.E-02));
#1432 = VECTOR('',#1433,1.);
#1433 = DIRECTION('',(-1.,0.,0.));
#1434 = ORIENTED_EDGE('',*,*,#1435,.F.);
#1435 = EDGE_CURVE('',#1436,#1428,#1438,.T.);
#1436 = VERTEX_POINT('',#1437);
#1437 = CARTESIAN_POINT('',(-0.5,-0.3,3.E-02));
#1438 = LINE('',#1439,#1440);
#1439 = CARTESIAN_POINT('',(-0.5,-0.4,3.E-02));
#1440 = VECTOR('',#1441,1.);
#1441 = DIRECTION('',(0.,1.,0.));
#1442 = ORIENTED_EDGE('',*,*,#1443,.F.);
#1443 = EDGE_CURVE('',#1363,#1436,#1444,.T.);
#1444 = LINE('',#1445,#1446);
#1445 = CARTESIAN_POINT('',(-2.25E-02,-0.3,3.E-02));
#1446 = VECTOR('',#1447,1.);
#1447 = DIRECTION('',(1.,0.,0.));
#1448 = FACE_BOUND('',#1449,.F.);
#1449 = EDGE_LOOP('',(#1450,#1460,#1468));
#1450 = ORIENTED_EDGE('',*,*,#1451,.T.);
#1451 = EDGE_CURVE('',#1452,#1454,#1456,.T.);
#1452 = VERTEX_POINT('',#1453);
#1453 = CARTESIAN_POINT('',(0.277128129211,0.32,3.E-02));
#1454 = VERTEX_POINT('',#1455);
#1455 = CARTESIAN_POINT('',(0.277128129211,-0.32,3.E-02));
#1456 = LINE('',#1457,#1458);
#1457 = CARTESIAN_POINT('',(0.277128129211,0.32,3.E-02));
#1458 = VECTOR('',#1459,1.);
#1459 = DIRECTION('',(0.,-1.,0.));
#1460 = ORIENTED_EDGE('',*,*,#1461,.T.);
#1461 = EDGE_CURVE('',#1454,#1462,#1464,.T.);
#1462 = VERTEX_POINT('',#1463);
#1463 = CARTESIAN_POINT('',(-0.277128129211,0.,3.E-02));
#1464 = LINE('',#1465,#1466);
#1465 = CARTESIAN_POINT('',(0.277128129211,-0.32,3.E-02));
#1466 = VECTOR('',#1467,1.);
#1467 = DIRECTION('',(-0.866025403784,0.5,0.));
#1468 = ORIENTED_EDGE('',*,*,#1469,.T.);
#1469 = EDGE_CURVE('',#1462,#1452,#1470,.T.);
#1470 = LINE('',#1471,#1472);
#1471 = CARTESIAN_POINT('',(-0.277128129211,0.,3.E-02));
#1472 = VECTOR('',#1473,1.);
#1473 = DIRECTION('',(0.866025403784,0.5,0.));
#1474 = PLANE('',#1475);
#1475 = AXIS2_PLACEMENT_3D('',#1476,#1477,#1478);
#1476 = CARTESIAN_POINT('',(-0.77,-0.4,3.E-02));
#1477 = DIRECTION('',(0.,0.,1.));
#1478 = DIRECTION('',(1.,0.,-0.));
#1479 = ADVANCED_FACE('',(#1480),#1541,.F.);
#1480 = FACE_BOUND('',#1481,.F.);
#1481 = EDGE_LOOP('',(#1482,#1492,#1498,#1499,#1500,#1501,#1509,#1517,
    #1526,#1534));
#1482 = ORIENTED_EDGE('',*,*,#1483,.F.);
#1483 = EDGE_CURVE('',#1484,#1486,#1488,.T.);
#1484 = VERTEX_POINT('',#1485);
#1485 = CARTESIAN_POINT('',(0.725,-0.4,0.));
#1486 = VERTEX_POINT('',#1487);
#1487 = CARTESIAN_POINT('',(0.77,-0.4,-3.469446951954E-18));
#1488 = LINE('',#1489,#1490);
#1489 = CARTESIAN_POINT('',(0.5,-0.4,0.));
#1490 = VECTOR('',#1491,1.);
#1491 = DIRECTION('',(1.,0.,0.));
#1492 = ORIENTED_EDGE('',*,*,#1493,.F.);
#1493 = EDGE_CURVE('',#1105,#1484,#1494,.T.);
#1494 = LINE('',#1495,#1496);
#1495 = CARTESIAN_POINT('',(0.725,-0.4,0.375));
#1496 = VECTOR('',#1497,1.);
#1497 = DIRECTION('',(0.,0.,-1.));
#1498 = ORIENTED_EDGE('',*,*,#1104,.T.);
#1499 = ORIENTED_EDGE('',*,*,#1096,.T.);
#1500 = ORIENTED_EDGE('',*,*,#1088,.F.);
#1501 = ORIENTED_EDGE('',*,*,#1502,.F.);
#1502 = EDGE_CURVE('',#1503,#1081,#1505,.T.);
#1503 = VERTEX_POINT('',#1504);
#1504 = CARTESIAN_POINT('',(0.725,-0.4,0.5));
#1505 = LINE('',#1506,#1507);
#1506 = CARTESIAN_POINT('',(0.725,-0.4,0.375));
#1507 = VECTOR('',#1508,1.);
#1508 = DIRECTION('',(0.,0.,-1.));
#1509 = ORIENTED_EDGE('',*,*,#1510,.T.);
#1510 = EDGE_CURVE('',#1503,#1511,#1513,.T.);
#1511 = VERTEX_POINT('',#1512);
#1512 = CARTESIAN_POINT('',(0.77,-0.4,0.5));
#1513 = LINE('',#1514,#1515);
#1514 = CARTESIAN_POINT('',(0.5,-0.4,0.5));
#1515 = VECTOR('',#1516,1.);
#1516 = DIRECTION('',(1.,0.,0.));
#1517 = ORIENTED_EDGE('',*,*,#1518,.F.);
#1518 = EDGE_CURVE('',#1519,#1511,#1521,.T.);
#1519 = VERTEX_POINT('',#1520);
#1520 = CARTESIAN_POINT('',(0.8,-0.4,0.47));
#1521 = CIRCLE('',#1522,3.E-02);
#1522 = AXIS2_PLACEMENT_3D('',#1523,#1524,#1525);
#1523 = CARTESIAN_POINT('',(0.77,-0.4,0.47));
#1524 = DIRECTION('',(0.,-1.,0.));
#1525 = DIRECTION('',(0.,0.,1.));
#1526 = ORIENTED_EDGE('',*,*,#1527,.F.);
#1527 = EDGE_CURVE('',#1528,#1519,#1530,.T.);
#1528 = VERTEX_POINT('',#1529);
#1529 = CARTESIAN_POINT('',(0.8,-0.4,3.E-02));
#1530 = LINE('',#1531,#1532);
#1531 = CARTESIAN_POINT('',(0.8,-0.4,0.));
#1532 = VECTOR('',#1533,1.);
#1533 = DIRECTION('',(0.,0.,1.));
#1534 = ORIENTED_EDGE('',*,*,#1535,.T.);
#1535 = EDGE_CURVE('',#1528,#1486,#1536,.T.);
#1536 = CIRCLE('',#1537,3.E-02);
#1537 = AXIS2_PLACEMENT_3D('',#1538,#1539,#1540);
#1538 = CARTESIAN_POINT('',(0.77,-0.4,3.E-02));
#1539 = DIRECTION('',(0.,1.,0.));
#1540 = DIRECTION('',(0.,-0.,1.));
#1541 = PLANE('',#1542);
#1542 = AXIS2_PLACEMENT_3D('',#1543,#1544,#1545);
#1543 = CARTESIAN_POINT('',(0.5,-0.4,0.));
#1544 = DIRECTION('',(0.,1.,0.));
#1545 = DIRECTION('',(0.,-0.,1.));
#1546 = ADVANCED_FACE('',(#1547),#1565,.T.);
#1547 = FACE_BOUND('',#1548,.T.);
#1548 = EDGE_LOOP('',(#1549,#1557,#1558,#1559));
#1549 = ORIENTED_EDGE('',*,*,#1550,.F.);
#1550 = EDGE_CURVE('',#1153,#1551,#1553,.T.);
#1551 = VERTEX_POINT('',#1552);
#1552 = CARTESIAN_POINT('',(0.725,-0.3,0.47));
#1553 = LINE('',#1554,#1555);
#1554 = CARTESIAN_POINT('',(-2.25E-02,-0.3,0.47));
#1555 = VECTOR('',#1556,1.);
#1556 = DIRECTION('',(1.,0.,0.));
#1557 = ORIENTED_EDGE('',*,*,#1152,.T.);
#1558 = ORIENTED_EDGE('',*,*,#1080,.T.);
#1559 = ORIENTED_EDGE('',*,*,#1560,.F.);
#1560 = EDGE_CURVE('',#1551,#1081,#1561,.T.);
#1561 = LINE('',#1562,#1563);
#1562 = CARTESIAN_POINT('',(0.725,-0.45,0.47));
#1563 = VECTOR('',#1564,1.);
#1564 = DIRECTION('',(0.,-1.,0.));
#1565 = PLANE('',#1566);
#1566 = AXIS2_PLACEMENT_3D('',#1567,#1568,#1569);
#1567 = CARTESIAN_POINT('',(-0.77,-0.4,0.47));
#1568 = DIRECTION('',(0.,0.,1.));
#1569 = DIRECTION('',(1.,0.,-0.));
#1570 = ADVANCED_FACE('',(#1571),#1596,.T.);
#1571 = FACE_BOUND('',#1572,.T.);
#1572 = EDGE_LOOP('',(#1573,#1581,#1582,#1590));
#1573 = ORIENTED_EDGE('',*,*,#1574,.F.);
#1574 = EDGE_CURVE('',#1169,#1575,#1577,.T.);
#1575 = VERTEX_POINT('',#1576);
#1576 = CARTESIAN_POINT('',(0.725,0.4,0.47));
#1577 = LINE('',#1578,#1579);
#1578 = CARTESIAN_POINT('',(-0.77,0.4,0.47));
#1579 = VECTOR('',#1580,1.);
#1580 = DIRECTION('',(1.,0.,0.));
#1581 = ORIENTED_EDGE('',*,*,#1168,.T.);
#1582 = ORIENTED_EDGE('',*,*,#1583,.F.);
#1583 = EDGE_CURVE('',#1584,#1161,#1586,.T.);
#1584 = VERTEX_POINT('',#1585);
#1585 = CARTESIAN_POINT('',(0.725,0.3,0.47));
#1586 = LINE('',#1587,#1588);
#1587 = CARTESIAN_POINT('',(-0.7475,0.3,0.47));
#1588 = VECTOR('',#1589,1.);
#1589 = DIRECTION('',(-1.,0.,0.));
#1590 = ORIENTED_EDGE('',*,*,#1591,.F.);
#1591 = EDGE_CURVE('',#1575,#1584,#1592,.T.);
#1592 = LINE('',#1593,#1594);
#1593 = CARTESIAN_POINT('',(0.725,-5.E-02,0.47));
#1594 = VECTOR('',#1595,1.);
#1595 = DIRECTION('',(0.,-1.,0.));
#1596 = PLANE('',#1597);
#1597 = AXIS2_PLACEMENT_3D('',#1598,#1599,#1600);
#1598 = CARTESIAN_POINT('',(-0.77,-0.4,0.47));
#1599 = DIRECTION('',(0.,0.,1.));
#1600 = DIRECTION('',(1.,0.,-0.));
#1601 = ADVANCED_FACE('',(#1602),#1629,.T.);
#1602 = FACE_BOUND('',#1603,.T.);
#1603 = EDGE_LOOP('',(#1604,#1605,#1614,#1622));
#1604 = ORIENTED_EDGE('',*,*,#1160,.F.);
#1605 = ORIENTED_EDGE('',*,*,#1606,.T.);
#1606 = EDGE_CURVE('',#1153,#1607,#1609,.T.);
#1607 = VERTEX_POINT('',#1608);
#1608 = CARTESIAN_POINT('',(0.53,-0.3,0.5));
#1609 = CIRCLE('',#1610,3.E-02);
#1610 = AXIS2_PLACEMENT_3D('',#1611,#1612,#1613);
#1611 = CARTESIAN_POINT('',(0.53,-0.3,0.47));
#1612 = DIRECTION('',(0.,1.,-0.));
#1613 = DIRECTION('',(-1.,0.,0.));
#1614 = ORIENTED_EDGE('',*,*,#1615,.T.);
#1615 = EDGE_CURVE('',#1607,#1616,#1618,.T.);
#1616 = VERTEX_POINT('',#1617);
#1617 = CARTESIAN_POINT('',(0.53,0.3,0.5));
#1618 = LINE('',#1619,#1620);
#1619 = CARTESIAN_POINT('',(0.53,-0.4,0.5));
#1620 = VECTOR('',#1621,1.);
#1621 = DIRECTION('',(0.,1.,0.));
#1622 = ORIENTED_EDGE('',*,*,#1623,.F.);
#1623 = EDGE_CURVE('',#1161,#1616,#1624,.T.);
#1624 = CIRCLE('',#1625,3.E-02);
#1625 = AXIS2_PLACEMENT_3D('',#1626,#1627,#1628);
#1626 = CARTESIAN_POINT('',(0.53,0.3,0.47));
#1627 = DIRECTION('',(0.,1.,-0.));
#1628 = DIRECTION('',(-1.,0.,0.));
#1629 = CYLINDRICAL_SURFACE('',#1630,3.E-02);
#1630 = AXIS2_PLACEMENT_3D('',#1631,#1632,#1633);
#1631 = CARTESIAN_POINT('',(0.53,-0.4,0.47));
#1632 = DIRECTION('',(0.,1.,0.));
#1633 = DIRECTION('',(-1.,0.,0.));
#1634 = ADVANCED_FACE('',(#1635),#1685,.T.);
#1635 = FACE_BOUND('',#1636,.T.);
#1636 = EDGE_LOOP('',(#1637,#1645,#1653,#1659,#1660,#1661,#1662,#1670,
    #1678,#1684));
#1637 = ORIENTED_EDGE('',*,*,#1638,.F.);
#1638 = EDGE_CURVE('',#1639,#1412,#1641,.T.);
#1639 = VERTEX_POINT('',#1640);
#1640 = CARTESIAN_POINT('',(-0.77,0.4,3.E-02));
#1641 = LINE('',#1642,#1643);
#1642 = CARTESIAN_POINT('',(-0.77,0.4,3.E-02));
#1643 = VECTOR('',#1644,1.);
#1644 = DIRECTION('',(1.,0.,0.));
#1645 = ORIENTED_EDGE('',*,*,#1646,.T.);
#1646 = EDGE_CURVE('',#1639,#1647,#1649,.T.);
#1647 = VERTEX_POINT('',#1648);
#1648 = CARTESIAN_POINT('',(-0.77,0.4,0.47));
#1649 = LINE('',#1650,#1651);
#1650 = CARTESIAN_POINT('',(-0.77,0.4,3.E-02));
#1651 = VECTOR('',#1652,1.);
#1652 = DIRECTION('',(0.,0.,1.));
#1653 = ORIENTED_EDGE('',*,*,#1654,.T.);
#1654 = EDGE_CURVE('',#1647,#1191,#1655,.T.);
#1655 = LINE('',#1656,#1657);
#1656 = CARTESIAN_POINT('',(-0.77,0.4,0.47));
#1657 = VECTOR('',#1658,1.);
#1658 = DIRECTION('',(1.,0.,0.));
#1659 = ORIENTED_EDGE('',*,*,#1190,.T.);
#1660 = ORIENTED_EDGE('',*,*,#1224,.F.);
#1661 = ORIENTED_EDGE('',*,*,#1574,.T.);
#1662 = ORIENTED_EDGE('',*,*,#1663,.T.);
#1663 = EDGE_CURVE('',#1575,#1664,#1666,.T.);
#1664 = VERTEX_POINT('',#1665);
#1665 = CARTESIAN_POINT('',(0.77,0.4,0.47));
#1666 = LINE('',#1667,#1668);
#1667 = CARTESIAN_POINT('',(-0.77,0.4,0.47));
#1668 = VECTOR('',#1669,1.);
#1669 = DIRECTION('',(1.,0.,0.));
#1670 = ORIENTED_EDGE('',*,*,#1671,.F.);
#1671 = EDGE_CURVE('',#1672,#1664,#1674,.T.);
#1672 = VERTEX_POINT('',#1673);
#1673 = CARTESIAN_POINT('',(0.77,0.4,3.E-02));
#1674 = LINE('',#1675,#1676);
#1675 = CARTESIAN_POINT('',(0.77,0.4,3.E-02));
#1676 = VECTOR('',#1677,1.);
#1677 = DIRECTION('',(0.,0.,1.));
#1678 = ORIENTED_EDGE('',*,*,#1679,.F.);
#1679 = EDGE_CURVE('',#1404,#1672,#1680,.T.);
#1680 = LINE('',#1681,#1682);
#1681 = CARTESIAN_POINT('',(-0.77,0.4,3.E-02));
#1682 = VECTOR('',#1683,1.);
#1683 = DIRECTION('',(1.,0.,0.));
#1684 = ORIENTED_EDGE('',*,*,#1411,.F.);
#1685 = PLANE('',#1686);
#1686 = AXIS2_PLACEMENT_3D('',#1687,#1688,#1689);
#1687 = CARTESIAN_POINT('',(-0.77,0.4,3.E-02));
#1688 = DIRECTION('',(0.,1.,0.));
#1689 = DIRECTION('',(0.,-0.,1.));
#1690 = ADVANCED_FACE('',(#1691),#1709,.F.);
#1691 = FACE_BOUND('',#1692,.F.);
#1692 = EDGE_LOOP('',(#1693,#1701,#1707,#1708));
#1693 = ORIENTED_EDGE('',*,*,#1694,.F.);
#1694 = EDGE_CURVE('',#1695,#1239,#1697,.T.);
#1695 = VERTEX_POINT('',#1696);
#1696 = CARTESIAN_POINT('',(-0.725,0.3,0.5));
#1697 = LINE('',#1698,#1699);
#1698 = CARTESIAN_POINT('',(-0.7625,0.3,0.5));
#1699 = VECTOR('',#1700,1.);
#1700 = DIRECTION('',(1.,0.,0.));
#1701 = ORIENTED_EDGE('',*,*,#1702,.T.);
#1702 = EDGE_CURVE('',#1695,#1199,#1703,.T.);
#1703 = LINE('',#1704,#1705);
#1704 = CARTESIAN_POINT('',(-0.725,0.3,0.75));
#1705 = VECTOR('',#1706,1.);
#1706 = DIRECTION('',(-0.,-0.,-1.));
#1707 = ORIENTED_EDGE('',*,*,#1206,.F.);
#1708 = ORIENTED_EDGE('',*,*,#1238,.F.);
#1709 = PLANE('',#1710);
#1710 = AXIS2_PLACEMENT_3D('',#1711,#1712,#1713);
#1711 = CARTESIAN_POINT('',(-0.725,0.3,0.75));
#1712 = DIRECTION('',(0.,-1.,0.));
#1713 = DIRECTION('',(1.,0.,0.));
#1714 = ADVANCED_FACE('',(#1715),#1733,.F.);
#1715 = FACE_BOUND('',#1716,.F.);
#1716 = EDGE_LOOP('',(#1717,#1718,#1726,#1732));
#1717 = ORIENTED_EDGE('',*,*,#1702,.F.);
#1718 = ORIENTED_EDGE('',*,*,#1719,.F.);
#1719 = EDGE_CURVE('',#1720,#1695,#1722,.T.);
#1720 = VERTEX_POINT('',#1721);
#1721 = CARTESIAN_POINT('',(-0.725,0.4,0.5));
#1722 = LINE('',#1723,#1724);
#1723 = CARTESIAN_POINT('',(-0.725,5.E-02,0.5));
#1724 = VECTOR('',#1725,1.);
#1725 = DIRECTION('',(0.,-1.,0.));
#1726 = ORIENTED_EDGE('',*,*,#1727,.F.);
#1727 = EDGE_CURVE('',#1191,#1720,#1728,.T.);
#1728 = LINE('',#1729,#1730);
#1729 = CARTESIAN_POINT('',(-0.725,0.4,0.375));
#1730 = VECTOR('',#1731,1.);
#1731 = DIRECTION('',(0.,0.,1.));
#1732 = ORIENTED_EDGE('',*,*,#1198,.F.);
#1733 = PLANE('',#1734);
#1734 = AXIS2_PLACEMENT_3D('',#1735,#1736,#1737);
#1735 = CARTESIAN_POINT('',(-0.725,0.5,0.75));
#1736 = DIRECTION('',(-1.,0.,0.));
#1737 = DIRECTION('',(0.,-1.,0.));
#1738 = ADVANCED_FACE('',(#1739),#1757,.F.);
#1739 = FACE_BOUND('',#1740,.F.);
#1740 = EDGE_LOOP('',(#1741,#1749,#1755,#1756));
#1741 = ORIENTED_EDGE('',*,*,#1742,.F.);
#1742 = EDGE_CURVE('',#1743,#1272,#1745,.T.);
#1743 = VERTEX_POINT('',#1744);
#1744 = CARTESIAN_POINT('',(-0.725,-0.3,0.5));
#1745 = LINE('',#1746,#1747);
#1746 = CARTESIAN_POINT('',(-0.725,-0.3,0.75));
#1747 = VECTOR('',#1748,1.);
#1748 = DIRECTION('',(-0.,-0.,-1.));
#1749 = ORIENTED_EDGE('',*,*,#1750,.F.);
#1750 = EDGE_CURVE('',#1248,#1743,#1751,.T.);
#1751 = LINE('',#1752,#1753);
#1752 = CARTESIAN_POINT('',(-3.75E-02,-0.3,0.5));
#1753 = VECTOR('',#1754,1.);
#1754 = DIRECTION('',(-1.,0.,0.));
#1755 = ORIENTED_EDGE('',*,*,#1255,.T.);
#1756 = ORIENTED_EDGE('',*,*,#1281,.F.);
#1757 = PLANE('',#1758);
#1758 = AXIS2_PLACEMENT_3D('',#1759,#1760,#1761);
#1759 = CARTESIAN_POINT('',(0.725,-0.3,0.75));
#1760 = DIRECTION('',(0.,1.,0.));
#1761 = DIRECTION('',(-1.,0.,0.));
#1762 = ADVANCED_FACE('',(#1763),#1790,.T.);
#1763 = FACE_BOUND('',#1764,.T.);
#1764 = EDGE_LOOP('',(#1765,#1773,#1779,#1780,#1786,#1787,#1788,#1789));
#1765 = ORIENTED_EDGE('',*,*,#1766,.F.);
#1766 = EDGE_CURVE('',#1767,#1720,#1769,.T.);
#1767 = VERTEX_POINT('',#1768);
#1768 = CARTESIAN_POINT('',(-0.77,0.4,0.5));
#1769 = LINE('',#1770,#1771);
#1770 = CARTESIAN_POINT('',(-0.8,0.4,0.5));
#1771 = VECTOR('',#1772,1.);
#1772 = DIRECTION('',(1.,0.,0.));
#1773 = ORIENTED_EDGE('',*,*,#1774,.F.);
#1774 = EDGE_CURVE('',#1323,#1767,#1775,.T.);
#1775 = LINE('',#1776,#1777);
#1776 = CARTESIAN_POINT('',(-0.77,-0.4,0.5));
#1777 = VECTOR('',#1778,1.);
#1778 = DIRECTION('',(0.,1.,0.));
#1779 = ORIENTED_EDGE('',*,*,#1331,.T.);
#1780 = ORIENTED_EDGE('',*,*,#1781,.F.);
#1781 = EDGE_CURVE('',#1743,#1332,#1782,.T.);
#1782 = LINE('',#1783,#1784);
#1783 = CARTESIAN_POINT('',(-0.725,-0.35,0.5));
#1784 = VECTOR('',#1785,1.);
#1785 = DIRECTION('',(0.,-1.,0.));
#1786 = ORIENTED_EDGE('',*,*,#1750,.F.);
#1787 = ORIENTED_EDGE('',*,*,#1247,.T.);
#1788 = ORIENTED_EDGE('',*,*,#1694,.F.);
#1789 = ORIENTED_EDGE('',*,*,#1719,.F.);
#1790 = PLANE('',#1791);
#1791 = AXIS2_PLACEMENT_3D('',#1792,#1793,#1794);
#1792 = CARTESIAN_POINT('',(-0.8,-0.4,0.5));
#1793 = DIRECTION('',(0.,0.,1.));
#1794 = DIRECTION('',(1.,0.,-0.));
#1795 = ADVANCED_FACE('',(#1796),#1802,.F.);
#1796 = FACE_BOUND('',#1797,.F.);
#1797 = EDGE_LOOP('',(#1798,#1799,#1800,#1801));
#1798 = ORIENTED_EDGE('',*,*,#1781,.F.);
#1799 = ORIENTED_EDGE('',*,*,#1742,.T.);
#1800 = ORIENTED_EDGE('',*,*,#1271,.F.);
#1801 = ORIENTED_EDGE('',*,*,#1339,.T.);
#1802 = PLANE('',#1803);
#1803 = AXIS2_PLACEMENT_3D('',#1804,#1805,#1806);
#1804 = CARTESIAN_POINT('',(-0.725,-0.3,0.75));
#1805 = DIRECTION('',(-1.,0.,0.));
#1806 = DIRECTION('',(0.,-1.,0.));
#1807 = ADVANCED_FACE('',(#1808),#1865,.F.);
#1808 = FACE_BOUND('',#1809,.F.);
#1809 = EDGE_LOOP('',(#1810,#1820,#1826,#1827,#1835,#1843,#1851,#1859));
#1810 = ORIENTED_EDGE('',*,*,#1811,.F.);
#1811 = EDGE_CURVE('',#1812,#1814,#1816,.T.);
#1812 = VERTEX_POINT('',#1813);
#1813 = CARTESIAN_POINT('',(-0.77,0.4,-3.469446951954E-18));
#1814 = VERTEX_POINT('',#1815);
#1815 = CARTESIAN_POINT('',(-0.725,0.4,0.));
#1816 = LINE('',#1817,#1818);
#1817 = CARTESIAN_POINT('',(-0.8,0.4,0.));
#1818 = VECTOR('',#1819,1.);
#1819 = DIRECTION('',(1.,0.,0.));
#1820 = ORIENTED_EDGE('',*,*,#1821,.F.);
#1821 = EDGE_CURVE('',#1296,#1812,#1822,.T.);
#1822 = LINE('',#1823,#1824);
#1823 = CARTESIAN_POINT('',(-0.77,-0.4,-3.469446951954E-18));
#1824 = VECTOR('',#1825,1.);
#1825 = DIRECTION('',(0.,1.,0.));
#1826 = ORIENTED_EDGE('',*,*,#1295,.T.);
#1827 = ORIENTED_EDGE('',*,*,#1828,.F.);
#1828 = EDGE_CURVE('',#1829,#1298,#1831,.T.);
#1829 = VERTEX_POINT('',#1830);
#1830 = CARTESIAN_POINT('',(-0.725,-0.3,0.));
#1831 = LINE('',#1832,#1833);
#1832 = CARTESIAN_POINT('',(-0.725,-0.35,0.));
#1833 = VECTOR('',#1834,1.);
#1834 = DIRECTION('',(0.,-1.,0.));
#1835 = ORIENTED_EDGE('',*,*,#1836,.F.);
#1836 = EDGE_CURVE('',#1837,#1829,#1839,.T.);
#1837 = VERTEX_POINT('',#1838);
#1838 = CARTESIAN_POINT('',(-0.53,-0.3,-3.469446951954E-18));
#1839 = LINE('',#1840,#1841);
#1840 = CARTESIAN_POINT('',(-3.75E-02,-0.3,0.));
#1841 = VECTOR('',#1842,1.);
#1842 = DIRECTION('',(-1.,0.,0.));
#1843 = ORIENTED_EDGE('',*,*,#1844,.T.);
#1844 = EDGE_CURVE('',#1837,#1845,#1847,.T.);
#1845 = VERTEX_POINT('',#1846);
#1846 = CARTESIAN_POINT('',(-0.53,0.3,-3.469446951954E-18));
#1847 = LINE('',#1848,#1849);
#1848 = CARTESIAN_POINT('',(-0.53,-0.4,-3.469446951954E-18));
#1849 = VECTOR('',#1850,1.);
#1850 = DIRECTION('',(0.,1.,0.));
#1851 = ORIENTED_EDGE('',*,*,#1852,.F.);
#1852 = EDGE_CURVE('',#1853,#1845,#1855,.T.);
#1853 = VERTEX_POINT('',#1854);
#1854 = CARTESIAN_POINT('',(-0.725,0.3,0.));
#1855 = LINE('',#1856,#1857);
#1856 = CARTESIAN_POINT('',(-0.7625,0.3,0.));
#1857 = VECTOR('',#1858,1.);
#1858 = DIRECTION('',(1.,0.,0.));
#1859 = ORIENTED_EDGE('',*,*,#1860,.F.);
#1860 = EDGE_CURVE('',#1814,#1853,#1861,.T.);
#1861 = LINE('',#1862,#1863);
#1862 = CARTESIAN_POINT('',(-0.725,5.E-02,0.));
#1863 = VECTOR('',#1864,1.);
#1864 = DIRECTION('',(0.,-1.,0.));
#1865 = PLANE('',#1866);
#1866 = AXIS2_PLACEMENT_3D('',#1867,#1868,#1869);
#1867 = CARTESIAN_POINT('',(-0.8,-0.4,0.));
#1868 = DIRECTION('',(0.,0.,1.));
#1869 = DIRECTION('',(1.,0.,-0.));
#1870 = ADVANCED_FACE('',(#1871),#1890,.T.);
#1871 = FACE_BOUND('',#1872,.T.);
#1872 = EDGE_LOOP('',(#1873,#1881,#1888,#1889));
#1873 = ORIENTED_EDGE('',*,*,#1874,.T.);
#1874 = EDGE_CURVE('',#1306,#1875,#1877,.T.);
#1875 = VERTEX_POINT('',#1876);
#1876 = CARTESIAN_POINT('',(-0.8,0.4,3.E-02));
#1877 = LINE('',#1878,#1879);
#1878 = CARTESIAN_POINT('',(-0.8,-0.4,3.E-02));
#1879 = VECTOR('',#1880,1.);
#1880 = DIRECTION('',(0.,1.,0.));
#1881 = ORIENTED_EDGE('',*,*,#1882,.T.);
#1882 = EDGE_CURVE('',#1875,#1812,#1883,.T.);
#1883 = CIRCLE('',#1884,3.E-02);
#1884 = AXIS2_PLACEMENT_3D('',#1885,#1886,#1887);
#1885 = CARTESIAN_POINT('',(-0.77,0.4,3.E-02));
#1886 = DIRECTION('',(0.,-1.,0.));
#1887 = DIRECTION('',(0.,0.,1.));
#1888 = ORIENTED_EDGE('',*,*,#1821,.F.);
#1889 = ORIENTED_EDGE('',*,*,#1305,.F.);
#1890 = CYLINDRICAL_SURFACE('',#1891,3.E-02);
#1891 = AXIS2_PLACEMENT_3D('',#1892,#1893,#1894);
#1892 = CARTESIAN_POINT('',(-0.77,-0.4,3.E-02));
#1893 = DIRECTION('',(0.,1.,0.));
#1894 = DIRECTION('',(-1.,0.,0.));
#1895 = ADVANCED_FACE('',(#1896),#1907,.F.);
#1896 = FACE_BOUND('',#1897,.F.);
#1897 = EDGE_LOOP('',(#1898,#1899,#1905,#1906));
#1898 = ORIENTED_EDGE('',*,*,#1362,.T.);
#1899 = ORIENTED_EDGE('',*,*,#1900,.T.);
#1900 = EDGE_CURVE('',#1363,#1829,#1901,.T.);
#1901 = LINE('',#1902,#1903);
#1902 = CARTESIAN_POINT('',(-0.725,-0.3,0.75));
#1903 = VECTOR('',#1904,1.);
#1904 = DIRECTION('',(-0.,-0.,-1.));
#1905 = ORIENTED_EDGE('',*,*,#1828,.T.);
#1906 = ORIENTED_EDGE('',*,*,#1348,.T.);
#1907 = PLANE('',#1908);
#1908 = AXIS2_PLACEMENT_3D('',#1909,#1910,#1911);
#1909 = CARTESIAN_POINT('',(-0.725,-0.3,0.75));
#1910 = DIRECTION('',(-1.,0.,0.));
#1911 = DIRECTION('',(0.,-1.,0.));
#1912 = ADVANCED_FACE('',(#1913),#1931,.F.);
#1913 = FACE_BOUND('',#1914,.F.);
#1914 = EDGE_LOOP('',(#1915,#1916,#1917,#1925));
#1915 = ORIENTED_EDGE('',*,*,#1314,.F.);
#1916 = ORIENTED_EDGE('',*,*,#1874,.T.);
#1917 = ORIENTED_EDGE('',*,*,#1918,.T.);
#1918 = EDGE_CURVE('',#1875,#1919,#1921,.T.);
#1919 = VERTEX_POINT('',#1920);
#1920 = CARTESIAN_POINT('',(-0.8,0.4,0.47));
#1921 = LINE('',#1922,#1923);
#1922 = CARTESIAN_POINT('',(-0.8,0.4,0.));
#1923 = VECTOR('',#1924,1.);
#1924 = DIRECTION('',(0.,0.,1.));
#1925 = ORIENTED_EDGE('',*,*,#1926,.F.);
#1926 = EDGE_CURVE('',#1315,#1919,#1927,.T.);
#1927 = LINE('',#1928,#1929);
#1928 = CARTESIAN_POINT('',(-0.8,-0.4,0.47));
#1929 = VECTOR('',#1930,1.);
#1930 = DIRECTION('',(0.,1.,0.));
#1931 = PLANE('',#1932);
#1932 = AXIS2_PLACEMENT_3D('',#1933,#1934,#1935);
#1933 = CARTESIAN_POINT('',(-0.8,-0.4,0.));
#1934 = DIRECTION('',(1.,0.,0.));
#1935 = DIRECTION('',(0.,0.,1.));
#1936 = ADVANCED_FACE('',(#1937),#1949,.T.);
#1937 = FACE_BOUND('',#1938,.T.);
#1938 = EDGE_LOOP('',(#1939,#1940,#1941,#1948));
#1939 = ORIENTED_EDGE('',*,*,#1322,.T.);
#1940 = ORIENTED_EDGE('',*,*,#1774,.T.);
#1941 = ORIENTED_EDGE('',*,*,#1942,.F.);
#1942 = EDGE_CURVE('',#1919,#1767,#1943,.T.);
#1943 = CIRCLE('',#1944,3.E-02);
#1944 = AXIS2_PLACEMENT_3D('',#1945,#1946,#1947);
#1945 = CARTESIAN_POINT('',(-0.77,0.4,0.47));
#1946 = DIRECTION('',(0.,1.,0.));
#1947 = DIRECTION('',(0.,-0.,1.));
#1948 = ORIENTED_EDGE('',*,*,#1926,.F.);
#1949 = CYLINDRICAL_SURFACE('',#1950,3.E-02);
#1950 = AXIS2_PLACEMENT_3D('',#1951,#1952,#1953);
#1951 = CARTESIAN_POINT('',(-0.77,-0.4,0.47));
#1952 = DIRECTION('',(0.,1.,0.));
#1953 = DIRECTION('',(-1.,0.,0.));
#1954 = ADVANCED_FACE('',(#1955),#1967,.F.);
#1955 = FACE_BOUND('',#1956,.F.);
#1956 = EDGE_LOOP('',(#1957,#1958,#1959,#1966));
#1957 = ORIENTED_EDGE('',*,*,#1900,.F.);
#1958 = ORIENTED_EDGE('',*,*,#1443,.T.);
#1959 = ORIENTED_EDGE('',*,*,#1960,.T.);
#1960 = EDGE_CURVE('',#1436,#1837,#1961,.T.);
#1961 = CIRCLE('',#1962,3.E-02);
#1962 = AXIS2_PLACEMENT_3D('',#1963,#1964,#1965);
#1963 = CARTESIAN_POINT('',(-0.53,-0.3,3.E-02));
#1964 = DIRECTION('',(-0.,1.,0.));
#1965 = DIRECTION('',(1.,0.,0.));
#1966 = ORIENTED_EDGE('',*,*,#1836,.T.);
#1967 = PLANE('',#1968);
#1968 = AXIS2_PLACEMENT_3D('',#1969,#1970,#1971);
#1969 = CARTESIAN_POINT('',(0.725,-0.3,0.75));
#1970 = DIRECTION('',(0.,1.,0.));
#1971 = DIRECTION('',(-1.,0.,0.));
#1972 = ADVANCED_FACE('',(#1973),#1985,.T.);
#1973 = FACE_BOUND('',#1974,.T.);
#1974 = EDGE_LOOP('',(#1975,#1976,#1977,#1978));
#1975 = ORIENTED_EDGE('',*,*,#1435,.F.);
#1976 = ORIENTED_EDGE('',*,*,#1960,.T.);
#1977 = ORIENTED_EDGE('',*,*,#1844,.T.);
#1978 = ORIENTED_EDGE('',*,*,#1979,.F.);
#1979 = EDGE_CURVE('',#1428,#1845,#1980,.T.);
#1980 = CIRCLE('',#1981,3.E-02);
#1981 = AXIS2_PLACEMENT_3D('',#1982,#1983,#1984);
#1982 = CARTESIAN_POINT('',(-0.53,0.3,3.E-02));
#1983 = DIRECTION('',(-0.,1.,0.));
#1984 = DIRECTION('',(1.,0.,0.));
#1985 = CYLINDRICAL_SURFACE('',#1986,3.E-02);
#1986 = AXIS2_PLACEMENT_3D('',#1987,#1988,#1989);
#1987 = CARTESIAN_POINT('',(-0.53,-0.4,3.E-02));
#1988 = DIRECTION('',(0.,1.,0.));
#1989 = DIRECTION('',(1.,0.,0.));
#1990 = ADVANCED_FACE('',(#1991),#2002,.F.);
#1991 = FACE_BOUND('',#1992,.F.);
#1992 = EDGE_LOOP('',(#1993,#1994,#2000,#2001));
#1993 = ORIENTED_EDGE('',*,*,#1427,.T.);
#1994 = ORIENTED_EDGE('',*,*,#1995,.T.);
#1995 = EDGE_CURVE('',#1420,#1853,#1996,.T.);
#1996 = LINE('',#1997,#1998);
#1997 = CARTESIAN_POINT('',(-0.725,0.3,0.75));
#1998 = VECTOR('',#1999,1.);
#1999 = DIRECTION('',(-0.,-0.,-1.));
#2000 = ORIENTED_EDGE('',*,*,#1852,.T.);
#2001 = ORIENTED_EDGE('',*,*,#1979,.F.);
#2002 = PLANE('',#2003);
#2003 = AXIS2_PLACEMENT_3D('',#2004,#2005,#2006);
#2004 = CARTESIAN_POINT('',(-0.725,0.3,0.75));
#2005 = DIRECTION('',(0.,-1.,0.));
#2006 = DIRECTION('',(1.,0.,0.));
#2007 = ADVANCED_FACE('',(#2008),#2019,.F.);
#2008 = FACE_BOUND('',#2009,.F.);
#2009 = EDGE_LOOP('',(#2010,#2011,#2012,#2018));
#2010 = ORIENTED_EDGE('',*,*,#1995,.F.);
#2011 = ORIENTED_EDGE('',*,*,#1419,.T.);
#2012 = ORIENTED_EDGE('',*,*,#2013,.F.);
#2013 = EDGE_CURVE('',#1814,#1412,#2014,.T.);
#2014 = LINE('',#2015,#2016);
#2015 = CARTESIAN_POINT('',(-0.725,0.4,0.375));
#2016 = VECTOR('',#2017,1.);
#2017 = DIRECTION('',(0.,0.,1.));
#2018 = ORIENTED_EDGE('',*,*,#1860,.T.);
#2019 = PLANE('',#2020);
#2020 = AXIS2_PLACEMENT_3D('',#2021,#2022,#2023);
#2021 = CARTESIAN_POINT('',(-0.725,0.5,0.75));
#2022 = DIRECTION('',(-1.,0.,0.));
#2023 = DIRECTION('',(0.,-1.,0.));
#2024 = ADVANCED_FACE('',(#2025),#2050,.F.);
#2025 = FACE_BOUND('',#2026,.F.);
#2026 = EDGE_LOOP('',(#2027,#2028,#2036,#2044));
#2027 = ORIENTED_EDGE('',*,*,#1403,.T.);
#2028 = ORIENTED_EDGE('',*,*,#2029,.T.);
#2029 = EDGE_CURVE('',#1396,#2030,#2032,.T.);
#2030 = VERTEX_POINT('',#2031);
#2031 = CARTESIAN_POINT('',(0.725,0.3,0.));
#2032 = LINE('',#2033,#2034);
#2033 = CARTESIAN_POINT('',(0.725,0.3,0.75));
#2034 = VECTOR('',#2035,1.);
#2035 = DIRECTION('',(-0.,-0.,-1.));
#2036 = ORIENTED_EDGE('',*,*,#2037,.T.);
#2037 = EDGE_CURVE('',#2030,#2038,#2040,.T.);
#2038 = VERTEX_POINT('',#2039);
#2039 = CARTESIAN_POINT('',(0.725,0.4,0.));
#2040 = LINE('',#2041,#2042);
#2041 = CARTESIAN_POINT('',(0.725,-5.E-02,0.));
#2042 = VECTOR('',#2043,1.);
#2043 = DIRECTION('',(0.,1.,0.));
#2044 = ORIENTED_EDGE('',*,*,#2045,.F.);
#2045 = EDGE_CURVE('',#1404,#2038,#2046,.T.);
#2046 = LINE('',#2047,#2048);
#2047 = CARTESIAN_POINT('',(0.725,0.4,0.375));
#2048 = VECTOR('',#2049,1.);
#2049 = DIRECTION('',(0.,0.,-1.));
#2050 = PLANE('',#2051);
#2051 = AXIS2_PLACEMENT_3D('',#2052,#2053,#2054);
#2052 = CARTESIAN_POINT('',(0.725,0.3,0.75));
#2053 = DIRECTION('',(1.,0.,0.));
#2054 = DIRECTION('',(-0.,1.,0.));
#2055 = ADVANCED_FACE('',(#2056),#2075,.F.);
#2056 = FACE_BOUND('',#2057,.F.);
#2057 = EDGE_LOOP('',(#2058,#2059,#2060,#2069));
#2058 = ORIENTED_EDGE('',*,*,#2029,.F.);
#2059 = ORIENTED_EDGE('',*,*,#1395,.T.);
#2060 = ORIENTED_EDGE('',*,*,#2061,.F.);
#2061 = EDGE_CURVE('',#2062,#1388,#2064,.T.);
#2062 = VERTEX_POINT('',#2063);
#2063 = CARTESIAN_POINT('',(0.53,0.3,-3.469446951954E-18));
#2064 = CIRCLE('',#2065,3.E-02);
#2065 = AXIS2_PLACEMENT_3D('',#2066,#2067,#2068);
#2066 = CARTESIAN_POINT('',(0.53,0.3,3.E-02));
#2067 = DIRECTION('',(0.,1.,-0.));
#2068 = DIRECTION('',(-1.,0.,0.));
#2069 = ORIENTED_EDGE('',*,*,#2070,.T.);
#2070 = EDGE_CURVE('',#2062,#2030,#2071,.T.);
#2071 = LINE('',#2072,#2073);
#2072 = CARTESIAN_POINT('',(-0.1125,0.3,0.));
#2073 = VECTOR('',#2074,1.);
#2074 = DIRECTION('',(1.,0.,0.));
#2075 = PLANE('',#2076);
#2076 = AXIS2_PLACEMENT_3D('',#2077,#2078,#2079);
#2077 = CARTESIAN_POINT('',(-0.725,0.3,0.75));
#2078 = DIRECTION('',(0.,-1.,0.));
#2079 = DIRECTION('',(1.,0.,0.));
#2080 = ADVANCED_FACE('',(#2081),#2100,.T.);
#2081 = FACE_BOUND('',#2082,.T.);
#2082 = EDGE_LOOP('',(#2083,#2084,#2092,#2099));
#2083 = ORIENTED_EDGE('',*,*,#2061,.F.);
#2084 = ORIENTED_EDGE('',*,*,#2085,.F.);
#2085 = EDGE_CURVE('',#2086,#2062,#2088,.T.);
#2086 = VERTEX_POINT('',#2087);
#2087 = CARTESIAN_POINT('',(0.53,-0.3,-3.469446951954E-18));
#2088 = LINE('',#2089,#2090);
#2089 = CARTESIAN_POINT('',(0.53,-0.4,-3.469446951954E-18));
#2090 = VECTOR('',#2091,1.);
#2091 = DIRECTION('',(0.,1.,0.));
#2092 = ORIENTED_EDGE('',*,*,#2093,.T.);
#2093 = EDGE_CURVE('',#2086,#1380,#2094,.T.);
#2094 = CIRCLE('',#2095,3.E-02);
#2095 = AXIS2_PLACEMENT_3D('',#2096,#2097,#2098);
#2096 = CARTESIAN_POINT('',(0.53,-0.3,3.E-02));
#2097 = DIRECTION('',(0.,1.,-0.));
#2098 = DIRECTION('',(-1.,0.,0.));
#2099 = ORIENTED_EDGE('',*,*,#1387,.T.);
#2100 = CYLINDRICAL_SURFACE('',#2101,3.E-02);
#2101 = AXIS2_PLACEMENT_3D('',#2102,#2103,#2104);
#2102 = CARTESIAN_POINT('',(0.53,-0.4,3.E-02));
#2103 = DIRECTION('',(0.,1.,0.));
#2104 = DIRECTION('',(-1.,0.,0.));
#2105 = ADVANCED_FACE('',(#2106),#2124,.F.);
#2106 = FACE_BOUND('',#2107,.F.);
#2107 = EDGE_LOOP('',(#2108,#2109,#2117,#2123));
#2108 = ORIENTED_EDGE('',*,*,#1379,.T.);
#2109 = ORIENTED_EDGE('',*,*,#2110,.T.);
#2110 = EDGE_CURVE('',#1372,#2111,#2113,.T.);
#2111 = VERTEX_POINT('',#2112);
#2112 = CARTESIAN_POINT('',(0.725,-0.3,0.));
#2113 = LINE('',#2114,#2115);
#2114 = CARTESIAN_POINT('',(0.725,-0.3,0.75));
#2115 = VECTOR('',#2116,1.);
#2116 = DIRECTION('',(-0.,-0.,-1.));
#2117 = ORIENTED_EDGE('',*,*,#2118,.T.);
#2118 = EDGE_CURVE('',#2111,#2086,#2119,.T.);
#2119 = LINE('',#2120,#2121);
#2120 = CARTESIAN_POINT('',(0.6125,-0.3,0.));
#2121 = VECTOR('',#2122,1.);
#2122 = DIRECTION('',(-1.,0.,0.));
#2123 = ORIENTED_EDGE('',*,*,#2093,.T.);
#2124 = PLANE('',#2125);
#2125 = AXIS2_PLACEMENT_3D('',#2126,#2127,#2128);
#2126 = CARTESIAN_POINT('',(0.725,-0.3,0.75));
#2127 = DIRECTION('',(0.,1.,0.));
#2128 = DIRECTION('',(-1.,0.,0.));
#2129 = ADVANCED_FACE('',(#2130),#2141,.F.);
#2130 = FACE_BOUND('',#2131,.F.);
#2131 = EDGE_LOOP('',(#2132,#2133,#2134,#2135));
#2132 = ORIENTED_EDGE('',*,*,#2110,.F.);
#2133 = ORIENTED_EDGE('',*,*,#1371,.T.);
#2134 = ORIENTED_EDGE('',*,*,#1493,.T.);
#2135 = ORIENTED_EDGE('',*,*,#2136,.T.);
#2136 = EDGE_CURVE('',#1484,#2111,#2137,.T.);
#2137 = LINE('',#2138,#2139);
#2138 = CARTESIAN_POINT('',(0.725,-0.45,0.));
#2139 = VECTOR('',#2140,1.);
#2140 = DIRECTION('',(0.,1.,0.));
#2141 = PLANE('',#2142);
#2142 = AXIS2_PLACEMENT_3D('',#2143,#2144,#2145);
#2143 = CARTESIAN_POINT('',(0.725,-0.5,0.75));
#2144 = DIRECTION('',(1.,0.,0.));
#2145 = DIRECTION('',(-0.,1.,0.));
#2146 = ADVANCED_FACE('',(#2147),#2172,.T.);
#2147 = FACE_BOUND('',#2148,.T.);
#2148 = EDGE_LOOP('',(#2149,#2157,#2158,#2166));
#2149 = ORIENTED_EDGE('',*,*,#2150,.T.);
#2150 = EDGE_CURVE('',#2151,#1452,#2153,.T.);
#2151 = VERTEX_POINT('',#2152);
#2152 = CARTESIAN_POINT('',(0.277128129211,0.32,1.5E-02));
#2153 = LINE('',#2154,#2155);
#2154 = CARTESIAN_POINT('',(0.277128129211,0.32,1.5E-02));
#2155 = VECTOR('',#2156,1.);
#2156 = DIRECTION('',(0.,0.,1.));
#2157 = ORIENTED_EDGE('',*,*,#1451,.T.);
#2158 = ORIENTED_EDGE('',*,*,#2159,.F.);
#2159 = EDGE_CURVE('',#2160,#1454,#2162,.T.);
#2160 = VERTEX_POINT('',#2161);
#2161 = CARTESIAN_POINT('',(0.277128129211,-0.32,1.5E-02));
#2162 = LINE('',#2163,#2164);
#2163 = CARTESIAN_POINT('',(0.277128129211,-0.32,1.5E-02));
#2164 = VECTOR('',#2165,1.);
#2165 = DIRECTION('',(0.,0.,1.));
#2166 = ORIENTED_EDGE('',*,*,#2167,.F.);
#2167 = EDGE_CURVE('',#2151,#2160,#2168,.T.);
#2168 = LINE('',#2169,#2170);
#2169 = CARTESIAN_POINT('',(0.277128129211,0.32,1.5E-02));
#2170 = VECTOR('',#2171,1.);
#2171 = DIRECTION('',(0.,-1.,0.));
#2172 = PLANE('',#2173);
#2173 = AXIS2_PLACEMENT_3D('',#2174,#2175,#2176);
#2174 = CARTESIAN_POINT('',(0.277128129211,0.32,1.5E-02));
#2175 = DIRECTION('',(1.,0.,0.));
#2176 = DIRECTION('',(0.,-1.,0.));
#2177 = ADVANCED_FACE('',(#2178),#2196,.T.);
#2178 = FACE_BOUND('',#2179,.T.);
#2179 = EDGE_LOOP('',(#2180,#2188,#2189,#2190));
#2180 = ORIENTED_EDGE('',*,*,#2181,.T.);
#2181 = EDGE_CURVE('',#2182,#1462,#2184,.T.);
#2182 = VERTEX_POINT('',#2183);
#2183 = CARTESIAN_POINT('',(-0.277128129211,0.,1.5E-02));
#2184 = LINE('',#2185,#2186);
#2185 = CARTESIAN_POINT('',(-0.277128129211,0.,1.5E-02));
#2186 = VECTOR('',#2187,1.);
#2187 = DIRECTION('',(0.,0.,1.));
#2188 = ORIENTED_EDGE('',*,*,#1469,.T.);
#2189 = ORIENTED_EDGE('',*,*,#2150,.F.);
#2190 = ORIENTED_EDGE('',*,*,#2191,.F.);
#2191 = EDGE_CURVE('',#2182,#2151,#2192,.T.);
#2192 = LINE('',#2193,#2194);
#2193 = CARTESIAN_POINT('',(-0.277128129211,0.,1.5E-02));
#2194 = VECTOR('',#2195,1.);
#2195 = DIRECTION('',(0.866025403784,0.5,0.));
#2196 = PLANE('',#2197);
#2197 = AXIS2_PLACEMENT_3D('',#2198,#2199,#2200);
#2198 = CARTESIAN_POINT('',(-0.277128129211,0.,1.5E-02));
#2199 = DIRECTION('',(-0.5,0.866025403784,0.));
#2200 = DIRECTION('',(0.866025403784,0.5,0.));
#2201 = ADVANCED_FACE('',(#2202),#2213,.T.);
#2202 = FACE_BOUND('',#2203,.T.);
#2203 = EDGE_LOOP('',(#2204,#2205,#2206,#2207));
#2204 = ORIENTED_EDGE('',*,*,#2159,.T.);
#2205 = ORIENTED_EDGE('',*,*,#1461,.T.);
#2206 = ORIENTED_EDGE('',*,*,#2181,.F.);
#2207 = ORIENTED_EDGE('',*,*,#2208,.F.);
#2208 = EDGE_CURVE('',#2160,#2182,#2209,.T.);
#2209 = LINE('',#2210,#2211);
#2210 = CARTESIAN_POINT('',(0.277128129211,-0.32,1.5E-02));
#2211 = VECTOR('',#2212,1.);
#2212 = DIRECTION('',(-0.866025403784,0.5,0.));
#2213 = PLANE('',#2214);
#2214 = AXIS2_PLACEMENT_3D('',#2215,#2216,#2217);
#2215 = CARTESIAN_POINT('',(0.277128129211,-0.32,1.5E-02));
#2216 = DIRECTION('',(-0.5,-0.866025403784,0.));
#2217 = DIRECTION('',(-0.866025403784,0.5,0.));
#2218 = ADVANCED_FACE('',(#2219),#2241,.F.);
#2219 = FACE_BOUND('',#2220,.F.);
#2220 = EDGE_LOOP('',(#2221,#2229,#2230,#2231,#2232,#2233,#2234,#2235));
#2221 = ORIENTED_EDGE('',*,*,#2222,.F.);
#2222 = EDGE_CURVE('',#2038,#2223,#2225,.T.);
#2223 = VERTEX_POINT('',#2224);
#2224 = CARTESIAN_POINT('',(0.77,0.4,-3.469446951954E-18));
#2225 = LINE('',#2226,#2227);
#2226 = CARTESIAN_POINT('',(0.5,0.4,0.));
#2227 = VECTOR('',#2228,1.);
#2228 = DIRECTION('',(1.,0.,0.));
#2229 = ORIENTED_EDGE('',*,*,#2037,.F.);
#2230 = ORIENTED_EDGE('',*,*,#2070,.F.);
#2231 = ORIENTED_EDGE('',*,*,#2085,.F.);
#2232 = ORIENTED_EDGE('',*,*,#2118,.F.);
#2233 = ORIENTED_EDGE('',*,*,#2136,.F.);
#2234 = ORIENTED_EDGE('',*,*,#1483,.T.);
#2235 = ORIENTED_EDGE('',*,*,#2236,.T.);
#2236 = EDGE_CURVE('',#1486,#2223,#2237,.T.);
#2237 = LINE('',#2238,#2239);
#2238 = CARTESIAN_POINT('',(0.77,-0.4,-3.469446951954E-18));
#2239 = VECTOR('',#2240,1.);
#2240 = DIRECTION('',(0.,1.,0.));
#2241 = PLANE('',#2242);
#2242 = AXIS2_PLACEMENT_3D('',#2243,#2244,#2245);
#2243 = CARTESIAN_POINT('',(0.5,-0.4,0.));
#2244 = DIRECTION('',(0.,0.,1.));
#2245 = DIRECTION('',(1.,0.,-0.));
#2246 = ADVANCED_FACE('',(#2247),#2266,.T.);
#2247 = FACE_BOUND('',#2248,.T.);
#2248 = EDGE_LOOP('',(#2249,#2250,#2251,#2260));
#2249 = ORIENTED_EDGE('',*,*,#1535,.T.);
#2250 = ORIENTED_EDGE('',*,*,#2236,.T.);
#2251 = ORIENTED_EDGE('',*,*,#2252,.F.);
#2252 = EDGE_CURVE('',#2253,#2223,#2255,.T.);
#2253 = VERTEX_POINT('',#2254);
#2254 = CARTESIAN_POINT('',(0.8,0.4,3.E-02));
#2255 = CIRCLE('',#2256,3.E-02);
#2256 = AXIS2_PLACEMENT_3D('',#2257,#2258,#2259);
#2257 = CARTESIAN_POINT('',(0.77,0.4,3.E-02));
#2258 = DIRECTION('',(0.,1.,0.));
#2259 = DIRECTION('',(0.,-0.,1.));
#2260 = ORIENTED_EDGE('',*,*,#2261,.F.);
#2261 = EDGE_CURVE('',#1528,#2253,#2262,.T.);
#2262 = LINE('',#2263,#2264);
#2263 = CARTESIAN_POINT('',(0.8,-0.4,3.E-02));
#2264 = VECTOR('',#2265,1.);
#2265 = DIRECTION('',(0.,1.,0.));
#2266 = CYLINDRICAL_SURFACE('',#2267,3.E-02);
#2267 = AXIS2_PLACEMENT_3D('',#2268,#2269,#2270);
#2268 = CARTESIAN_POINT('',(0.77,-0.4,3.E-02));
#2269 = DIRECTION('',(0.,1.,0.));
#2270 = DIRECTION('',(1.,0.,0.));
#2271 = ADVANCED_FACE('',(#2272),#2290,.T.);
#2272 = FACE_BOUND('',#2273,.T.);
#2273 = EDGE_LOOP('',(#2274,#2275,#2276,#2284));
#2274 = ORIENTED_EDGE('',*,*,#1527,.F.);
#2275 = ORIENTED_EDGE('',*,*,#2261,.T.);
#2276 = ORIENTED_EDGE('',*,*,#2277,.T.);
#2277 = EDGE_CURVE('',#2253,#2278,#2280,.T.);
#2278 = VERTEX_POINT('',#2279);
#2279 = CARTESIAN_POINT('',(0.8,0.4,0.47));
#2280 = LINE('',#2281,#2282);
#2281 = CARTESIAN_POINT('',(0.8,0.4,0.));
#2282 = VECTOR('',#2283,1.);
#2283 = DIRECTION('',(0.,0.,1.));
#2284 = ORIENTED_EDGE('',*,*,#2285,.F.);
#2285 = EDGE_CURVE('',#1519,#2278,#2286,.T.);
#2286 = LINE('',#2287,#2288);
#2287 = CARTESIAN_POINT('',(0.8,-0.4,0.47));
#2288 = VECTOR('',#2289,1.);
#2289 = DIRECTION('',(0.,1.,0.));
#2290 = PLANE('',#2291);
#2291 = AXIS2_PLACEMENT_3D('',#2292,#2293,#2294);
#2292 = CARTESIAN_POINT('',(0.8,-0.4,0.));
#2293 = DIRECTION('',(1.,0.,0.));
#2294 = DIRECTION('',(0.,0.,1.));
#2295 = ADVANCED_FACE('',(#2296),#2315,.T.);
#2296 = FACE_BOUND('',#2297,.T.);
#2297 = EDGE_LOOP('',(#2298,#2299,#2308,#2314));
#2298 = ORIENTED_EDGE('',*,*,#2285,.T.);
#2299 = ORIENTED_EDGE('',*,*,#2300,.T.);
#2300 = EDGE_CURVE('',#2278,#2301,#2303,.T.);
#2301 = VERTEX_POINT('',#2302);
#2302 = CARTESIAN_POINT('',(0.77,0.4,0.5));
#2303 = CIRCLE('',#2304,3.E-02);
#2304 = AXIS2_PLACEMENT_3D('',#2305,#2306,#2307);
#2305 = CARTESIAN_POINT('',(0.77,0.4,0.47));
#2306 = DIRECTION('',(0.,-1.,0.));
#2307 = DIRECTION('',(0.,0.,1.));
#2308 = ORIENTED_EDGE('',*,*,#2309,.F.);
#2309 = EDGE_CURVE('',#1511,#2301,#2310,.T.);
#2310 = LINE('',#2311,#2312);
#2311 = CARTESIAN_POINT('',(0.77,-0.4,0.5));
#2312 = VECTOR('',#2313,1.);
#2313 = DIRECTION('',(0.,1.,0.));
#2314 = ORIENTED_EDGE('',*,*,#1518,.F.);
#2315 = CYLINDRICAL_SURFACE('',#2316,3.E-02);
#2316 = AXIS2_PLACEMENT_3D('',#2317,#2318,#2319);
#2317 = CARTESIAN_POINT('',(0.77,-0.4,0.47));
#2318 = DIRECTION('',(0.,1.,0.));
#2319 = DIRECTION('',(1.,0.,0.));
#2320 = ADVANCED_FACE('',(#2321),#2362,.T.);
#2321 = FACE_BOUND('',#2322,.T.);
#2322 = EDGE_LOOP('',(#2323,#2331,#2339,#2345,#2346,#2354,#2360,#2361));
#2323 = ORIENTED_EDGE('',*,*,#2324,.F.);
#2324 = EDGE_CURVE('',#2325,#2301,#2327,.T.);
#2325 = VERTEX_POINT('',#2326);
#2326 = CARTESIAN_POINT('',(0.725,0.4,0.5));
#2327 = LINE('',#2328,#2329);
#2328 = CARTESIAN_POINT('',(0.5,0.4,0.5));
#2329 = VECTOR('',#2330,1.);
#2330 = DIRECTION('',(1.,0.,0.));
#2331 = ORIENTED_EDGE('',*,*,#2332,.F.);
#2332 = EDGE_CURVE('',#2333,#2325,#2335,.T.);
#2333 = VERTEX_POINT('',#2334);
#2334 = CARTESIAN_POINT('',(0.725,0.3,0.5));
#2335 = LINE('',#2336,#2337);
#2336 = CARTESIAN_POINT('',(0.725,-5.E-02,0.5));
#2337 = VECTOR('',#2338,1.);
#2338 = DIRECTION('',(0.,1.,0.));
#2339 = ORIENTED_EDGE('',*,*,#2340,.F.);
#2340 = EDGE_CURVE('',#1616,#2333,#2341,.T.);
#2341 = LINE('',#2342,#2343);
#2342 = CARTESIAN_POINT('',(-0.1125,0.3,0.5));
#2343 = VECTOR('',#2344,1.);
#2344 = DIRECTION('',(1.,0.,0.));
#2345 = ORIENTED_EDGE('',*,*,#1615,.F.);
#2346 = ORIENTED_EDGE('',*,*,#2347,.F.);
#2347 = EDGE_CURVE('',#2348,#1607,#2350,.T.);
#2348 = VERTEX_POINT('',#2349);
#2349 = CARTESIAN_POINT('',(0.725,-0.3,0.5));
#2350 = LINE('',#2351,#2352);
#2351 = CARTESIAN_POINT('',(0.6125,-0.3,0.5));
#2352 = VECTOR('',#2353,1.);
#2353 = DIRECTION('',(-1.,0.,0.));
#2354 = ORIENTED_EDGE('',*,*,#2355,.F.);
#2355 = EDGE_CURVE('',#1503,#2348,#2356,.T.);
#2356 = LINE('',#2357,#2358);
#2357 = CARTESIAN_POINT('',(0.725,-0.45,0.5));
#2358 = VECTOR('',#2359,1.);
#2359 = DIRECTION('',(0.,1.,0.));
#2360 = ORIENTED_EDGE('',*,*,#1510,.T.);
#2361 = ORIENTED_EDGE('',*,*,#2309,.T.);
#2362 = PLANE('',#2363);
#2363 = AXIS2_PLACEMENT_3D('',#2364,#2365,#2366);
#2364 = CARTESIAN_POINT('',(0.5,-0.4,0.5));
#2365 = DIRECTION('',(0.,0.,1.));
#2366 = DIRECTION('',(1.,0.,-0.));
#2367 = ADVANCED_FACE('',(#2368),#2379,.F.);
#2368 = FACE_BOUND('',#2369,.F.);
#2369 = EDGE_LOOP('',(#2370,#2376,#2377,#2378));
#2370 = ORIENTED_EDGE('',*,*,#2371,.F.);
#2371 = EDGE_CURVE('',#2348,#1551,#2372,.T.);
#2372 = LINE('',#2373,#2374);
#2373 = CARTESIAN_POINT('',(0.725,-0.3,0.75));
#2374 = VECTOR('',#2375,1.);
#2375 = DIRECTION('',(-0.,-0.,-1.));
#2376 = ORIENTED_EDGE('',*,*,#2355,.F.);
#2377 = ORIENTED_EDGE('',*,*,#1502,.T.);
#2378 = ORIENTED_EDGE('',*,*,#1560,.F.);
#2379 = PLANE('',#2380);
#2380 = AXIS2_PLACEMENT_3D('',#2381,#2382,#2383);
#2381 = CARTESIAN_POINT('',(0.725,-0.5,0.75));
#2382 = DIRECTION('',(1.,0.,0.));
#2383 = DIRECTION('',(-0.,1.,0.));
#2384 = ADVANCED_FACE('',(#2385),#2391,.F.);
#2385 = FACE_BOUND('',#2386,.F.);
#2386 = EDGE_LOOP('',(#2387,#2388,#2389,#2390));
#2387 = ORIENTED_EDGE('',*,*,#2347,.F.);
#2388 = ORIENTED_EDGE('',*,*,#2371,.T.);
#2389 = ORIENTED_EDGE('',*,*,#1550,.F.);
#2390 = ORIENTED_EDGE('',*,*,#1606,.T.);
#2391 = PLANE('',#2392);
#2392 = AXIS2_PLACEMENT_3D('',#2393,#2394,#2395);
#2393 = CARTESIAN_POINT('',(0.725,-0.3,0.75));
#2394 = DIRECTION('',(0.,1.,0.));
#2395 = DIRECTION('',(-1.,0.,0.));
#2396 = ADVANCED_FACE('',(#2397),#2413,.F.);
#2397 = FACE_BOUND('',#2398,.F.);
#2398 = EDGE_LOOP('',(#2399,#2400,#2406,#2407));
#2399 = ORIENTED_EDGE('',*,*,#2332,.F.);
#2400 = ORIENTED_EDGE('',*,*,#2401,.T.);
#2401 = EDGE_CURVE('',#2333,#1584,#2402,.T.);
#2402 = LINE('',#2403,#2404);
#2403 = CARTESIAN_POINT('',(0.725,0.3,0.75));
#2404 = VECTOR('',#2405,1.);
#2405 = DIRECTION('',(-0.,-0.,-1.));
#2406 = ORIENTED_EDGE('',*,*,#1591,.F.);
#2407 = ORIENTED_EDGE('',*,*,#2408,.F.);
#2408 = EDGE_CURVE('',#2325,#1575,#2409,.T.);
#2409 = LINE('',#2410,#2411);
#2410 = CARTESIAN_POINT('',(0.725,0.4,0.375));
#2411 = VECTOR('',#2412,1.);
#2412 = DIRECTION('',(0.,0.,-1.));
#2413 = PLANE('',#2414);
#2414 = AXIS2_PLACEMENT_3D('',#2415,#2416,#2417);
#2415 = CARTESIAN_POINT('',(0.725,0.3,0.75));
#2416 = DIRECTION('',(1.,0.,0.));
#2417 = DIRECTION('',(-0.,1.,0.));
#2418 = ADVANCED_FACE('',(#2419),#2425,.F.);
#2419 = FACE_BOUND('',#2420,.F.);
#2420 = EDGE_LOOP('',(#2421,#2422,#2423,#2424));
#2421 = ORIENTED_EDGE('',*,*,#2401,.F.);
#2422 = ORIENTED_EDGE('',*,*,#2340,.F.);
#2423 = ORIENTED_EDGE('',*,*,#1623,.F.);
#2424 = ORIENTED_EDGE('',*,*,#1583,.F.);
#2425 = PLANE('',#2426);
#2426 = AXIS2_PLACEMENT_3D('',#2427,#2428,#2429);
#2427 = CARTESIAN_POINT('',(-0.725,0.3,0.75));
#2428 = DIRECTION('',(0.,-1.,0.));
#2429 = DIRECTION('',(1.,0.,0.));
#2430 = ADVANCED_FACE('',(#2431),#2443,.T.);
#2431 = FACE_BOUND('',#2432,.T.);
#2432 = EDGE_LOOP('',(#2433,#2434,#2435,#2436,#2437,#2438,#2439,#2440,
    #2441,#2442));
#2433 = ORIENTED_EDGE('',*,*,#1811,.F.);
#2434 = ORIENTED_EDGE('',*,*,#1882,.F.);
#2435 = ORIENTED_EDGE('',*,*,#1918,.T.);
#2436 = ORIENTED_EDGE('',*,*,#1942,.T.);
#2437 = ORIENTED_EDGE('',*,*,#1766,.T.);
#2438 = ORIENTED_EDGE('',*,*,#1727,.F.);
#2439 = ORIENTED_EDGE('',*,*,#1654,.F.);
#2440 = ORIENTED_EDGE('',*,*,#1646,.F.);
#2441 = ORIENTED_EDGE('',*,*,#1638,.T.);
#2442 = ORIENTED_EDGE('',*,*,#2013,.F.);
#2443 = PLANE('',#2444);
#2444 = AXIS2_PLACEMENT_3D('',#2445,#2446,#2447);
#2445 = CARTESIAN_POINT('',(-0.8,0.4,0.));
#2446 = DIRECTION('',(0.,1.,0.));
#2447 = DIRECTION('',(0.,-0.,1.));
#2448 = ADVANCED_FACE('',(#2449),#2461,.T.);
#2449 = FACE_BOUND('',#2450,.T.);
#2450 = EDGE_LOOP('',(#2451,#2452,#2453,#2454,#2455,#2456,#2457,#2458,
    #2459,#2460));
#2451 = ORIENTED_EDGE('',*,*,#2222,.F.);
#2452 = ORIENTED_EDGE('',*,*,#2045,.F.);
#2453 = ORIENTED_EDGE('',*,*,#1679,.T.);
#2454 = ORIENTED_EDGE('',*,*,#1671,.T.);
#2455 = ORIENTED_EDGE('',*,*,#1663,.F.);
#2456 = ORIENTED_EDGE('',*,*,#2408,.F.);
#2457 = ORIENTED_EDGE('',*,*,#2324,.T.);
#2458 = ORIENTED_EDGE('',*,*,#2300,.F.);
#2459 = ORIENTED_EDGE('',*,*,#2277,.F.);
#2460 = ORIENTED_EDGE('',*,*,#2252,.T.);
#2461 = PLANE('',#2462);
#2462 = AXIS2_PLACEMENT_3D('',#2463,#2464,#2465);
#2463 = CARTESIAN_POINT('',(0.5,0.4,0.));
#2464 = DIRECTION('',(0.,1.,0.));
#2465 = DIRECTION('',(0.,-0.,1.));
#2466 = ADVANCED_FACE('',(#2467),#2472,.T.);
#2467 = FACE_BOUND('',#2468,.T.);
#2468 = EDGE_LOOP('',(#2469,#2470,#2471));
#2469 = ORIENTED_EDGE('',*,*,#2191,.T.);
#2470 = ORIENTED_EDGE('',*,*,#2167,.T.);
#2471 = ORIENTED_EDGE('',*,*,#2208,.T.);
#2472 = PLANE('',#2473);
#2473 = AXIS2_PLACEMENT_3D('',#2474,#2475,#2476);
#2474 = CARTESIAN_POINT('',(9.237604307034E-02,0.,1.5E-02));
#2475 = DIRECTION('',(-0.,-0.,-1.));
#2476 = DIRECTION('',(-1.,0.,0.));
#2477 = ( GEOMETRIC_REPRESENTATION_CONTEXT(3) 
GLOBAL_UNCERTAINTY_ASSIGNED_CONTEXT((#2481)) 
GLOBAL_UNIT_ASSIGNED_CONTEXT((#2478,#2479,#2480)) REPRESENTATION_CONTEXT
('Context #1','3D Context with UNIT and UNCERTAINTY') );
#2478 = ( LENGTH_UNIT() NAMED_UNIT(*) SI_UNIT(.MILLI.,.METRE.) );
#2479 = ( NAMED_UNIT(*) PLANE_ANGLE_UNIT() SI_UNIT($,.RADIAN.) );
#2480 = ( NAMED_UNIT(*) SI_UNIT($,.STERADIAN.) SOLID_ANGLE_UNIT() );
#2481 = UNCERTAINTY_MEASURE_WITH_UNIT(LENGTH_MEASURE(1.E-07),#2478,
  'distance_accuracy_value','confusion accuracy');
#2482 = CONTEXT_DEPENDENT_SHAPE_REPRESENTATION(#2483,#2485);
#2483 = ( REPRESENTATION_RELATIONSHIP('','',#953,#10) 
REPRESENTATION_RELATIONSHIP_WITH_TRANSFORMATION(#2484) 
SHAPE_REPRESENTATION_RELATIONSHIP() );
#2484 = ITEM_DEFINED_TRANSFORMATION('','',#11,#19);
#2485 = PRODUCT_DEFINITION_SHAPE('Placement','Placement of an item',
  #2486);
#2486 = NEXT_ASSEMBLY_USAGE_OCCURRENCE('2','D1','',#5,#948,$);
#2487 = PRODUCT_RELATED_PRODUCT_CATEGORY('part',$,(#950));
#2488 = CONTEXT_DEPENDENT_SHAPE_REPRESENTATION(#2489,#2491);
#2489 = ( REPRESENTATION_RELATIONSHIP('','',#80,#10) 
REPRESENTATION_RELATIONSHIP_WITH_TRANSFORMATION(#2490) 
SHAPE_REPRESENTATION_RELATIONSHIP() );
#2490 = ITEM_DEFINED_TRANSFORMATION('','',#11,#23);
#2491 = PRODUCT_DEFINITION_SHAPE('Placement','Placement of an item',
  #2492);
#2492 = NEXT_ASSEMBLY_USAGE_OCCURRENCE('3','C3','',#5,#75,$);
#2493 = SHAPE_DEFINITION_REPRESENTATION(#2494,#2500);
#2494 = PRODUCT_DEFINITION_SHAPE('','',#2495);
#2495 = PRODUCT_DEFINITION('design','',#2496,#2499);
#2496 = PRODUCT_DEFINITION_FORMATION('','',#2497);
#2497 = PRODUCT('SOT-23-5','SOT-23-5','',(#2498));
#2498 = PRODUCT_CONTEXT('',#2,'mechanical');
#2499 = PRODUCT_DEFINITION_CONTEXT('part definition',#2,'design');
#2500 = ADVANCED_BREP_SHAPE_REPRESENTATION('',(#11,#2501),#5570);
#2501 = MANIFOLD_SOLID_BREP('',#2502);
#2502 = CLOSED_SHELL('',(#2503,#2541,#2604,#2627,#2656,#2679,#2750,#2805
    ,#2828,#2851,#2868,#2891,#2979,#2995,#3025,#3056,#3087,#3118,#3149,
    #3180,#3197,#3214,#3245,#3276,#3307,#3337,#3360,#3383,#3400,#3445,
    #3515,#3538,#3561,#3584,#3639,#3677,#3726,#3818,#3843,#3927,#3949,
    #4041,#4066,#4150,#4167,#4252,#4277,#4354,#4439,#4464,#4541,#4558,
    #4650,#4675,#4759,#4776,#4795,#4814,#4860,#4876,#4895,#4911,#4928,
    #4940,#4957,#4974,#4991,#5008,#5025,#5042,#5059,#5071,#5088,#5105,
    #5122,#5139,#5156,#5173,#5190,#5202,#5219,#5236,#5253,#5270,#5287,
    #5304,#5316,#5333,#5350,#5367,#5384,#5401,#5418,#5430,#5447,#5464,
    #5481,#5498,#5515,#5532,#5549,#5561));
#2503 = ADVANCED_FACE('',(#2504),#2536,.F.);
#2504 = FACE_BOUND('',#2505,.F.);
#2505 = EDGE_LOOP('',(#2506,#2516,#2523,#2531));
#2506 = ORIENTED_EDGE('',*,*,#2507,.T.);
#2507 = EDGE_CURVE('',#2508,#2510,#2512,.T.);
#2508 = VERTEX_POINT('',#2509);
#2509 = CARTESIAN_POINT('',(-0.659324228722,1.358648457443,0.1));
#2510 = VERTEX_POINT('',#2511);
#2511 = CARTESIAN_POINT('',(0.659324228722,1.358648457443,0.1));
#2512 = LINE('',#2513,#2514);
#2513 = CARTESIAN_POINT('',(-0.659324228722,1.358648457443,0.1));
#2514 = VECTOR('',#2515,1.);
#2515 = DIRECTION('',(1.,1.110223024625E-16,0.));
#2516 = ORIENTED_EDGE('',*,*,#2517,.T.);
#2517 = EDGE_CURVE('',#2510,#2518,#2520,.T.);
#2518 = VERTEX_POINT('',#2519);
#2519 = CARTESIAN_POINT('',(0.705,1.45,0.75));
#2520 = B_SPLINE_CURVE_WITH_KNOTS('',1,(#2521,#2522),.UNSPECIFIED.,.F.,
  .F.,(2,2),(0.,1.),.PIECEWISE_BEZIER_KNOTS.);
#2521 = CARTESIAN_POINT('',(0.659324228722,1.358648457443,0.1));
#2522 = CARTESIAN_POINT('',(0.705,1.45,0.75));
#2523 = ORIENTED_EDGE('',*,*,#2524,.F.);
#2524 = EDGE_CURVE('',#2525,#2518,#2527,.T.);
#2525 = VERTEX_POINT('',#2526);
#2526 = CARTESIAN_POINT('',(-0.705,1.45,0.75));
#2527 = LINE('',#2528,#2529);
#2528 = CARTESIAN_POINT('',(-0.705,1.45,0.75));
#2529 = VECTOR('',#2530,1.);
#2530 = DIRECTION('',(1.,1.110223024625E-16,0.));
#2531 = ORIENTED_EDGE('',*,*,#2532,.F.);
#2532 = EDGE_CURVE('',#2508,#2525,#2533,.T.);
#2533 = B_SPLINE_CURVE_WITH_KNOTS('',1,(#2534,#2535),.UNSPECIFIED.,.F.,
  .F.,(2,2),(0.,1.),.PIECEWISE_BEZIER_KNOTS.);
#2534 = CARTESIAN_POINT('',(-0.659324228722,1.358648457443,0.1));
#2535 = CARTESIAN_POINT('',(-0.705,1.45,0.75));
#2536 = B_SPLINE_SURFACE_WITH_KNOTS('',1,1,(
    (#2537,#2538)
    ,(#2539,#2540
    )),.UNSPECIFIED.,.F.,.F.,.F.,(2,2),(2,2),(0.,1.41),(0.,1.),
  .PIECEWISE_BEZIER_KNOTS.);
#2537 = CARTESIAN_POINT('',(-0.659324228722,1.358648457443,0.1));
#2538 = CARTESIAN_POINT('',(-0.705,1.45,0.75));
#2539 = CARTESIAN_POINT('',(0.659324228722,1.358648457443,0.1));
#2540 = CARTESIAN_POINT('',(0.705,1.45,0.75));
#2541 = ADVANCED_FACE('',(#2542),#2599,.F.);
#2542 = FACE_BOUND('',#2543,.T.);
#2543 = EDGE_LOOP('',(#2544,#2545,#2553,#2561,#2569,#2577,#2585,#2593));
#2544 = ORIENTED_EDGE('',*,*,#2507,.T.);
#2545 = ORIENTED_EDGE('',*,*,#2546,.T.);
#2546 = EDGE_CURVE('',#2510,#2547,#2549,.T.);
#2547 = VERTEX_POINT('',#2548);
#2548 = CARTESIAN_POINT('',(0.708648457443,1.309324228722,0.1));
#2549 = LINE('',#2550,#2551);
#2550 = CARTESIAN_POINT('',(0.659324228722,1.358648457443,0.1));
#2551 = VECTOR('',#2552,1.);
#2552 = DIRECTION('',(0.707106781187,-0.707106781187,0.));
#2553 = ORIENTED_EDGE('',*,*,#2554,.T.);
#2554 = EDGE_CURVE('',#2547,#2555,#2557,.T.);
#2555 = VERTEX_POINT('',#2556);
#2556 = CARTESIAN_POINT('',(0.708648457443,-1.309324228722,0.1));
#2557 = LINE('',#2558,#2559);
#2558 = CARTESIAN_POINT('',(0.708648457443,1.309324228722,0.1));
#2559 = VECTOR('',#2560,1.);
#2560 = DIRECTION('',(1.110223024625E-16,-1.,0.));
#2561 = ORIENTED_EDGE('',*,*,#2562,.T.);
#2562 = EDGE_CURVE('',#2555,#2563,#2565,.T.);
#2563 = VERTEX_POINT('',#2564);
#2564 = CARTESIAN_POINT('',(0.659324228722,-1.358648457443,0.1));
#2565 = LINE('',#2566,#2567);
#2566 = CARTESIAN_POINT('',(0.708648457443,-1.309324228722,0.1));
#2567 = VECTOR('',#2568,1.);
#2568 = DIRECTION('',(-0.707106781187,-0.707106781187,0.));
#2569 = ORIENTED_EDGE('',*,*,#2570,.T.);
#2570 = EDGE_CURVE('',#2563,#2571,#2573,.T.);
#2571 = VERTEX_POINT('',#2572);
#2572 = CARTESIAN_POINT('',(-0.659324228722,-1.358648457443,0.1));
#2573 = LINE('',#2574,#2575);
#2574 = CARTESIAN_POINT('',(0.659324228722,-1.358648457443,0.1));
#2575 = VECTOR('',#2576,1.);
#2576 = DIRECTION('',(-1.,-1.110223024625E-16,0.));
#2577 = ORIENTED_EDGE('',*,*,#2578,.T.);
#2578 = EDGE_CURVE('',#2571,#2579,#2581,.T.);
#2579 = VERTEX_POINT('',#2580);
#2580 = CARTESIAN_POINT('',(-0.708648457443,-1.309324228722,0.1));
#2581 = LINE('',#2582,#2583);
#2582 = CARTESIAN_POINT('',(-0.659324228722,-1.358648457443,0.1));
#2583 = VECTOR('',#2584,1.);
#2584 = DIRECTION('',(-0.707106781187,0.707106781187,0.));
#2585 = ORIENTED_EDGE('',*,*,#2586,.T.);
#2586 = EDGE_CURVE('',#2579,#2587,#2589,.T.);
#2587 = VERTEX_POINT('',#2588);
#2588 = CARTESIAN_POINT('',(-0.708648457443,1.309324228722,0.1));
#2589 = LINE('',#2590,#2591);
#2590 = CARTESIAN_POINT('',(-0.708648457443,-1.309324228722,0.1));
#2591 = VECTOR('',#2592,1.);
#2592 = DIRECTION('',(-1.110223024625E-16,1.,0.));
#2593 = ORIENTED_EDGE('',*,*,#2594,.T.);
#2594 = EDGE_CURVE('',#2587,#2508,#2595,.T.);
#2595 = LINE('',#2596,#2597);
#2596 = CARTESIAN_POINT('',(-0.708648457443,1.309324228722,0.1));
#2597 = VECTOR('',#2598,1.);
#2598 = DIRECTION('',(0.707106781187,0.707106781187,0.));
#2599 = PLANE('',#2600);
#2600 = AXIS2_PLACEMENT_3D('',#2601,#2602,#2603);
#2601 = CARTESIAN_POINT('',(-0.659324228722,1.358648457443,0.1));
#2602 = DIRECTION('',(0.,0.,1.));
#2603 = DIRECTION('',(0.436587433964,-0.899661832304,0.));
#2604 = ADVANCED_FACE('',(#2605),#2622,.F.);
#2605 = FACE_BOUND('',#2606,.F.);
#2606 = EDGE_LOOP('',(#2607,#2608,#2615,#2621));
#2607 = ORIENTED_EDGE('',*,*,#2546,.T.);
#2608 = ORIENTED_EDGE('',*,*,#2609,.T.);
#2609 = EDGE_CURVE('',#2547,#2610,#2612,.T.);
#2610 = VERTEX_POINT('',#2611);
#2611 = CARTESIAN_POINT('',(0.8,1.355,0.75));
#2612 = B_SPLINE_CURVE_WITH_KNOTS('',1,(#2613,#2614),.UNSPECIFIED.,.F.,
  .F.,(2,2),(0.,1.),.PIECEWISE_BEZIER_KNOTS.);
#2613 = CARTESIAN_POINT('',(0.708648457443,1.309324228722,0.1));
#2614 = CARTESIAN_POINT('',(0.8,1.355,0.75));
#2615 = ORIENTED_EDGE('',*,*,#2616,.F.);
#2616 = EDGE_CURVE('',#2518,#2610,#2617,.T.);
#2617 = LINE('',#2618,#2619);
#2618 = CARTESIAN_POINT('',(0.705,1.45,0.75));
#2619 = VECTOR('',#2620,1.);
#2620 = DIRECTION('',(0.707106781187,-0.707106781187,0.));
#2621 = ORIENTED_EDGE('',*,*,#2517,.F.);
#2622 = B_SPLINE_SURFACE_WITH_KNOTS('',1,1,(
    (#2623,#2624)
    ,(#2625,#2626
    )),.UNSPECIFIED.,.F.,.F.,.F.,(2,2),(2,2),(0.,0.134350288425),(0.,1.)
  ,.PIECEWISE_BEZIER_KNOTS.);
#2623 = CARTESIAN_POINT('',(0.659324228722,1.358648457443,0.1));
#2624 = CARTESIAN_POINT('',(0.705,1.45,0.75));
#2625 = CARTESIAN_POINT('',(0.708648457443,1.309324228722,0.1));
#2626 = CARTESIAN_POINT('',(0.8,1.355,0.75));
#2627 = ADVANCED_FACE('',(#2628),#2651,.F.);
#2628 = FACE_BOUND('',#2629,.F.);
#2629 = EDGE_LOOP('',(#2630,#2631,#2638,#2646));
#2630 = ORIENTED_EDGE('',*,*,#2524,.T.);
#2631 = ORIENTED_EDGE('',*,*,#2632,.T.);
#2632 = EDGE_CURVE('',#2518,#2633,#2635,.T.);
#2633 = VERTEX_POINT('',#2634);
#2634 = CARTESIAN_POINT('',(0.705,1.45,0.9));
#2635 = B_SPLINE_CURVE_WITH_KNOTS('',1,(#2636,#2637),.UNSPECIFIED.,.F.,
  .F.,(2,2),(0.,1.),.PIECEWISE_BEZIER_KNOTS.);
#2636 = CARTESIAN_POINT('',(0.705,1.45,0.75));
#2637 = CARTESIAN_POINT('',(0.705,1.45,0.9));
#2638 = ORIENTED_EDGE('',*,*,#2639,.F.);
#2639 = EDGE_CURVE('',#2640,#2633,#2642,.T.);
#2640 = VERTEX_POINT('',#2641);
#2641 = CARTESIAN_POINT('',(-0.705,1.45,0.9));
#2642 = LINE('',#2643,#2644);
#2643 = CARTESIAN_POINT('',(-0.705,1.45,0.9));
#2644 = VECTOR('',#2645,1.);
#2645 = DIRECTION('',(1.,1.110223024625E-16,0.));
#2646 = ORIENTED_EDGE('',*,*,#2647,.F.);
#2647 = EDGE_CURVE('',#2525,#2640,#2648,.T.);
#2648 = B_SPLINE_CURVE_WITH_KNOTS('',1,(#2649,#2650),.UNSPECIFIED.,.F.,
  .F.,(2,2),(0.,1.),.PIECEWISE_BEZIER_KNOTS.);
#2649 = CARTESIAN_POINT('',(-0.705,1.45,0.75));
#2650 = CARTESIAN_POINT('',(-0.705,1.45,0.9));
#2651 = PLANE('',#2652);
#2652 = AXIS2_PLACEMENT_3D('',#2653,#2654,#2655);
#2653 = CARTESIAN_POINT('',(-0.705,1.45,0.9));
#2654 = DIRECTION('',(1.110223024625E-16,-1.,0.));
#2655 = DIRECTION('',(1.,1.110223024625E-16,0.));
#2656 = ADVANCED_FACE('',(#2657),#2674,.F.);
#2657 = FACE_BOUND('',#2658,.F.);
#2658 = EDGE_LOOP('',(#2659,#2660,#2661,#2669));
#2659 = ORIENTED_EDGE('',*,*,#2594,.T.);
#2660 = ORIENTED_EDGE('',*,*,#2532,.T.);
#2661 = ORIENTED_EDGE('',*,*,#2662,.F.);
#2662 = EDGE_CURVE('',#2663,#2525,#2665,.T.);
#2663 = VERTEX_POINT('',#2664);
#2664 = CARTESIAN_POINT('',(-0.8,1.355,0.75));
#2665 = LINE('',#2666,#2667);
#2666 = CARTESIAN_POINT('',(-0.8,1.355,0.75));
#2667 = VECTOR('',#2668,1.);
#2668 = DIRECTION('',(0.707106781187,0.707106781187,0.));
#2669 = ORIENTED_EDGE('',*,*,#2670,.F.);
#2670 = EDGE_CURVE('',#2587,#2663,#2671,.T.);
#2671 = B_SPLINE_CURVE_WITH_KNOTS('',1,(#2672,#2673),.UNSPECIFIED.,.F.,
  .F.,(2,2),(0.,1.),.PIECEWISE_BEZIER_KNOTS.);
#2672 = CARTESIAN_POINT('',(-0.708648457443,1.309324228722,0.1));
#2673 = CARTESIAN_POINT('',(-0.8,1.355,0.75));
#2674 = B_SPLINE_SURFACE_WITH_KNOTS('',1,1,(
    (#2675,#2676)
    ,(#2677,#2678
    )),.UNSPECIFIED.,.F.,.F.,.F.,(2,2),(2,2),(0.,0.134350288425),(0.,1.)
  ,.PIECEWISE_BEZIER_KNOTS.);
#2675 = CARTESIAN_POINT('',(-0.708648457443,1.309324228722,0.1));
#2676 = CARTESIAN_POINT('',(-0.8,1.355,0.75));
#2677 = CARTESIAN_POINT('',(-0.659324228722,1.358648457443,0.1));
#2678 = CARTESIAN_POINT('',(-0.705,1.45,0.75));
#2679 = ADVANCED_FACE('',(#2680),#2745,.F.);
#2680 = FACE_BOUND('',#2681,.F.);
#2681 = EDGE_LOOP('',(#2682,#2683,#2684,#2692,#2700,#2708,#2716,#2724,
    #2732,#2740));
#2682 = ORIENTED_EDGE('',*,*,#2586,.T.);
#2683 = ORIENTED_EDGE('',*,*,#2670,.T.);
#2684 = ORIENTED_EDGE('',*,*,#2685,.F.);
#2685 = EDGE_CURVE('',#2686,#2663,#2688,.T.);
#2686 = VERTEX_POINT('',#2687);
#2687 = CARTESIAN_POINT('',(-0.8,1.2,0.75));
#2688 = LINE('',#2689,#2690);
#2689 = CARTESIAN_POINT('',(-0.8,-1.355,0.75));
#2690 = VECTOR('',#2691,1.);
#2691 = DIRECTION('',(-1.110223024625E-16,1.,0.));
#2692 = ORIENTED_EDGE('',*,*,#2693,.F.);
#2693 = EDGE_CURVE('',#2694,#2686,#2696,.T.);
#2694 = VERTEX_POINT('',#2695);
#2695 = CARTESIAN_POINT('',(-0.8,0.7,0.75));
#2696 = LINE('',#2697,#2698);
#2697 = CARTESIAN_POINT('',(-0.8,-1.355,0.75));
#2698 = VECTOR('',#2699,1.);
#2699 = DIRECTION('',(-1.110223024625E-16,1.,0.));
#2700 = ORIENTED_EDGE('',*,*,#2701,.F.);
#2701 = EDGE_CURVE('',#2702,#2694,#2704,.T.);
#2702 = VERTEX_POINT('',#2703);
#2703 = CARTESIAN_POINT('',(-0.8,0.25,0.75));
#2704 = LINE('',#2705,#2706);
#2705 = CARTESIAN_POINT('',(-0.8,-1.355,0.75));
#2706 = VECTOR('',#2707,1.);
#2707 = DIRECTION('',(-1.110223024625E-16,1.,0.));
#2708 = ORIENTED_EDGE('',*,*,#2709,.F.);
#2709 = EDGE_CURVE('',#2710,#2702,#2712,.T.);
#2710 = VERTEX_POINT('',#2711);
#2711 = CARTESIAN_POINT('',(-0.8,-0.25,0.75));
#2712 = LINE('',#2713,#2714);
#2713 = CARTESIAN_POINT('',(-0.8,-1.355,0.75));
#2714 = VECTOR('',#2715,1.);
#2715 = DIRECTION('',(-1.110223024625E-16,1.,0.));
#2716 = ORIENTED_EDGE('',*,*,#2717,.F.);
#2717 = EDGE_CURVE('',#2718,#2710,#2720,.T.);
#2718 = VERTEX_POINT('',#2719);
#2719 = CARTESIAN_POINT('',(-0.8,-0.7,0.75));
#2720 = LINE('',#2721,#2722);
#2721 = CARTESIAN_POINT('',(-0.8,-1.355,0.75));
#2722 = VECTOR('',#2723,1.);
#2723 = DIRECTION('',(-1.110223024625E-16,1.,0.));
#2724 = ORIENTED_EDGE('',*,*,#2725,.F.);
#2725 = EDGE_CURVE('',#2726,#2718,#2728,.T.);
#2726 = VERTEX_POINT('',#2727);
#2727 = CARTESIAN_POINT('',(-0.8,-1.2,0.75));
#2728 = LINE('',#2729,#2730);
#2729 = CARTESIAN_POINT('',(-0.8,-1.355,0.75));
#2730 = VECTOR('',#2731,1.);
#2731 = DIRECTION('',(-1.110223024625E-16,1.,0.));
#2732 = ORIENTED_EDGE('',*,*,#2733,.F.);
#2733 = EDGE_CURVE('',#2734,#2726,#2736,.T.);
#2734 = VERTEX_POINT('',#2735);
#2735 = CARTESIAN_POINT('',(-0.8,-1.355,0.75));
#2736 = LINE('',#2737,#2738);
#2737 = CARTESIAN_POINT('',(-0.8,-1.355,0.75));
#2738 = VECTOR('',#2739,1.);
#2739 = DIRECTION('',(-1.110223024625E-16,1.,0.));
#2740 = ORIENTED_EDGE('',*,*,#2741,.F.);
#2741 = EDGE_CURVE('',#2579,#2734,#2742,.T.);
#2742 = B_SPLINE_CURVE_WITH_KNOTS('',1,(#2743,#2744),.UNSPECIFIED.,.F.,
  .F.,(2,2),(0.,1.),.PIECEWISE_BEZIER_KNOTS.);
#2743 = CARTESIAN_POINT('',(-0.708648457443,-1.309324228722,0.1));
#2744 = CARTESIAN_POINT('',(-0.8,-1.355,0.75));
#2745 = B_SPLINE_SURFACE_WITH_KNOTS('',1,1,(
    (#2746,#2747)
    ,(#2748,#2749
    )),.UNSPECIFIED.,.F.,.F.,.F.,(2,2),(2,2),(0.,2.71),(0.,1.),
  .PIECEWISE_BEZIER_KNOTS.);
#2746 = CARTESIAN_POINT('',(-0.708648457443,-1.309324228722,0.1));
#2747 = CARTESIAN_POINT('',(-0.8,-1.355,0.75));
#2748 = CARTESIAN_POINT('',(-0.708648457443,1.309324228722,0.1));
#2749 = CARTESIAN_POINT('',(-0.8,1.355,0.75));
#2750 = ADVANCED_FACE('',(#2751),#2800,.F.);
#2751 = FACE_BOUND('',#2752,.F.);
#2752 = EDGE_LOOP('',(#2753,#2754,#2761,#2769,#2777,#2785,#2793,#2799));
#2753 = ORIENTED_EDGE('',*,*,#2554,.T.);
#2754 = ORIENTED_EDGE('',*,*,#2755,.T.);
#2755 = EDGE_CURVE('',#2555,#2756,#2758,.T.);
#2756 = VERTEX_POINT('',#2757);
#2757 = CARTESIAN_POINT('',(0.8,-1.355,0.75));
#2758 = B_SPLINE_CURVE_WITH_KNOTS('',1,(#2759,#2760),.UNSPECIFIED.,.F.,
  .F.,(2,2),(0.,1.),.PIECEWISE_BEZIER_KNOTS.);
#2759 = CARTESIAN_POINT('',(0.708648457443,-1.309324228722,0.1));
#2760 = CARTESIAN_POINT('',(0.8,-1.355,0.75));
#2761 = ORIENTED_EDGE('',*,*,#2762,.F.);
#2762 = EDGE_CURVE('',#2763,#2756,#2765,.T.);
#2763 = VERTEX_POINT('',#2764);
#2764 = CARTESIAN_POINT('',(0.8,-1.2,0.75));
#2765 = LINE('',#2766,#2767);
#2766 = CARTESIAN_POINT('',(0.8,1.355,0.75));
#2767 = VECTOR('',#2768,1.);
#2768 = DIRECTION('',(1.110223024625E-16,-1.,0.));
#2769 = ORIENTED_EDGE('',*,*,#2770,.F.);
#2770 = EDGE_CURVE('',#2771,#2763,#2773,.T.);
#2771 = VERTEX_POINT('',#2772);
#2772 = CARTESIAN_POINT('',(0.8,-0.7,0.75));
#2773 = LINE('',#2774,#2775);
#2774 = CARTESIAN_POINT('',(0.8,1.355,0.75));
#2775 = VECTOR('',#2776,1.);
#2776 = DIRECTION('',(1.110223024625E-16,-1.,0.));
#2777 = ORIENTED_EDGE('',*,*,#2778,.F.);
#2778 = EDGE_CURVE('',#2779,#2771,#2781,.T.);
#2779 = VERTEX_POINT('',#2780);
#2780 = CARTESIAN_POINT('',(0.8,0.7,0.75));
#2781 = LINE('',#2782,#2783);
#2782 = CARTESIAN_POINT('',(0.8,1.355,0.75));
#2783 = VECTOR('',#2784,1.);
#2784 = DIRECTION('',(1.110223024625E-16,-1.,0.));
#2785 = ORIENTED_EDGE('',*,*,#2786,.F.);
#2786 = EDGE_CURVE('',#2787,#2779,#2789,.T.);
#2787 = VERTEX_POINT('',#2788);
#2788 = CARTESIAN_POINT('',(0.8,1.2,0.75));
#2789 = LINE('',#2790,#2791);
#2790 = CARTESIAN_POINT('',(0.8,1.355,0.75));
#2791 = VECTOR('',#2792,1.);
#2792 = DIRECTION('',(1.110223024625E-16,-1.,0.));
#2793 = ORIENTED_EDGE('',*,*,#2794,.F.);
#2794 = EDGE_CURVE('',#2610,#2787,#2795,.T.);
#2795 = LINE('',#2796,#2797);
#2796 = CARTESIAN_POINT('',(0.8,1.355,0.75));
#2797 = VECTOR('',#2798,1.);
#2798 = DIRECTION('',(1.110223024625E-16,-1.,0.));
#2799 = ORIENTED_EDGE('',*,*,#2609,.F.);
#2800 = B_SPLINE_SURFACE_WITH_KNOTS('',1,1,(
    (#2801,#2802)
    ,(#2803,#2804
    )),.UNSPECIFIED.,.F.,.F.,.F.,(2,2),(2,2),(0.,2.71),(0.,1.),
  .PIECEWISE_BEZIER_KNOTS.);
#2801 = CARTESIAN_POINT('',(0.708648457443,1.309324228722,0.1));
#2802 = CARTESIAN_POINT('',(0.8,1.355,0.75));
#2803 = CARTESIAN_POINT('',(0.708648457443,-1.309324228722,0.1));
#2804 = CARTESIAN_POINT('',(0.8,-1.355,0.75));
#2805 = ADVANCED_FACE('',(#2806),#2823,.F.);
#2806 = FACE_BOUND('',#2807,.F.);
#2807 = EDGE_LOOP('',(#2808,#2809,#2810,#2818));
#2808 = ORIENTED_EDGE('',*,*,#2578,.T.);
#2809 = ORIENTED_EDGE('',*,*,#2741,.T.);
#2810 = ORIENTED_EDGE('',*,*,#2811,.F.);
#2811 = EDGE_CURVE('',#2812,#2734,#2814,.T.);
#2812 = VERTEX_POINT('',#2813);
#2813 = CARTESIAN_POINT('',(-0.705,-1.45,0.75));
#2814 = LINE('',#2815,#2816);
#2815 = CARTESIAN_POINT('',(-0.705,-1.45,0.75));
#2816 = VECTOR('',#2817,1.);
#2817 = DIRECTION('',(-0.707106781187,0.707106781187,0.));
#2818 = ORIENTED_EDGE('',*,*,#2819,.F.);
#2819 = EDGE_CURVE('',#2571,#2812,#2820,.T.);
#2820 = B_SPLINE_CURVE_WITH_KNOTS('',1,(#2821,#2822),.UNSPECIFIED.,.F.,
  .F.,(2,2),(0.,1.),.PIECEWISE_BEZIER_KNOTS.);
#2821 = CARTESIAN_POINT('',(-0.659324228722,-1.358648457443,0.1));
#2822 = CARTESIAN_POINT('',(-0.705,-1.45,0.75));
#2823 = B_SPLINE_SURFACE_WITH_KNOTS('',1,1,(
    (#2824,#2825)
    ,(#2826,#2827
    )),.UNSPECIFIED.,.F.,.F.,.F.,(2,2),(2,2),(0.,0.134350288425),(0.,1.)
  ,.PIECEWISE_BEZIER_KNOTS.);
#2824 = CARTESIAN_POINT('',(-0.659324228722,-1.358648457443,0.1));
#2825 = CARTESIAN_POINT('',(-0.705,-1.45,0.75));
#2826 = CARTESIAN_POINT('',(-0.708648457443,-1.309324228722,0.1));
#2827 = CARTESIAN_POINT('',(-0.8,-1.355,0.75));
#2828 = ADVANCED_FACE('',(#2829),#2846,.F.);
#2829 = FACE_BOUND('',#2830,.F.);
#2830 = EDGE_LOOP('',(#2831,#2832,#2839,#2845));
#2831 = ORIENTED_EDGE('',*,*,#2562,.T.);
#2832 = ORIENTED_EDGE('',*,*,#2833,.T.);
#2833 = EDGE_CURVE('',#2563,#2834,#2836,.T.);
#2834 = VERTEX_POINT('',#2835);
#2835 = CARTESIAN_POINT('',(0.705,-1.45,0.75));
#2836 = B_SPLINE_CURVE_WITH_KNOTS('',1,(#2837,#2838),.UNSPECIFIED.,.F.,
  .F.,(2,2),(0.,1.),.PIECEWISE_BEZIER_KNOTS.);
#2837 = CARTESIAN_POINT('',(0.659324228722,-1.358648457443,0.1));
#2838 = CARTESIAN_POINT('',(0.705,-1.45,0.75));
#2839 = ORIENTED_EDGE('',*,*,#2840,.F.);
#2840 = EDGE_CURVE('',#2756,#2834,#2841,.T.);
#2841 = LINE('',#2842,#2843);
#2842 = CARTESIAN_POINT('',(0.8,-1.355,0.75));
#2843 = VECTOR('',#2844,1.);
#2844 = DIRECTION('',(-0.707106781187,-0.707106781187,0.));
#2845 = ORIENTED_EDGE('',*,*,#2755,.F.);
#2846 = B_SPLINE_SURFACE_WITH_KNOTS('',1,1,(
    (#2847,#2848)
    ,(#2849,#2850
    )),.UNSPECIFIED.,.F.,.F.,.F.,(2,2),(2,2),(0.,0.134350288425),(0.,1.)
  ,.PIECEWISE_BEZIER_KNOTS.);
#2847 = CARTESIAN_POINT('',(0.708648457443,-1.309324228722,0.1));
#2848 = CARTESIAN_POINT('',(0.8,-1.355,0.75));
#2849 = CARTESIAN_POINT('',(0.659324228722,-1.358648457443,0.1));
#2850 = CARTESIAN_POINT('',(0.705,-1.45,0.75));
#2851 = ADVANCED_FACE('',(#2852),#2863,.F.);
#2852 = FACE_BOUND('',#2853,.F.);
#2853 = EDGE_LOOP('',(#2854,#2855,#2856,#2862));
#2854 = ORIENTED_EDGE('',*,*,#2570,.T.);
#2855 = ORIENTED_EDGE('',*,*,#2819,.T.);
#2856 = ORIENTED_EDGE('',*,*,#2857,.F.);
#2857 = EDGE_CURVE('',#2834,#2812,#2858,.T.);
#2858 = LINE('',#2859,#2860);
#2859 = CARTESIAN_POINT('',(0.705,-1.45,0.75));
#2860 = VECTOR('',#2861,1.);
#2861 = DIRECTION('',(-1.,-1.110223024625E-16,0.));
#2862 = ORIENTED_EDGE('',*,*,#2833,.F.);
#2863 = B_SPLINE_SURFACE_WITH_KNOTS('',1,1,(
    (#2864,#2865)
    ,(#2866,#2867
    )),.UNSPECIFIED.,.F.,.F.,.F.,(2,2),(2,2),(0.,1.41),(0.,1.),
  .PIECEWISE_BEZIER_KNOTS.);
#2864 = CARTESIAN_POINT('',(0.659324228722,-1.358648457443,0.1));
#2865 = CARTESIAN_POINT('',(0.705,-1.45,0.75));
#2866 = CARTESIAN_POINT('',(-0.659324228722,-1.358648457443,0.1));
#2867 = CARTESIAN_POINT('',(-0.705,-1.45,0.75));
#2868 = ADVANCED_FACE('',(#2869),#2886,.F.);
#2869 = FACE_BOUND('',#2870,.F.);
#2870 = EDGE_LOOP('',(#2871,#2872,#2879,#2885));
#2871 = ORIENTED_EDGE('',*,*,#2616,.T.);
#2872 = ORIENTED_EDGE('',*,*,#2873,.T.);
#2873 = EDGE_CURVE('',#2610,#2874,#2876,.T.);
#2874 = VERTEX_POINT('',#2875);
#2875 = CARTESIAN_POINT('',(0.8,1.355,0.9));
#2876 = B_SPLINE_CURVE_WITH_KNOTS('',1,(#2877,#2878),.UNSPECIFIED.,.F.,
  .F.,(2,2),(0.,1.),.PIECEWISE_BEZIER_KNOTS.);
#2877 = CARTESIAN_POINT('',(0.8,1.355,0.75));
#2878 = CARTESIAN_POINT('',(0.8,1.355,0.9));
#2879 = ORIENTED_EDGE('',*,*,#2880,.F.);
#2880 = EDGE_CURVE('',#2633,#2874,#2881,.T.);
#2881 = LINE('',#2882,#2883);
#2882 = CARTESIAN_POINT('',(0.705,1.45,0.9));
#2883 = VECTOR('',#2884,1.);
#2884 = DIRECTION('',(0.707106781187,-0.707106781187,0.));
#2885 = ORIENTED_EDGE('',*,*,#2632,.F.);
#2886 = PLANE('',#2887);
#2887 = AXIS2_PLACEMENT_3D('',#2888,#2889,#2890);
#2888 = CARTESIAN_POINT('',(0.705,1.45,0.9));
#2889 = DIRECTION('',(-0.707106781187,-0.707106781187,0.));
#2890 = DIRECTION('',(0.707106781187,-0.707106781187,0.));
#2891 = ADVANCED_FACE('',(#2892),#2974,.F.);
#2892 = FACE_BOUND('',#2893,.F.);
#2893 = EDGE_LOOP('',(#2894,#2902,#2903,#2904,#2912,#2920,#2928,#2936,
    #2944,#2952,#2960,#2968));
#2894 = ORIENTED_EDGE('',*,*,#2895,.T.);
#2895 = EDGE_CURVE('',#2896,#2640,#2898,.T.);
#2896 = VERTEX_POINT('',#2897);
#2897 = CARTESIAN_POINT('',(-0.8,1.355,0.9));
#2898 = LINE('',#2899,#2900);
#2899 = CARTESIAN_POINT('',(-0.8,1.355,0.9));
#2900 = VECTOR('',#2901,1.);
#2901 = DIRECTION('',(0.707106781187,0.707106781187,0.));
#2902 = ORIENTED_EDGE('',*,*,#2639,.T.);
#2903 = ORIENTED_EDGE('',*,*,#2880,.T.);
#2904 = ORIENTED_EDGE('',*,*,#2905,.T.);
#2905 = EDGE_CURVE('',#2874,#2906,#2908,.T.);
#2906 = VERTEX_POINT('',#2907);
#2907 = CARTESIAN_POINT('',(0.8,1.2,0.9));
#2908 = LINE('',#2909,#2910);
#2909 = CARTESIAN_POINT('',(0.8,1.355,0.9));
#2910 = VECTOR('',#2911,1.);
#2911 = DIRECTION('',(1.110223024625E-16,-1.,0.));
#2912 = ORIENTED_EDGE('',*,*,#2913,.T.);
#2913 = EDGE_CURVE('',#2906,#2914,#2916,.T.);
#2914 = VERTEX_POINT('',#2915);
#2915 = CARTESIAN_POINT('',(0.775,1.2,0.9));
#2916 = LINE('',#2917,#2918);
#2917 = CARTESIAN_POINT('',(0.85,1.2,0.9));
#2918 = VECTOR('',#2919,1.);
#2919 = DIRECTION('',(-1.,-1.110223024625E-16,0.));
#2920 = ORIENTED_EDGE('',*,*,#2921,.F.);
#2921 = EDGE_CURVE('',#2922,#2914,#2924,.T.);
#2922 = VERTEX_POINT('',#2923);
#2923 = CARTESIAN_POINT('',(0.775,1.3425,0.9));
#2924 = LINE('',#2925,#2926);
#2925 = CARTESIAN_POINT('',(0.775,1.3425,0.9));
#2926 = VECTOR('',#2927,1.);
#2927 = DIRECTION('',(1.110223024625E-16,-1.,0.));
#2928 = ORIENTED_EDGE('',*,*,#2929,.F.);
#2929 = EDGE_CURVE('',#2930,#2922,#2932,.T.);
#2930 = VERTEX_POINT('',#2931);
#2931 = CARTESIAN_POINT('',(0.6925,1.425,0.9));
#2932 = LINE('',#2933,#2934);
#2933 = CARTESIAN_POINT('',(0.6925,1.425,0.9));
#2934 = VECTOR('',#2935,1.);
#2935 = DIRECTION('',(0.707106781187,-0.707106781187,0.));
#2936 = ORIENTED_EDGE('',*,*,#2937,.F.);
#2937 = EDGE_CURVE('',#2938,#2930,#2940,.T.);
#2938 = VERTEX_POINT('',#2939);
#2939 = CARTESIAN_POINT('',(-0.6925,1.425,0.9));
#2940 = LINE('',#2941,#2942);
#2941 = CARTESIAN_POINT('',(-0.6925,1.425,0.9));
#2942 = VECTOR('',#2943,1.);
#2943 = DIRECTION('',(1.,1.110223024625E-16,0.));
#2944 = ORIENTED_EDGE('',*,*,#2945,.F.);
#2945 = EDGE_CURVE('',#2946,#2938,#2948,.T.);
#2946 = VERTEX_POINT('',#2947);
#2947 = CARTESIAN_POINT('',(-0.775,1.3425,0.9));
#2948 = LINE('',#2949,#2950);
#2949 = CARTESIAN_POINT('',(-0.775,1.3425,0.9));
#2950 = VECTOR('',#2951,1.);
#2951 = DIRECTION('',(0.707106781187,0.707106781187,0.));
#2952 = ORIENTED_EDGE('',*,*,#2953,.F.);
#2953 = EDGE_CURVE('',#2954,#2946,#2956,.T.);
#2954 = VERTEX_POINT('',#2955);
#2955 = CARTESIAN_POINT('',(-0.775,1.2,0.9));
#2956 = LINE('',#2957,#2958);
#2957 = CARTESIAN_POINT('',(-0.775,-1.3425,0.9));
#2958 = VECTOR('',#2959,1.);
#2959 = DIRECTION('',(-1.110223024625E-16,1.,0.));
#2960 = ORIENTED_EDGE('',*,*,#2961,.F.);
#2961 = EDGE_CURVE('',#2962,#2954,#2964,.T.);
#2962 = VERTEX_POINT('',#2963);
#2963 = CARTESIAN_POINT('',(-0.8,1.2,0.9));
#2964 = LINE('',#2965,#2966);
#2965 = CARTESIAN_POINT('',(-0.85,1.2,0.9));
#2966 = VECTOR('',#2967,1.);
#2967 = DIRECTION('',(1.,-1.144237745222E-17,0.));
#2968 = ORIENTED_EDGE('',*,*,#2969,.T.);
#2969 = EDGE_CURVE('',#2962,#2896,#2970,.T.);
#2970 = LINE('',#2971,#2972);
#2971 = CARTESIAN_POINT('',(-0.8,-1.355,0.9));
#2972 = VECTOR('',#2973,1.);
#2973 = DIRECTION('',(-1.110223024625E-16,1.,0.));
#2974 = PLANE('',#2975);
#2975 = AXIS2_PLACEMENT_3D('',#2976,#2977,#2978);
#2976 = CARTESIAN_POINT('',(-2.091417030376E-16,1.4375,0.9));
#2977 = DIRECTION('',(4.595758349624E-18,6.551522493592E-27,-1.));
#2978 = DIRECTION('',(1.,1.51922136901E-16,4.595758349624E-18));
#2979 = ADVANCED_FACE('',(#2980),#2990,.F.);
#2980 = FACE_BOUND('',#2981,.F.);
#2981 = EDGE_LOOP('',(#2982,#2983,#2984,#2985));
#2982 = ORIENTED_EDGE('',*,*,#2662,.T.);
#2983 = ORIENTED_EDGE('',*,*,#2647,.T.);
#2984 = ORIENTED_EDGE('',*,*,#2895,.F.);
#2985 = ORIENTED_EDGE('',*,*,#2986,.F.);
#2986 = EDGE_CURVE('',#2663,#2896,#2987,.T.);
#2987 = B_SPLINE_CURVE_WITH_KNOTS('',1,(#2988,#2989),.UNSPECIFIED.,.F.,
  .F.,(2,2),(0.,1.),.PIECEWISE_BEZIER_KNOTS.);
#2988 = CARTESIAN_POINT('',(-0.8,1.355,0.75));
#2989 = CARTESIAN_POINT('',(-0.8,1.355,0.9));
#2990 = PLANE('',#2991);
#2991 = AXIS2_PLACEMENT_3D('',#2992,#2993,#2994);
#2992 = CARTESIAN_POINT('',(-0.8,1.355,0.9));
#2993 = DIRECTION('',(0.707106781187,-0.707106781187,0.));
#2994 = DIRECTION('',(0.707106781187,0.707106781187,0.));
#2995 = ADVANCED_FACE('',(#2996),#3020,.F.);
#2996 = FACE_BOUND('',#2997,.F.);
#2997 = EDGE_LOOP('',(#2998,#3005,#3006,#3014));
#2998 = ORIENTED_EDGE('',*,*,#2999,.F.);
#2999 = EDGE_CURVE('',#2734,#3000,#3002,.T.);
#3000 = VERTEX_POINT('',#3001);
#3001 = CARTESIAN_POINT('',(-0.8,-1.355,0.9));
#3002 = B_SPLINE_CURVE_WITH_KNOTS('',1,(#3003,#3004),.UNSPECIFIED.,.F.,
  .F.,(2,2),(0.,1.),.PIECEWISE_BEZIER_KNOTS.);
#3003 = CARTESIAN_POINT('',(-0.8,-1.355,0.75));
#3004 = CARTESIAN_POINT('',(-0.8,-1.355,0.9));
#3005 = ORIENTED_EDGE('',*,*,#2733,.T.);
#3006 = ORIENTED_EDGE('',*,*,#3007,.T.);
#3007 = EDGE_CURVE('',#2726,#3008,#3010,.T.);
#3008 = VERTEX_POINT('',#3009);
#3009 = CARTESIAN_POINT('',(-0.8,-1.2,0.9));
#3010 = LINE('',#3011,#3012);
#3011 = CARTESIAN_POINT('',(-0.8,-1.2,0.670847817658));
#3012 = VECTOR('',#3013,1.);
#3013 = DIRECTION('',(0.,0.,1.));
#3014 = ORIENTED_EDGE('',*,*,#3015,.F.);
#3015 = EDGE_CURVE('',#3000,#3008,#3016,.T.);
#3016 = LINE('',#3017,#3018);
#3017 = CARTESIAN_POINT('',(-0.8,-1.355,0.9));
#3018 = VECTOR('',#3019,1.);
#3019 = DIRECTION('',(-1.110223024625E-16,1.,0.));
#3020 = PLANE('',#3021);
#3021 = AXIS2_PLACEMENT_3D('',#3022,#3023,#3024);
#3022 = CARTESIAN_POINT('',(-0.8,-1.355,0.9));
#3023 = DIRECTION('',(1.,1.110223024625E-16,0.));
#3024 = DIRECTION('',(-1.110223024625E-16,1.,0.));
#3025 = ADVANCED_FACE('',(#3026),#3051,.F.);
#3026 = FACE_BOUND('',#3027,.F.);
#3027 = EDGE_LOOP('',(#3028,#3036,#3037,#3045));
#3028 = ORIENTED_EDGE('',*,*,#3029,.F.);
#3029 = EDGE_CURVE('',#2726,#3030,#3032,.T.);
#3030 = VERTEX_POINT('',#3031);
#3031 = CARTESIAN_POINT('',(-0.85,-1.2,0.75));
#3032 = LINE('',#3033,#3034);
#3033 = CARTESIAN_POINT('',(-0.75,-1.2,0.75));
#3034 = VECTOR('',#3035,1.);
#3035 = DIRECTION('',(-1.,1.144237745222E-17,0.));
#3036 = ORIENTED_EDGE('',*,*,#2725,.T.);
#3037 = ORIENTED_EDGE('',*,*,#3038,.T.);
#3038 = EDGE_CURVE('',#2718,#3039,#3041,.T.);
#3039 = VERTEX_POINT('',#3040);
#3040 = CARTESIAN_POINT('',(-0.85,-0.7,0.75));
#3041 = LINE('',#3042,#3043);
#3042 = CARTESIAN_POINT('',(-0.75,-0.7,0.75));
#3043 = VECTOR('',#3044,1.);
#3044 = DIRECTION('',(-1.,1.144237745222E-17,0.));
#3045 = ORIENTED_EDGE('',*,*,#3046,.F.);
#3046 = EDGE_CURVE('',#3030,#3039,#3047,.T.);
#3047 = LINE('',#3048,#3049);
#3048 = CARTESIAN_POINT('',(-0.85,-1.2,0.75));
#3049 = VECTOR('',#3050,1.);
#3050 = DIRECTION('',(1.144237745222E-17,1.,0.));
#3051 = PLANE('',#3052);
#3052 = AXIS2_PLACEMENT_3D('',#3053,#3054,#3055);
#3053 = CARTESIAN_POINT('',(-0.75,-1.2,0.75));
#3054 = DIRECTION('',(0.,0.,1.));
#3055 = DIRECTION('',(-1.,1.144237745222E-17,0.));
#3056 = ADVANCED_FACE('',(#3057),#3082,.F.);
#3057 = FACE_BOUND('',#3058,.F.);
#3058 = EDGE_LOOP('',(#3059,#3067,#3068,#3076));
#3059 = ORIENTED_EDGE('',*,*,#3060,.F.);
#3060 = EDGE_CURVE('',#2718,#3061,#3063,.T.);
#3061 = VERTEX_POINT('',#3062);
#3062 = CARTESIAN_POINT('',(-0.8,-0.7,0.9));
#3063 = LINE('',#3064,#3065);
#3064 = CARTESIAN_POINT('',(-0.8,-0.7,0.670847817658));
#3065 = VECTOR('',#3066,1.);
#3066 = DIRECTION('',(0.,0.,1.));
#3067 = ORIENTED_EDGE('',*,*,#2717,.T.);
#3068 = ORIENTED_EDGE('',*,*,#3069,.T.);
#3069 = EDGE_CURVE('',#2710,#3070,#3072,.T.);
#3070 = VERTEX_POINT('',#3071);
#3071 = CARTESIAN_POINT('',(-0.8,-0.25,0.9));
#3072 = LINE('',#3073,#3074);
#3073 = CARTESIAN_POINT('',(-0.8,-0.25,0.670847817658));
#3074 = VECTOR('',#3075,1.);
#3075 = DIRECTION('',(0.,0.,1.));
#3076 = ORIENTED_EDGE('',*,*,#3077,.F.);
#3077 = EDGE_CURVE('',#3061,#3070,#3078,.T.);
#3078 = LINE('',#3079,#3080);
#3079 = CARTESIAN_POINT('',(-0.8,-1.355,0.9));
#3080 = VECTOR('',#3081,1.);
#3081 = DIRECTION('',(-1.110223024625E-16,1.,0.));
#3082 = PLANE('',#3083);
#3083 = AXIS2_PLACEMENT_3D('',#3084,#3085,#3086);
#3084 = CARTESIAN_POINT('',(-0.8,-1.355,0.9));
#3085 = DIRECTION('',(1.,1.110223024625E-16,0.));
#3086 = DIRECTION('',(-1.110223024625E-16,1.,0.));
#3087 = ADVANCED_FACE('',(#3088),#3113,.F.);
#3088 = FACE_BOUND('',#3089,.F.);
#3089 = EDGE_LOOP('',(#3090,#3098,#3099,#3107));
#3090 = ORIENTED_EDGE('',*,*,#3091,.F.);
#3091 = EDGE_CURVE('',#2710,#3092,#3094,.T.);
#3092 = VERTEX_POINT('',#3093);
#3093 = CARTESIAN_POINT('',(-0.85,-0.25,0.75));
#3094 = LINE('',#3095,#3096);
#3095 = CARTESIAN_POINT('',(-0.75,-0.25,0.75));
#3096 = VECTOR('',#3097,1.);
#3097 = DIRECTION('',(-1.,1.144237745222E-17,0.));
#3098 = ORIENTED_EDGE('',*,*,#2709,.T.);
#3099 = ORIENTED_EDGE('',*,*,#3100,.T.);
#3100 = EDGE_CURVE('',#2702,#3101,#3103,.T.);
#3101 = VERTEX_POINT('',#3102);
#3102 = CARTESIAN_POINT('',(-0.85,0.25,0.75));
#3103 = LINE('',#3104,#3105);
#3104 = CARTESIAN_POINT('',(-0.75,0.25,0.75));
#3105 = VECTOR('',#3106,1.);
#3106 = DIRECTION('',(-1.,1.144237745222E-17,0.));
#3107 = ORIENTED_EDGE('',*,*,#3108,.F.);
#3108 = EDGE_CURVE('',#3092,#3101,#3109,.T.);
#3109 = LINE('',#3110,#3111);
#3110 = CARTESIAN_POINT('',(-0.85,-0.25,0.75));
#3111 = VECTOR('',#3112,1.);
#3112 = DIRECTION('',(1.144237745222E-17,1.,0.));
#3113 = PLANE('',#3114);
#3114 = AXIS2_PLACEMENT_3D('',#3115,#3116,#3117);
#3115 = CARTESIAN_POINT('',(-0.75,-0.25,0.75));
#3116 = DIRECTION('',(0.,0.,1.));
#3117 = DIRECTION('',(-1.,1.144237745222E-17,0.));
#3118 = ADVANCED_FACE('',(#3119),#3144,.F.);
#3119 = FACE_BOUND('',#3120,.F.);
#3120 = EDGE_LOOP('',(#3121,#3129,#3130,#3138));
#3121 = ORIENTED_EDGE('',*,*,#3122,.F.);
#3122 = EDGE_CURVE('',#2702,#3123,#3125,.T.);
#3123 = VERTEX_POINT('',#3124);
#3124 = CARTESIAN_POINT('',(-0.8,0.25,0.9));
#3125 = LINE('',#3126,#3127);
#3126 = CARTESIAN_POINT('',(-0.8,0.25,0.670847817658));
#3127 = VECTOR('',#3128,1.);
#3128 = DIRECTION('',(0.,0.,1.));
#3129 = ORIENTED_EDGE('',*,*,#2701,.T.);
#3130 = ORIENTED_EDGE('',*,*,#3131,.T.);
#3131 = EDGE_CURVE('',#2694,#3132,#3134,.T.);
#3132 = VERTEX_POINT('',#3133);
#3133 = CARTESIAN_POINT('',(-0.8,0.7,0.9));
#3134 = LINE('',#3135,#3136);
#3135 = CARTESIAN_POINT('',(-0.8,0.7,0.670847817658));
#3136 = VECTOR('',#3137,1.);
#3137 = DIRECTION('',(0.,0.,1.));
#3138 = ORIENTED_EDGE('',*,*,#3139,.F.);
#3139 = EDGE_CURVE('',#3123,#3132,#3140,.T.);
#3140 = LINE('',#3141,#3142);
#3141 = CARTESIAN_POINT('',(-0.8,-1.355,0.9));
#3142 = VECTOR('',#3143,1.);
#3143 = DIRECTION('',(-1.110223024625E-16,1.,0.));
#3144 = PLANE('',#3145);
#3145 = AXIS2_PLACEMENT_3D('',#3146,#3147,#3148);
#3146 = CARTESIAN_POINT('',(-0.8,-1.355,0.9));
#3147 = DIRECTION('',(1.,1.110223024625E-16,0.));
#3148 = DIRECTION('',(-1.110223024625E-16,1.,0.));
#3149 = ADVANCED_FACE('',(#3150),#3175,.F.);
#3150 = FACE_BOUND('',#3151,.F.);
#3151 = EDGE_LOOP('',(#3152,#3160,#3161,#3169));
#3152 = ORIENTED_EDGE('',*,*,#3153,.F.);
#3153 = EDGE_CURVE('',#2694,#3154,#3156,.T.);
#3154 = VERTEX_POINT('',#3155);
#3155 = CARTESIAN_POINT('',(-0.85,0.7,0.75));
#3156 = LINE('',#3157,#3158);
#3157 = CARTESIAN_POINT('',(-0.75,0.7,0.75));
#3158 = VECTOR('',#3159,1.);
#3159 = DIRECTION('',(-1.,1.144237745222E-17,0.));
#3160 = ORIENTED_EDGE('',*,*,#2693,.T.);
#3161 = ORIENTED_EDGE('',*,*,#3162,.T.);
#3162 = EDGE_CURVE('',#2686,#3163,#3165,.T.);
#3163 = VERTEX_POINT('',#3164);
#3164 = CARTESIAN_POINT('',(-0.85,1.2,0.75));
#3165 = LINE('',#3166,#3167);
#3166 = CARTESIAN_POINT('',(-0.75,1.2,0.75));
#3167 = VECTOR('',#3168,1.);
#3168 = DIRECTION('',(-1.,1.144237745222E-17,0.));
#3169 = ORIENTED_EDGE('',*,*,#3170,.F.);
#3170 = EDGE_CURVE('',#3154,#3163,#3171,.T.);
#3171 = LINE('',#3172,#3173);
#3172 = CARTESIAN_POINT('',(-0.85,0.7,0.75));
#3173 = VECTOR('',#3174,1.);
#3174 = DIRECTION('',(1.144237745222E-17,1.,0.));
#3175 = PLANE('',#3176);
#3176 = AXIS2_PLACEMENT_3D('',#3177,#3178,#3179);
#3177 = CARTESIAN_POINT('',(-0.75,0.7,0.75));
#3178 = DIRECTION('',(0.,0.,1.));
#3179 = DIRECTION('',(-1.,1.144237745222E-17,0.));
#3180 = ADVANCED_FACE('',(#3181),#3192,.F.);
#3181 = FACE_BOUND('',#3182,.F.);
#3182 = EDGE_LOOP('',(#3183,#3189,#3190,#3191));
#3183 = ORIENTED_EDGE('',*,*,#3184,.F.);
#3184 = EDGE_CURVE('',#2686,#2962,#3185,.T.);
#3185 = LINE('',#3186,#3187);
#3186 = CARTESIAN_POINT('',(-0.8,1.2,0.670847817658));
#3187 = VECTOR('',#3188,1.);
#3188 = DIRECTION('',(0.,0.,1.));
#3189 = ORIENTED_EDGE('',*,*,#2685,.T.);
#3190 = ORIENTED_EDGE('',*,*,#2986,.T.);
#3191 = ORIENTED_EDGE('',*,*,#2969,.F.);
#3192 = PLANE('',#3193);
#3193 = AXIS2_PLACEMENT_3D('',#3194,#3195,#3196);
#3194 = CARTESIAN_POINT('',(-0.8,-1.355,0.9));
#3195 = DIRECTION('',(1.,1.110223024625E-16,0.));
#3196 = DIRECTION('',(-1.110223024625E-16,1.,0.));
#3197 = ADVANCED_FACE('',(#3198),#3209,.F.);
#3198 = FACE_BOUND('',#3199,.F.);
#3199 = EDGE_LOOP('',(#3200,#3201,#3202,#3208));
#3200 = ORIENTED_EDGE('',*,*,#2873,.F.);
#3201 = ORIENTED_EDGE('',*,*,#2794,.T.);
#3202 = ORIENTED_EDGE('',*,*,#3203,.T.);
#3203 = EDGE_CURVE('',#2787,#2906,#3204,.T.);
#3204 = LINE('',#3205,#3206);
#3205 = CARTESIAN_POINT('',(0.8,1.2,0.670847817658));
#3206 = VECTOR('',#3207,1.);
#3207 = DIRECTION('',(0.,0.,1.));
#3208 = ORIENTED_EDGE('',*,*,#2905,.F.);
#3209 = PLANE('',#3210);
#3210 = AXIS2_PLACEMENT_3D('',#3211,#3212,#3213);
#3211 = CARTESIAN_POINT('',(0.8,1.355,0.9));
#3212 = DIRECTION('',(-1.,-1.110223024625E-16,0.));
#3213 = DIRECTION('',(1.110223024625E-16,-1.,0.));
#3214 = ADVANCED_FACE('',(#3215),#3240,.F.);
#3215 = FACE_BOUND('',#3216,.F.);
#3216 = EDGE_LOOP('',(#3217,#3225,#3226,#3234));
#3217 = ORIENTED_EDGE('',*,*,#3218,.F.);
#3218 = EDGE_CURVE('',#2787,#3219,#3221,.T.);
#3219 = VERTEX_POINT('',#3220);
#3220 = CARTESIAN_POINT('',(0.85,1.2,0.75));
#3221 = LINE('',#3222,#3223);
#3222 = CARTESIAN_POINT('',(0.75,1.2,0.75));
#3223 = VECTOR('',#3224,1.);
#3224 = DIRECTION('',(1.,1.110223024625E-16,0.));
#3225 = ORIENTED_EDGE('',*,*,#2786,.T.);
#3226 = ORIENTED_EDGE('',*,*,#3227,.T.);
#3227 = EDGE_CURVE('',#2779,#3228,#3230,.T.);
#3228 = VERTEX_POINT('',#3229);
#3229 = CARTESIAN_POINT('',(0.85,0.7,0.75));
#3230 = LINE('',#3231,#3232);
#3231 = CARTESIAN_POINT('',(0.75,0.7,0.75));
#3232 = VECTOR('',#3233,1.);
#3233 = DIRECTION('',(1.,1.110223024625E-16,0.));
#3234 = ORIENTED_EDGE('',*,*,#3235,.F.);
#3235 = EDGE_CURVE('',#3219,#3228,#3236,.T.);
#3236 = LINE('',#3237,#3238);
#3237 = CARTESIAN_POINT('',(0.85,1.2,0.75));
#3238 = VECTOR('',#3239,1.);
#3239 = DIRECTION('',(1.110223024625E-16,-1.,0.));
#3240 = PLANE('',#3241);
#3241 = AXIS2_PLACEMENT_3D('',#3242,#3243,#3244);
#3242 = CARTESIAN_POINT('',(0.75,1.2,0.75));
#3243 = DIRECTION('',(0.,0.,1.));
#3244 = DIRECTION('',(1.,1.110223024625E-16,-0.));
#3245 = ADVANCED_FACE('',(#3246),#3271,.F.);
#3246 = FACE_BOUND('',#3247,.F.);
#3247 = EDGE_LOOP('',(#3248,#3256,#3257,#3265));
#3248 = ORIENTED_EDGE('',*,*,#3249,.F.);
#3249 = EDGE_CURVE('',#2779,#3250,#3252,.T.);
#3250 = VERTEX_POINT('',#3251);
#3251 = CARTESIAN_POINT('',(0.8,0.7,0.9));
#3252 = LINE('',#3253,#3254);
#3253 = CARTESIAN_POINT('',(0.8,0.7,0.670847817658));
#3254 = VECTOR('',#3255,1.);
#3255 = DIRECTION('',(0.,0.,1.));
#3256 = ORIENTED_EDGE('',*,*,#2778,.T.);
#3257 = ORIENTED_EDGE('',*,*,#3258,.T.);
#3258 = EDGE_CURVE('',#2771,#3259,#3261,.T.);
#3259 = VERTEX_POINT('',#3260);
#3260 = CARTESIAN_POINT('',(0.8,-0.7,0.9));
#3261 = LINE('',#3262,#3263);
#3262 = CARTESIAN_POINT('',(0.8,-0.7,0.670847817658));
#3263 = VECTOR('',#3264,1.);
#3264 = DIRECTION('',(0.,0.,1.));
#3265 = ORIENTED_EDGE('',*,*,#3266,.F.);
#3266 = EDGE_CURVE('',#3250,#3259,#3267,.T.);
#3267 = LINE('',#3268,#3269);
#3268 = CARTESIAN_POINT('',(0.8,1.355,0.9));
#3269 = VECTOR('',#3270,1.);
#3270 = DIRECTION('',(1.110223024625E-16,-1.,0.));
#3271 = PLANE('',#3272);
#3272 = AXIS2_PLACEMENT_3D('',#3273,#3274,#3275);
#3273 = CARTESIAN_POINT('',(0.8,1.355,0.9));
#3274 = DIRECTION('',(-1.,-1.110223024625E-16,0.));
#3275 = DIRECTION('',(1.110223024625E-16,-1.,0.));
#3276 = ADVANCED_FACE('',(#3277),#3302,.F.);
#3277 = FACE_BOUND('',#3278,.F.);
#3278 = EDGE_LOOP('',(#3279,#3287,#3288,#3296));
#3279 = ORIENTED_EDGE('',*,*,#3280,.F.);
#3280 = EDGE_CURVE('',#2771,#3281,#3283,.T.);
#3281 = VERTEX_POINT('',#3282);
#3282 = CARTESIAN_POINT('',(0.85,-0.7,0.75));
#3283 = LINE('',#3284,#3285);
#3284 = CARTESIAN_POINT('',(0.75,-0.7,0.75));
#3285 = VECTOR('',#3286,1.);
#3286 = DIRECTION('',(1.,1.110223024625E-16,0.));
#3287 = ORIENTED_EDGE('',*,*,#2770,.T.);
#3288 = ORIENTED_EDGE('',*,*,#3289,.T.);
#3289 = EDGE_CURVE('',#2763,#3290,#3292,.T.);
#3290 = VERTEX_POINT('',#3291);
#3291 = CARTESIAN_POINT('',(0.85,-1.2,0.75));
#3292 = LINE('',#3293,#3294);
#3293 = CARTESIAN_POINT('',(0.75,-1.2,0.75));
#3294 = VECTOR('',#3295,1.);
#3295 = DIRECTION('',(1.,1.110223024625E-16,0.));
#3296 = ORIENTED_EDGE('',*,*,#3297,.F.);
#3297 = EDGE_CURVE('',#3281,#3290,#3298,.T.);
#3298 = LINE('',#3299,#3300);
#3299 = CARTESIAN_POINT('',(0.85,-0.7,0.75));
#3300 = VECTOR('',#3301,1.);
#3301 = DIRECTION('',(1.110223024625E-16,-1.,0.));
#3302 = PLANE('',#3303);
#3303 = AXIS2_PLACEMENT_3D('',#3304,#3305,#3306);
#3304 = CARTESIAN_POINT('',(0.75,-0.7,0.75));
#3305 = DIRECTION('',(0.,0.,1.));
#3306 = DIRECTION('',(1.,1.110223024625E-16,-0.));
#3307 = ADVANCED_FACE('',(#3308),#3332,.F.);
#3308 = FACE_BOUND('',#3309,.F.);
#3309 = EDGE_LOOP('',(#3310,#3318,#3319,#3326));
#3310 = ORIENTED_EDGE('',*,*,#3311,.F.);
#3311 = EDGE_CURVE('',#2763,#3312,#3314,.T.);
#3312 = VERTEX_POINT('',#3313);
#3313 = CARTESIAN_POINT('',(0.8,-1.2,0.9));
#3314 = LINE('',#3315,#3316);
#3315 = CARTESIAN_POINT('',(0.8,-1.2,0.670847817658));
#3316 = VECTOR('',#3317,1.);
#3317 = DIRECTION('',(0.,0.,1.));
#3318 = ORIENTED_EDGE('',*,*,#2762,.T.);
#3319 = ORIENTED_EDGE('',*,*,#3320,.T.);
#3320 = EDGE_CURVE('',#2756,#3321,#3323,.T.);
#3321 = VERTEX_POINT('',#3322);
#3322 = CARTESIAN_POINT('',(0.8,-1.355,0.9));
#3323 = B_SPLINE_CURVE_WITH_KNOTS('',1,(#3324,#3325),.UNSPECIFIED.,.F.,
  .F.,(2,2),(0.,1.),.PIECEWISE_BEZIER_KNOTS.);
#3324 = CARTESIAN_POINT('',(0.8,-1.355,0.75));
#3325 = CARTESIAN_POINT('',(0.8,-1.355,0.9));
#3326 = ORIENTED_EDGE('',*,*,#3327,.F.);
#3327 = EDGE_CURVE('',#3312,#3321,#3328,.T.);
#3328 = LINE('',#3329,#3330);
#3329 = CARTESIAN_POINT('',(0.8,1.355,0.9));
#3330 = VECTOR('',#3331,1.);
#3331 = DIRECTION('',(1.110223024625E-16,-1.,0.));
#3332 = PLANE('',#3333);
#3333 = AXIS2_PLACEMENT_3D('',#3334,#3335,#3336);
#3334 = CARTESIAN_POINT('',(0.8,1.355,0.9));
#3335 = DIRECTION('',(-1.,-1.110223024625E-16,0.));
#3336 = DIRECTION('',(1.110223024625E-16,-1.,0.));
#3337 = ADVANCED_FACE('',(#3338),#3355,.F.);
#3338 = FACE_BOUND('',#3339,.F.);
#3339 = EDGE_LOOP('',(#3340,#3341,#3342,#3350));
#3340 = ORIENTED_EDGE('',*,*,#2811,.T.);
#3341 = ORIENTED_EDGE('',*,*,#2999,.T.);
#3342 = ORIENTED_EDGE('',*,*,#3343,.F.);
#3343 = EDGE_CURVE('',#3344,#3000,#3346,.T.);
#3344 = VERTEX_POINT('',#3345);
#3345 = CARTESIAN_POINT('',(-0.705,-1.45,0.9));
#3346 = LINE('',#3347,#3348);
#3347 = CARTESIAN_POINT('',(-0.705,-1.45,0.9));
#3348 = VECTOR('',#3349,1.);
#3349 = DIRECTION('',(-0.707106781187,0.707106781187,0.));
#3350 = ORIENTED_EDGE('',*,*,#3351,.F.);
#3351 = EDGE_CURVE('',#2812,#3344,#3352,.T.);
#3352 = B_SPLINE_CURVE_WITH_KNOTS('',1,(#3353,#3354),.UNSPECIFIED.,.F.,
  .F.,(2,2),(0.,1.),.PIECEWISE_BEZIER_KNOTS.);
#3353 = CARTESIAN_POINT('',(-0.705,-1.45,0.75));
#3354 = CARTESIAN_POINT('',(-0.705,-1.45,0.9));
#3355 = PLANE('',#3356);
#3356 = AXIS2_PLACEMENT_3D('',#3357,#3358,#3359);
#3357 = CARTESIAN_POINT('',(-0.705,-1.45,0.9));
#3358 = DIRECTION('',(0.707106781187,0.707106781187,0.));
#3359 = DIRECTION('',(-0.707106781187,0.707106781187,0.));
#3360 = ADVANCED_FACE('',(#3361),#3378,.F.);
#3361 = FACE_BOUND('',#3362,.F.);
#3362 = EDGE_LOOP('',(#3363,#3364,#3371,#3377));
#3363 = ORIENTED_EDGE('',*,*,#2840,.T.);
#3364 = ORIENTED_EDGE('',*,*,#3365,.T.);
#3365 = EDGE_CURVE('',#2834,#3366,#3368,.T.);
#3366 = VERTEX_POINT('',#3367);
#3367 = CARTESIAN_POINT('',(0.705,-1.45,0.9));
#3368 = B_SPLINE_CURVE_WITH_KNOTS('',1,(#3369,#3370),.UNSPECIFIED.,.F.,
  .F.,(2,2),(0.,1.),.PIECEWISE_BEZIER_KNOTS.);
#3369 = CARTESIAN_POINT('',(0.705,-1.45,0.75));
#3370 = CARTESIAN_POINT('',(0.705,-1.45,0.9));
#3371 = ORIENTED_EDGE('',*,*,#3372,.F.);
#3372 = EDGE_CURVE('',#3321,#3366,#3373,.T.);
#3373 = LINE('',#3374,#3375);
#3374 = CARTESIAN_POINT('',(0.8,-1.355,0.9));
#3375 = VECTOR('',#3376,1.);
#3376 = DIRECTION('',(-0.707106781187,-0.707106781187,0.));
#3377 = ORIENTED_EDGE('',*,*,#3320,.F.);
#3378 = PLANE('',#3379);
#3379 = AXIS2_PLACEMENT_3D('',#3380,#3381,#3382);
#3380 = CARTESIAN_POINT('',(0.8,-1.355,0.9));
#3381 = DIRECTION('',(-0.707106781187,0.707106781187,0.));
#3382 = DIRECTION('',(-0.707106781187,-0.707106781187,0.));
#3383 = ADVANCED_FACE('',(#3384),#3395,.F.);
#3384 = FACE_BOUND('',#3385,.F.);
#3385 = EDGE_LOOP('',(#3386,#3387,#3388,#3394));
#3386 = ORIENTED_EDGE('',*,*,#2857,.T.);
#3387 = ORIENTED_EDGE('',*,*,#3351,.T.);
#3388 = ORIENTED_EDGE('',*,*,#3389,.F.);
#3389 = EDGE_CURVE('',#3366,#3344,#3390,.T.);
#3390 = LINE('',#3391,#3392);
#3391 = CARTESIAN_POINT('',(0.705,-1.45,0.9));
#3392 = VECTOR('',#3393,1.);
#3393 = DIRECTION('',(-1.,-1.110223024625E-16,0.));
#3394 = ORIENTED_EDGE('',*,*,#3365,.F.);
#3395 = PLANE('',#3396);
#3396 = AXIS2_PLACEMENT_3D('',#3397,#3398,#3399);
#3397 = CARTESIAN_POINT('',(0.705,-1.45,0.9));
#3398 = DIRECTION('',(-1.110223024625E-16,1.,0.));
#3399 = DIRECTION('',(-1.,-1.110223024625E-16,0.));
#3400 = ADVANCED_FACE('',(#3401),#3440,.F.);
#3401 = FACE_BOUND('',#3402,.F.);
#3402 = EDGE_LOOP('',(#3403,#3411,#3419,#3425,#3426,#3434));
#3403 = ORIENTED_EDGE('',*,*,#3404,.F.);
#3404 = EDGE_CURVE('',#3405,#3132,#3407,.T.);
#3405 = VERTEX_POINT('',#3406);
#3406 = CARTESIAN_POINT('',(-0.85,0.7,0.9));
#3407 = LINE('',#3408,#3409);
#3408 = CARTESIAN_POINT('',(-0.85,0.7,0.9));
#3409 = VECTOR('',#3410,1.);
#3410 = DIRECTION('',(1.,-1.144237745222E-17,0.));
#3411 = ORIENTED_EDGE('',*,*,#3412,.T.);
#3412 = EDGE_CURVE('',#3405,#3413,#3415,.T.);
#3413 = VERTEX_POINT('',#3414);
#3414 = CARTESIAN_POINT('',(-0.85,1.2,0.9));
#3415 = LINE('',#3416,#3417);
#3416 = CARTESIAN_POINT('',(-0.85,0.7,0.9));
#3417 = VECTOR('',#3418,1.);
#3418 = DIRECTION('',(1.144237745222E-17,1.,0.));
#3419 = ORIENTED_EDGE('',*,*,#3420,.T.);
#3420 = EDGE_CURVE('',#3413,#2962,#3421,.T.);
#3421 = LINE('',#3422,#3423);
#3422 = CARTESIAN_POINT('',(-0.85,1.2,0.9));
#3423 = VECTOR('',#3424,1.);
#3424 = DIRECTION('',(1.,-1.144237745222E-17,0.));
#3425 = ORIENTED_EDGE('',*,*,#2961,.T.);
#3426 = ORIENTED_EDGE('',*,*,#3427,.F.);
#3427 = EDGE_CURVE('',#3428,#2954,#3430,.T.);
#3428 = VERTEX_POINT('',#3429);
#3429 = CARTESIAN_POINT('',(-0.775,0.7,0.9));
#3430 = LINE('',#3431,#3432);
#3431 = CARTESIAN_POINT('',(-0.775,-1.3425,0.9));
#3432 = VECTOR('',#3433,1.);
#3433 = DIRECTION('',(-1.110223024625E-16,1.,0.));
#3434 = ORIENTED_EDGE('',*,*,#3435,.F.);
#3435 = EDGE_CURVE('',#3132,#3428,#3436,.T.);
#3436 = LINE('',#3437,#3438);
#3437 = CARTESIAN_POINT('',(-0.85,0.7,0.9));
#3438 = VECTOR('',#3439,1.);
#3439 = DIRECTION('',(1.,-1.144237745222E-17,0.));
#3440 = PLANE('',#3441);
#3441 = AXIS2_PLACEMENT_3D('',#3442,#3443,#3444);
#3442 = CARTESIAN_POINT('',(-0.85,0.7,0.9));
#3443 = DIRECTION('',(0.,0.,-1.));
#3444 = DIRECTION('',(1.,-1.144237745222E-17,0.));
#3445 = ADVANCED_FACE('',(#3446),#3510,.F.);
#3446 = FACE_BOUND('',#3447,.F.);
#3447 = EDGE_LOOP('',(#3448,#3458,#3466,#3474,#3482,#3488,#3489,#3490,
    #3497,#3505));
#3448 = ORIENTED_EDGE('',*,*,#3449,.T.);
#3449 = EDGE_CURVE('',#3450,#3452,#3454,.T.);
#3450 = VERTEX_POINT('',#3451);
#3451 = CARTESIAN_POINT('',(-0.775,-1.3425,0.9));
#3452 = VERTEX_POINT('',#3453);
#3453 = CARTESIAN_POINT('',(-0.775,-1.2,0.9));
#3454 = LINE('',#3455,#3456);
#3455 = CARTESIAN_POINT('',(-0.775,-1.3425,0.9));
#3456 = VECTOR('',#3457,1.);
#3457 = DIRECTION('',(-1.110223024625E-16,1.,0.));
#3458 = ORIENTED_EDGE('',*,*,#3459,.T.);
#3459 = EDGE_CURVE('',#3452,#3460,#3462,.T.);
#3460 = VERTEX_POINT('',#3461);
#3461 = CARTESIAN_POINT('',(-0.775,-0.7,0.9));
#3462 = LINE('',#3463,#3464);
#3463 = CARTESIAN_POINT('',(-0.775,-1.3425,0.9));
#3464 = VECTOR('',#3465,1.);
#3465 = DIRECTION('',(-1.110223024625E-16,1.,0.));
#3466 = ORIENTED_EDGE('',*,*,#3467,.T.);
#3467 = EDGE_CURVE('',#3460,#3468,#3470,.T.);
#3468 = VERTEX_POINT('',#3469);
#3469 = CARTESIAN_POINT('',(-0.775,-0.25,0.9));
#3470 = LINE('',#3471,#3472);
#3471 = CARTESIAN_POINT('',(-0.775,-1.3425,0.9));
#3472 = VECTOR('',#3473,1.);
#3473 = DIRECTION('',(-1.110223024625E-16,1.,0.));
#3474 = ORIENTED_EDGE('',*,*,#3475,.T.);
#3475 = EDGE_CURVE('',#3468,#3476,#3478,.T.);
#3476 = VERTEX_POINT('',#3477);
#3477 = CARTESIAN_POINT('',(-0.775,0.25,0.9));
#3478 = LINE('',#3479,#3480);
#3479 = CARTESIAN_POINT('',(-0.775,-1.3425,0.9));
#3480 = VECTOR('',#3481,1.);
#3481 = DIRECTION('',(-1.110223024625E-16,1.,0.));
#3482 = ORIENTED_EDGE('',*,*,#3483,.T.);
#3483 = EDGE_CURVE('',#3476,#3428,#3484,.T.);
#3484 = LINE('',#3485,#3486);
#3485 = CARTESIAN_POINT('',(-0.775,-1.3425,0.9));
#3486 = VECTOR('',#3487,1.);
#3487 = DIRECTION('',(-1.110223024625E-16,1.,0.));
#3488 = ORIENTED_EDGE('',*,*,#3427,.T.);
#3489 = ORIENTED_EDGE('',*,*,#2953,.T.);
#3490 = ORIENTED_EDGE('',*,*,#3491,.T.);
#3491 = EDGE_CURVE('',#2946,#3492,#3494,.T.);
#3492 = VERTEX_POINT('',#3493);
#3493 = CARTESIAN_POINT('',(-0.683648457443,1.296824228722,1.55));
#3494 = B_SPLINE_CURVE_WITH_KNOTS('',1,(#3495,#3496),.UNSPECIFIED.,.F.,
  .F.,(2,2),(0.,1.),.PIECEWISE_BEZIER_KNOTS.);
#3495 = CARTESIAN_POINT('',(-0.775,1.3425,0.9));
#3496 = CARTESIAN_POINT('',(-0.683648457443,1.296824228722,1.55));
#3497 = ORIENTED_EDGE('',*,*,#3498,.F.);
#3498 = EDGE_CURVE('',#3499,#3492,#3501,.T.);
#3499 = VERTEX_POINT('',#3500);
#3500 = CARTESIAN_POINT('',(-0.683648457443,-1.296824228722,1.55));
#3501 = LINE('',#3502,#3503);
#3502 = CARTESIAN_POINT('',(-0.683648457443,-1.296824228722,1.55));
#3503 = VECTOR('',#3504,1.);
#3504 = DIRECTION('',(-1.110223024625E-16,1.,0.));
#3505 = ORIENTED_EDGE('',*,*,#3506,.F.);
#3506 = EDGE_CURVE('',#3450,#3499,#3507,.T.);
#3507 = B_SPLINE_CURVE_WITH_KNOTS('',1,(#3508,#3509),.UNSPECIFIED.,.F.,
  .F.,(2,2),(0.,1.),.PIECEWISE_BEZIER_KNOTS.);
#3508 = CARTESIAN_POINT('',(-0.775,-1.3425,0.9));
#3509 = CARTESIAN_POINT('',(-0.683648457443,-1.296824228722,1.55));
#3510 = B_SPLINE_SURFACE_WITH_KNOTS('',1,1,(
    (#3511,#3512)
    ,(#3513,#3514
    )),.UNSPECIFIED.,.F.,.F.,.F.,(2,2),(2,2),(0.,2.685),(0.,1.),
  .PIECEWISE_BEZIER_KNOTS.);
#3511 = CARTESIAN_POINT('',(-0.775,-1.3425,0.9));
#3512 = CARTESIAN_POINT('',(-0.683648457443,-1.296824228722,1.55));
#3513 = CARTESIAN_POINT('',(-0.775,1.3425,0.9));
#3514 = CARTESIAN_POINT('',(-0.683648457443,1.296824228722,1.55));
#3515 = ADVANCED_FACE('',(#3516),#3533,.F.);
#3516 = FACE_BOUND('',#3517,.F.);
#3517 = EDGE_LOOP('',(#3518,#3519,#3526,#3532));
#3518 = ORIENTED_EDGE('',*,*,#2945,.T.);
#3519 = ORIENTED_EDGE('',*,*,#3520,.T.);
#3520 = EDGE_CURVE('',#2938,#3521,#3523,.T.);
#3521 = VERTEX_POINT('',#3522);
#3522 = CARTESIAN_POINT('',(-0.646824228722,1.333648457443,1.55));
#3523 = B_SPLINE_CURVE_WITH_KNOTS('',1,(#3524,#3525),.UNSPECIFIED.,.F.,
  .F.,(2,2),(0.,1.),.PIECEWISE_BEZIER_KNOTS.);
#3524 = CARTESIAN_POINT('',(-0.6925,1.425,0.9));
#3525 = CARTESIAN_POINT('',(-0.646824228722,1.333648457443,1.55));
#3526 = ORIENTED_EDGE('',*,*,#3527,.F.);
#3527 = EDGE_CURVE('',#3492,#3521,#3528,.T.);
#3528 = LINE('',#3529,#3530);
#3529 = CARTESIAN_POINT('',(-0.683648457443,1.296824228722,1.55));
#3530 = VECTOR('',#3531,1.);
#3531 = DIRECTION('',(0.707106781187,0.707106781187,0.));
#3532 = ORIENTED_EDGE('',*,*,#3491,.F.);
#3533 = B_SPLINE_SURFACE_WITH_KNOTS('',1,1,(
    (#3534,#3535)
    ,(#3536,#3537
    )),.UNSPECIFIED.,.F.,.F.,.F.,(2,2),(2,2),(0.,0.116672618896),(0.,1.)
  ,.PIECEWISE_BEZIER_KNOTS.);
#3534 = CARTESIAN_POINT('',(-0.775,1.3425,0.9));
#3535 = CARTESIAN_POINT('',(-0.683648457443,1.296824228722,1.55));
#3536 = CARTESIAN_POINT('',(-0.6925,1.425,0.9));
#3537 = CARTESIAN_POINT('',(-0.646824228722,1.333648457443,1.55));
#3538 = ADVANCED_FACE('',(#3539),#3556,.F.);
#3539 = FACE_BOUND('',#3540,.F.);
#3540 = EDGE_LOOP('',(#3541,#3542,#3549,#3555));
#3541 = ORIENTED_EDGE('',*,*,#2937,.T.);
#3542 = ORIENTED_EDGE('',*,*,#3543,.T.);
#3543 = EDGE_CURVE('',#2930,#3544,#3546,.T.);
#3544 = VERTEX_POINT('',#3545);
#3545 = CARTESIAN_POINT('',(0.646824228722,1.333648457443,1.55));
#3546 = B_SPLINE_CURVE_WITH_KNOTS('',1,(#3547,#3548),.UNSPECIFIED.,.F.,
  .F.,(2,2),(0.,1.),.PIECEWISE_BEZIER_KNOTS.);
#3547 = CARTESIAN_POINT('',(0.6925,1.425,0.9));
#3548 = CARTESIAN_POINT('',(0.646824228722,1.333648457443,1.55));
#3549 = ORIENTED_EDGE('',*,*,#3550,.F.);
#3550 = EDGE_CURVE('',#3521,#3544,#3551,.T.);
#3551 = LINE('',#3552,#3553);
#3552 = CARTESIAN_POINT('',(-0.646824228722,1.333648457443,1.55));
#3553 = VECTOR('',#3554,1.);
#3554 = DIRECTION('',(1.,1.110223024625E-16,0.));
#3555 = ORIENTED_EDGE('',*,*,#3520,.F.);
#3556 = B_SPLINE_SURFACE_WITH_KNOTS('',1,1,(
    (#3557,#3558)
    ,(#3559,#3560
    )),.UNSPECIFIED.,.F.,.F.,.F.,(2,2),(2,2),(0.,1.385),(0.,1.),
  .PIECEWISE_BEZIER_KNOTS.);
#3557 = CARTESIAN_POINT('',(-0.6925,1.425,0.9));
#3558 = CARTESIAN_POINT('',(-0.646824228722,1.333648457443,1.55));
#3559 = CARTESIAN_POINT('',(0.6925,1.425,0.9));
#3560 = CARTESIAN_POINT('',(0.646824228722,1.333648457443,1.55));
#3561 = ADVANCED_FACE('',(#3562),#3579,.F.);
#3562 = FACE_BOUND('',#3563,.F.);
#3563 = EDGE_LOOP('',(#3564,#3565,#3572,#3578));
#3564 = ORIENTED_EDGE('',*,*,#2929,.T.);
#3565 = ORIENTED_EDGE('',*,*,#3566,.T.);
#3566 = EDGE_CURVE('',#2922,#3567,#3569,.T.);
#3567 = VERTEX_POINT('',#3568);
#3568 = CARTESIAN_POINT('',(0.683648457443,1.296824228722,1.55));
#3569 = B_SPLINE_CURVE_WITH_KNOTS('',1,(#3570,#3571),.UNSPECIFIED.,.F.,
  .F.,(2,2),(0.,1.),.PIECEWISE_BEZIER_KNOTS.);
#3570 = CARTESIAN_POINT('',(0.775,1.3425,0.9));
#3571 = CARTESIAN_POINT('',(0.683648457443,1.296824228722,1.55));
#3572 = ORIENTED_EDGE('',*,*,#3573,.F.);
#3573 = EDGE_CURVE('',#3544,#3567,#3574,.T.);
#3574 = LINE('',#3575,#3576);
#3575 = CARTESIAN_POINT('',(0.646824228722,1.333648457443,1.55));
#3576 = VECTOR('',#3577,1.);
#3577 = DIRECTION('',(0.707106781187,-0.707106781187,0.));
#3578 = ORIENTED_EDGE('',*,*,#3543,.F.);
#3579 = B_SPLINE_SURFACE_WITH_KNOTS('',1,1,(
    (#3580,#3581)
    ,(#3582,#3583
    )),.UNSPECIFIED.,.F.,.F.,.F.,(2,2),(2,2),(0.,0.116672618896),(0.,1.)
  ,.PIECEWISE_BEZIER_KNOTS.);
#3580 = CARTESIAN_POINT('',(0.6925,1.425,0.9));
#3581 = CARTESIAN_POINT('',(0.646824228722,1.333648457443,1.55));
#3582 = CARTESIAN_POINT('',(0.775,1.3425,0.9));
#3583 = CARTESIAN_POINT('',(0.683648457443,1.296824228722,1.55));
#3584 = ADVANCED_FACE('',(#3585),#3634,.F.);
#3585 = FACE_BOUND('',#3586,.F.);
#3586 = EDGE_LOOP('',(#3587,#3588,#3596,#3604,#3612,#3620,#3627,#3633));
#3587 = ORIENTED_EDGE('',*,*,#2921,.T.);
#3588 = ORIENTED_EDGE('',*,*,#3589,.T.);
#3589 = EDGE_CURVE('',#2914,#3590,#3592,.T.);
#3590 = VERTEX_POINT('',#3591);
#3591 = CARTESIAN_POINT('',(0.775,0.7,0.9));
#3592 = LINE('',#3593,#3594);
#3593 = CARTESIAN_POINT('',(0.775,1.3425,0.9));
#3594 = VECTOR('',#3595,1.);
#3595 = DIRECTION('',(1.110223024625E-16,-1.,0.));
#3596 = ORIENTED_EDGE('',*,*,#3597,.T.);
#3597 = EDGE_CURVE('',#3590,#3598,#3600,.T.);
#3598 = VERTEX_POINT('',#3599);
#3599 = CARTESIAN_POINT('',(0.775,-0.7,0.9));
#3600 = LINE('',#3601,#3602);
#3601 = CARTESIAN_POINT('',(0.775,1.3425,0.9));
#3602 = VECTOR('',#3603,1.);
#3603 = DIRECTION('',(1.110223024625E-16,-1.,0.));
#3604 = ORIENTED_EDGE('',*,*,#3605,.T.);
#3605 = EDGE_CURVE('',#3598,#3606,#3608,.T.);
#3606 = VERTEX_POINT('',#3607);
#3607 = CARTESIAN_POINT('',(0.775,-1.2,0.9));
#3608 = LINE('',#3609,#3610);
#3609 = CARTESIAN_POINT('',(0.775,1.3425,0.9));
#3610 = VECTOR('',#3611,1.);
#3611 = DIRECTION('',(1.110223024625E-16,-1.,0.));
#3612 = ORIENTED_EDGE('',*,*,#3613,.T.);
#3613 = EDGE_CURVE('',#3606,#3614,#3616,.T.);
#3614 = VERTEX_POINT('',#3615);
#3615 = CARTESIAN_POINT('',(0.775,-1.3425,0.9));
#3616 = LINE('',#3617,#3618);
#3617 = CARTESIAN_POINT('',(0.775,1.3425,0.9));
#3618 = VECTOR('',#3619,1.);
#3619 = DIRECTION('',(1.110223024625E-16,-1.,0.));
#3620 = ORIENTED_EDGE('',*,*,#3621,.T.);
#3621 = EDGE_CURVE('',#3614,#3622,#3624,.T.);
#3622 = VERTEX_POINT('',#3623);
#3623 = CARTESIAN_POINT('',(0.683648457443,-1.296824228722,1.55));
#3624 = B_SPLINE_CURVE_WITH_KNOTS('',1,(#3625,#3626),.UNSPECIFIED.,.F.,
  .F.,(2,2),(0.,1.),.PIECEWISE_BEZIER_KNOTS.);
#3625 = CARTESIAN_POINT('',(0.775,-1.3425,0.9));
#3626 = CARTESIAN_POINT('',(0.683648457443,-1.296824228722,1.55));
#3627 = ORIENTED_EDGE('',*,*,#3628,.F.);
#3628 = EDGE_CURVE('',#3567,#3622,#3629,.T.);
#3629 = LINE('',#3630,#3631);
#3630 = CARTESIAN_POINT('',(0.683648457443,1.296824228722,1.55));
#3631 = VECTOR('',#3632,1.);
#3632 = DIRECTION('',(1.110223024625E-16,-1.,0.));
#3633 = ORIENTED_EDGE('',*,*,#3566,.F.);
#3634 = B_SPLINE_SURFACE_WITH_KNOTS('',1,1,(
    (#3635,#3636)
    ,(#3637,#3638
    )),.UNSPECIFIED.,.F.,.F.,.F.,(2,2),(2,2),(0.,2.685),(0.,1.),
  .PIECEWISE_BEZIER_KNOTS.);
#3635 = CARTESIAN_POINT('',(0.775,1.3425,0.9));
#3636 = CARTESIAN_POINT('',(0.683648457443,1.296824228722,1.55));
#3637 = CARTESIAN_POINT('',(0.775,-1.3425,0.9));
#3638 = CARTESIAN_POINT('',(0.683648457443,-1.296824228722,1.55));
#3639 = ADVANCED_FACE('',(#3640),#3672,.F.);
#3640 = FACE_BOUND('',#3641,.F.);
#3641 = EDGE_LOOP('',(#3642,#3650,#3658,#3664,#3670,#3671));
#3642 = ORIENTED_EDGE('',*,*,#3643,.F.);
#3643 = EDGE_CURVE('',#3644,#2906,#3646,.T.);
#3644 = VERTEX_POINT('',#3645);
#3645 = CARTESIAN_POINT('',(0.85,1.2,0.9));
#3646 = LINE('',#3647,#3648);
#3647 = CARTESIAN_POINT('',(0.85,1.2,0.9));
#3648 = VECTOR('',#3649,1.);
#3649 = DIRECTION('',(-1.,-1.110223024625E-16,0.));
#3650 = ORIENTED_EDGE('',*,*,#3651,.T.);
#3651 = EDGE_CURVE('',#3644,#3652,#3654,.T.);
#3652 = VERTEX_POINT('',#3653);
#3653 = CARTESIAN_POINT('',(0.85,0.7,0.9));
#3654 = LINE('',#3655,#3656);
#3655 = CARTESIAN_POINT('',(0.85,1.2,0.9));
#3656 = VECTOR('',#3657,1.);
#3657 = DIRECTION('',(1.110223024625E-16,-1.,0.));
#3658 = ORIENTED_EDGE('',*,*,#3659,.T.);
#3659 = EDGE_CURVE('',#3652,#3250,#3660,.T.);
#3660 = LINE('',#3661,#3662);
#3661 = CARTESIAN_POINT('',(0.85,0.7,0.9));
#3662 = VECTOR('',#3663,1.);
#3663 = DIRECTION('',(-1.,-1.110223024625E-16,0.));
#3664 = ORIENTED_EDGE('',*,*,#3665,.T.);
#3665 = EDGE_CURVE('',#3250,#3590,#3666,.T.);
#3666 = LINE('',#3667,#3668);
#3667 = CARTESIAN_POINT('',(0.85,0.7,0.9));
#3668 = VECTOR('',#3669,1.);
#3669 = DIRECTION('',(-1.,-1.110223024625E-16,0.));
#3670 = ORIENTED_EDGE('',*,*,#3589,.F.);
#3671 = ORIENTED_EDGE('',*,*,#2913,.F.);
#3672 = PLANE('',#3673);
#3673 = AXIS2_PLACEMENT_3D('',#3674,#3675,#3676);
#3674 = CARTESIAN_POINT('',(0.85,1.2,0.9));
#3675 = DIRECTION('',(0.,0.,-1.));
#3676 = DIRECTION('',(-1.,-1.110223024625E-16,-0.));
#3677 = ADVANCED_FACE('',(#3678),#3721,.F.);
#3678 = FACE_BOUND('',#3679,.F.);
#3679 = EDGE_LOOP('',(#3680,#3686,#3687,#3688,#3689,#3690,#3691,#3697,
    #3698,#3706,#3714,#3720));
#3680 = ORIENTED_EDGE('',*,*,#3681,.F.);
#3681 = EDGE_CURVE('',#3312,#3606,#3682,.T.);
#3682 = LINE('',#3683,#3684);
#3683 = CARTESIAN_POINT('',(0.85,-1.2,0.9));
#3684 = VECTOR('',#3685,1.);
#3685 = DIRECTION('',(-1.,-1.110223024625E-16,0.));
#3686 = ORIENTED_EDGE('',*,*,#3327,.T.);
#3687 = ORIENTED_EDGE('',*,*,#3372,.T.);
#3688 = ORIENTED_EDGE('',*,*,#3389,.T.);
#3689 = ORIENTED_EDGE('',*,*,#3343,.T.);
#3690 = ORIENTED_EDGE('',*,*,#3015,.T.);
#3691 = ORIENTED_EDGE('',*,*,#3692,.T.);
#3692 = EDGE_CURVE('',#3008,#3452,#3693,.T.);
#3693 = LINE('',#3694,#3695);
#3694 = CARTESIAN_POINT('',(-0.85,-1.2,0.9));
#3695 = VECTOR('',#3696,1.);
#3696 = DIRECTION('',(1.,-1.144237745222E-17,0.));
#3697 = ORIENTED_EDGE('',*,*,#3449,.F.);
#3698 = ORIENTED_EDGE('',*,*,#3699,.F.);
#3699 = EDGE_CURVE('',#3700,#3450,#3702,.T.);
#3700 = VERTEX_POINT('',#3701);
#3701 = CARTESIAN_POINT('',(-0.6925,-1.425,0.9));
#3702 = LINE('',#3703,#3704);
#3703 = CARTESIAN_POINT('',(-0.6925,-1.425,0.9));
#3704 = VECTOR('',#3705,1.);
#3705 = DIRECTION('',(-0.707106781187,0.707106781187,0.));
#3706 = ORIENTED_EDGE('',*,*,#3707,.F.);
#3707 = EDGE_CURVE('',#3708,#3700,#3710,.T.);
#3708 = VERTEX_POINT('',#3709);
#3709 = CARTESIAN_POINT('',(0.6925,-1.425,0.9));
#3710 = LINE('',#3711,#3712);
#3711 = CARTESIAN_POINT('',(0.6925,-1.425,0.9));
#3712 = VECTOR('',#3713,1.);
#3713 = DIRECTION('',(-1.,-1.110223024625E-16,0.));
#3714 = ORIENTED_EDGE('',*,*,#3715,.F.);
#3715 = EDGE_CURVE('',#3614,#3708,#3716,.T.);
#3716 = LINE('',#3717,#3718);
#3717 = CARTESIAN_POINT('',(0.775,-1.3425,0.9));
#3718 = VECTOR('',#3719,1.);
#3719 = DIRECTION('',(-0.707106781187,-0.707106781187,0.));
#3720 = ORIENTED_EDGE('',*,*,#3613,.F.);
#3721 = PLANE('',#3722);
#3722 = AXIS2_PLACEMENT_3D('',#3723,#3724,#3725);
#3723 = CARTESIAN_POINT('',(-2.091417030376E-16,1.4375,0.9));
#3724 = DIRECTION('',(4.595758349624E-18,6.551522493592E-27,-1.));
#3725 = DIRECTION('',(1.,1.51922136901E-16,4.595758349624E-18));
#3726 = ADVANCED_FACE('',(#3727),#3813,.F.);
#3727 = FACE_BOUND('',#3728,.F.);
#3728 = EDGE_LOOP('',(#3729,#3730,#3731,#3740,#3748,#3757,#3765,#3773,
    #3781,#3790,#3798,#3807));
#3729 = ORIENTED_EDGE('',*,*,#3007,.F.);
#3730 = ORIENTED_EDGE('',*,*,#3029,.T.);
#3731 = ORIENTED_EDGE('',*,*,#3732,.T.);
#3732 = EDGE_CURVE('',#3030,#3733,#3735,.T.);
#3733 = VERTEX_POINT('',#3734);
#3734 = CARTESIAN_POINT('',(-0.948480775301,-1.2,0.667364817767));
#3735 = CIRCLE('',#3736,0.1);
#3736 = AXIS2_PLACEMENT_3D('',#3737,#3738,#3739);
#3737 = CARTESIAN_POINT('',(-0.85,-1.2,0.65));
#3738 = DIRECTION('',(-1.144237745222E-17,-1.,0.));
#3739 = DIRECTION('',(0.,0.,1.));
#3740 = ORIENTED_EDGE('',*,*,#3741,.T.);
#3741 = EDGE_CURVE('',#3733,#3742,#3744,.T.);
#3742 = VERTEX_POINT('',#3743);
#3743 = CARTESIAN_POINT('',(-1.02432885403,-1.2,0.206587955583));
#3744 = LINE('',#3745,#3746);
#3745 = CARTESIAN_POINT('',(-0.948480775301,-1.2,0.667364817767));
#3746 = VECTOR('',#3747,1.);
#3747 = DIRECTION('',(-0.162423314012,1.858508865964E-18,-0.986721169868
    ));
#3748 = ORIENTED_EDGE('',*,*,#3749,.T.);
#3749 = EDGE_CURVE('',#3742,#3750,#3752,.T.);
#3750 = VERTEX_POINT('',#3751);
#3751 = CARTESIAN_POINT('',(-1.270530792283,-1.2,0.));
#3752 = CIRCLE('',#3753,0.25);
#3753 = AXIS2_PLACEMENT_3D('',#3754,#3755,#3756);
#3754 = CARTESIAN_POINT('',(-1.270530792283,-1.2,0.25));
#3755 = DIRECTION('',(1.144237745222E-17,1.,1.155557966632E-33));
#3756 = DIRECTION('',(0.984807753012,-1.126854202784E-17,-0.173648177667
    ));
#3757 = ORIENTED_EDGE('',*,*,#3758,.T.);
#3758 = EDGE_CURVE('',#3750,#3759,#3761,.T.);
#3759 = VERTEX_POINT('',#3760);
#3760 = CARTESIAN_POINT('',(-1.4,-1.2,0.));
#3761 = LINE('',#3762,#3763);
#3762 = CARTESIAN_POINT('',(-1.270530792283,-1.2,0.));
#3763 = VECTOR('',#3764,1.);
#3764 = DIRECTION('',(-1.,1.144237745222E-17,0.));
#3765 = ORIENTED_EDGE('',*,*,#3766,.T.);
#3766 = EDGE_CURVE('',#3759,#3767,#3769,.T.);
#3767 = VERTEX_POINT('',#3768);
#3768 = CARTESIAN_POINT('',(-1.4,-1.2,0.15));
#3769 = LINE('',#3770,#3771);
#3770 = CARTESIAN_POINT('',(-1.4,-1.2,0.));
#3771 = VECTOR('',#3772,1.);
#3772 = DIRECTION('',(0.,0.,1.));
#3773 = ORIENTED_EDGE('',*,*,#3774,.T.);
#3774 = EDGE_CURVE('',#3767,#3775,#3777,.T.);
#3775 = VERTEX_POINT('',#3776);
#3776 = CARTESIAN_POINT('',(-1.270530792283,-1.2,0.15));
#3777 = LINE('',#3778,#3779);
#3778 = CARTESIAN_POINT('',(-1.4,-1.2,0.15));
#3779 = VECTOR('',#3780,1.);
#3780 = DIRECTION('',(1.,-1.144237745222E-17,0.));
#3781 = ORIENTED_EDGE('',*,*,#3782,.T.);
#3782 = EDGE_CURVE('',#3775,#3783,#3785,.T.);
#3783 = VERTEX_POINT('',#3784);
#3784 = CARTESIAN_POINT('',(-1.172050016982,-1.2,0.232635182233));
#3785 = CIRCLE('',#3786,0.1);
#3786 = AXIS2_PLACEMENT_3D('',#3787,#3788,#3789);
#3787 = CARTESIAN_POINT('',(-1.270530792283,-1.2,0.25));
#3788 = DIRECTION('',(-1.144237745222E-17,-1.,0.));
#3789 = DIRECTION('',(-2.22044604925E-15,2.540718180781E-32,-1.));
#3790 = ORIENTED_EDGE('',*,*,#3791,.T.);
#3791 = EDGE_CURVE('',#3783,#3792,#3794,.T.);
#3792 = VERTEX_POINT('',#3793);
#3793 = CARTESIAN_POINT('',(-1.096201938253,-1.2,0.693412044417));
#3794 = LINE('',#3795,#3796);
#3795 = CARTESIAN_POINT('',(-1.172050016982,-1.2,0.232635182233));
#3796 = VECTOR('',#3797,1.);
#3797 = DIRECTION('',(0.162423314012,-1.858508865964E-18,0.986721169868)
  );
#3798 = ORIENTED_EDGE('',*,*,#3799,.T.);
#3799 = EDGE_CURVE('',#3792,#3800,#3802,.T.);
#3800 = VERTEX_POINT('',#3801);
#3801 = CARTESIAN_POINT('',(-0.85,-1.2,0.9));
#3802 = CIRCLE('',#3803,0.25);
#3803 = AXIS2_PLACEMENT_3D('',#3804,#3805,#3806);
#3804 = CARTESIAN_POINT('',(-0.85,-1.2,0.65));
#3805 = DIRECTION('',(1.144237745222E-17,1.,7.703719777549E-34));
#3806 = DIRECTION('',(-0.984807753012,1.126854202784E-17,0.173648177667)
  );
#3807 = ORIENTED_EDGE('',*,*,#3808,.T.);
#3808 = EDGE_CURVE('',#3800,#3008,#3809,.T.);
#3809 = LINE('',#3810,#3811);
#3810 = CARTESIAN_POINT('',(-0.85,-1.2,0.9));
#3811 = VECTOR('',#3812,1.);
#3812 = DIRECTION('',(1.,-1.144237745222E-17,0.));
#3813 = PLANE('',#3814);
#3814 = AXIS2_PLACEMENT_3D('',#3815,#3816,#3817);
#3815 = CARTESIAN_POINT('',(-1.069123385139,-1.2,0.441695635315));
#3816 = DIRECTION('',(1.144237745222E-17,1.,0.));
#3817 = DIRECTION('',(0.,-0.,1.));
#3818 = ADVANCED_FACE('',(#3819),#3838,.F.);
#3819 = FACE_BOUND('',#3820,.F.);
#3820 = EDGE_LOOP('',(#3821,#3822,#3831,#3837));
#3821 = ORIENTED_EDGE('',*,*,#3046,.T.);
#3822 = ORIENTED_EDGE('',*,*,#3823,.T.);
#3823 = EDGE_CURVE('',#3039,#3824,#3826,.T.);
#3824 = VERTEX_POINT('',#3825);
#3825 = CARTESIAN_POINT('',(-0.948480775301,-0.7,0.667364817767));
#3826 = CIRCLE('',#3827,0.1);
#3827 = AXIS2_PLACEMENT_3D('',#3828,#3829,#3830);
#3828 = CARTESIAN_POINT('',(-0.85,-0.7,0.65));
#3829 = DIRECTION('',(-1.144237745222E-17,-1.,0.));
#3830 = DIRECTION('',(0.,0.,1.));
#3831 = ORIENTED_EDGE('',*,*,#3832,.F.);
#3832 = EDGE_CURVE('',#3733,#3824,#3833,.T.);
#3833 = LINE('',#3834,#3835);
#3834 = CARTESIAN_POINT('',(-0.948480775301,-1.2,0.667364817767));
#3835 = VECTOR('',#3836,1.);
#3836 = DIRECTION('',(1.144237745222E-17,1.,0.));
#3837 = ORIENTED_EDGE('',*,*,#3732,.F.);
#3838 = CYLINDRICAL_SURFACE('',#3839,0.1);
#3839 = AXIS2_PLACEMENT_3D('',#3840,#3841,#3842);
#3840 = CARTESIAN_POINT('',(-0.85,-1.2,0.65));
#3841 = DIRECTION('',(-1.144237745222E-17,-1.,0.));
#3842 = DIRECTION('',(0.,0.,1.));
#3843 = ADVANCED_FACE('',(#3844),#3922,.T.);
#3844 = FACE_BOUND('',#3845,.T.);
#3845 = EDGE_LOOP('',(#3846,#3847,#3848,#3849,#3857,#3866,#3874,#3882,
    #3890,#3899,#3907,#3916));
#3846 = ORIENTED_EDGE('',*,*,#3060,.F.);
#3847 = ORIENTED_EDGE('',*,*,#3038,.T.);
#3848 = ORIENTED_EDGE('',*,*,#3823,.T.);
#3849 = ORIENTED_EDGE('',*,*,#3850,.T.);
#3850 = EDGE_CURVE('',#3824,#3851,#3853,.T.);
#3851 = VERTEX_POINT('',#3852);
#3852 = CARTESIAN_POINT('',(-1.02432885403,-0.7,0.206587955583));
#3853 = LINE('',#3854,#3855);
#3854 = CARTESIAN_POINT('',(-0.948480775301,-0.7,0.667364817767));
#3855 = VECTOR('',#3856,1.);
#3856 = DIRECTION('',(-0.162423314012,1.858508865964E-18,-0.986721169868
    ));
#3857 = ORIENTED_EDGE('',*,*,#3858,.T.);
#3858 = EDGE_CURVE('',#3851,#3859,#3861,.T.);
#3859 = VERTEX_POINT('',#3860);
#3860 = CARTESIAN_POINT('',(-1.270530792283,-0.7,0.));
#3861 = CIRCLE('',#3862,0.25);
#3862 = AXIS2_PLACEMENT_3D('',#3863,#3864,#3865);
#3863 = CARTESIAN_POINT('',(-1.270530792283,-0.7,0.25));
#3864 = DIRECTION('',(1.144237745222E-17,1.,1.155557966632E-33));
#3865 = DIRECTION('',(0.984807753012,-1.126854202784E-17,-0.173648177667
    ));
#3866 = ORIENTED_EDGE('',*,*,#3867,.T.);
#3867 = EDGE_CURVE('',#3859,#3868,#3870,.T.);
#3868 = VERTEX_POINT('',#3869);
#3869 = CARTESIAN_POINT('',(-1.4,-0.7,0.));
#3870 = LINE('',#3871,#3872);
#3871 = CARTESIAN_POINT('',(-1.270530792283,-0.7,0.));
#3872 = VECTOR('',#3873,1.);
#3873 = DIRECTION('',(-1.,1.144237745222E-17,0.));
#3874 = ORIENTED_EDGE('',*,*,#3875,.T.);
#3875 = EDGE_CURVE('',#3868,#3876,#3878,.T.);
#3876 = VERTEX_POINT('',#3877);
#3877 = CARTESIAN_POINT('',(-1.4,-0.7,0.15));
#3878 = LINE('',#3879,#3880);
#3879 = CARTESIAN_POINT('',(-1.4,-0.7,0.));
#3880 = VECTOR('',#3881,1.);
#3881 = DIRECTION('',(0.,0.,1.));
#3882 = ORIENTED_EDGE('',*,*,#3883,.T.);
#3883 = EDGE_CURVE('',#3876,#3884,#3886,.T.);
#3884 = VERTEX_POINT('',#3885);
#3885 = CARTESIAN_POINT('',(-1.270530792283,-0.7,0.15));
#3886 = LINE('',#3887,#3888);
#3887 = CARTESIAN_POINT('',(-1.4,-0.7,0.15));
#3888 = VECTOR('',#3889,1.);
#3889 = DIRECTION('',(1.,-1.144237745222E-17,0.));
#3890 = ORIENTED_EDGE('',*,*,#3891,.T.);
#3891 = EDGE_CURVE('',#3884,#3892,#3894,.T.);
#3892 = VERTEX_POINT('',#3893);
#3893 = CARTESIAN_POINT('',(-1.172050016982,-0.7,0.232635182233));
#3894 = CIRCLE('',#3895,0.1);
#3895 = AXIS2_PLACEMENT_3D('',#3896,#3897,#3898);
#3896 = CARTESIAN_POINT('',(-1.270530792283,-0.7,0.25));
#3897 = DIRECTION('',(-1.144237745222E-17,-1.,0.));
#3898 = DIRECTION('',(-2.22044604925E-15,2.540718180781E-32,-1.));
#3899 = ORIENTED_EDGE('',*,*,#3900,.T.);
#3900 = EDGE_CURVE('',#3892,#3901,#3903,.T.);
#3901 = VERTEX_POINT('',#3902);
#3902 = CARTESIAN_POINT('',(-1.096201938253,-0.7,0.693412044417));
#3903 = LINE('',#3904,#3905);
#3904 = CARTESIAN_POINT('',(-1.172050016982,-0.7,0.232635182233));
#3905 = VECTOR('',#3906,1.);
#3906 = DIRECTION('',(0.162423314012,-1.858508865964E-18,0.986721169868)
  );
#3907 = ORIENTED_EDGE('',*,*,#3908,.T.);
#3908 = EDGE_CURVE('',#3901,#3909,#3911,.T.);
#3909 = VERTEX_POINT('',#3910);
#3910 = CARTESIAN_POINT('',(-0.85,-0.7,0.9));
#3911 = CIRCLE('',#3912,0.25);
#3912 = AXIS2_PLACEMENT_3D('',#3913,#3914,#3915);
#3913 = CARTESIAN_POINT('',(-0.85,-0.7,0.65));
#3914 = DIRECTION('',(1.144237745222E-17,1.,7.703719777549E-34));
#3915 = DIRECTION('',(-0.984807753012,1.126854202784E-17,0.173648177667)
  );
#3916 = ORIENTED_EDGE('',*,*,#3917,.T.);
#3917 = EDGE_CURVE('',#3909,#3061,#3918,.T.);
#3918 = LINE('',#3919,#3920);
#3919 = CARTESIAN_POINT('',(-0.85,-0.7,0.9));
#3920 = VECTOR('',#3921,1.);
#3921 = DIRECTION('',(1.,-1.144237745222E-17,0.));
#3922 = PLANE('',#3923);
#3923 = AXIS2_PLACEMENT_3D('',#3924,#3925,#3926);
#3924 = CARTESIAN_POINT('',(-1.069123385139,-0.7,0.441695635315));
#3925 = DIRECTION('',(1.144237745222E-17,1.,0.));
#3926 = DIRECTION('',(0.,-0.,1.));
#3927 = ADVANCED_FACE('',(#3928),#3944,.F.);
#3928 = FACE_BOUND('',#3929,.F.);
#3929 = EDGE_LOOP('',(#3930,#3931,#3937,#3938));
#3930 = ORIENTED_EDGE('',*,*,#3077,.T.);
#3931 = ORIENTED_EDGE('',*,*,#3932,.T.);
#3932 = EDGE_CURVE('',#3070,#3468,#3933,.T.);
#3933 = LINE('',#3934,#3935);
#3934 = CARTESIAN_POINT('',(-0.85,-0.25,0.9));
#3935 = VECTOR('',#3936,1.);
#3936 = DIRECTION('',(1.,-1.144237745222E-17,0.));
#3937 = ORIENTED_EDGE('',*,*,#3467,.F.);
#3938 = ORIENTED_EDGE('',*,*,#3939,.F.);
#3939 = EDGE_CURVE('',#3061,#3460,#3940,.T.);
#3940 = LINE('',#3941,#3942);
#3941 = CARTESIAN_POINT('',(-0.85,-0.7,0.9));
#3942 = VECTOR('',#3943,1.);
#3943 = DIRECTION('',(1.,-1.144237745222E-17,0.));
#3944 = PLANE('',#3945);
#3945 = AXIS2_PLACEMENT_3D('',#3946,#3947,#3948);
#3946 = CARTESIAN_POINT('',(-2.091417030376E-16,1.4375,0.9));
#3947 = DIRECTION('',(4.595758349624E-18,6.551522493592E-27,-1.));
#3948 = DIRECTION('',(1.,1.51922136901E-16,4.595758349624E-18));
#3949 = ADVANCED_FACE('',(#3950),#4036,.F.);
#3950 = FACE_BOUND('',#3951,.F.);
#3951 = EDGE_LOOP('',(#3952,#3953,#3954,#3963,#3971,#3980,#3988,#3996,
    #4004,#4013,#4021,#4030));
#3952 = ORIENTED_EDGE('',*,*,#3069,.F.);
#3953 = ORIENTED_EDGE('',*,*,#3091,.T.);
#3954 = ORIENTED_EDGE('',*,*,#3955,.T.);
#3955 = EDGE_CURVE('',#3092,#3956,#3958,.T.);
#3956 = VERTEX_POINT('',#3957);
#3957 = CARTESIAN_POINT('',(-0.948480775301,-0.25,0.667364817767));
#3958 = CIRCLE('',#3959,0.1);
#3959 = AXIS2_PLACEMENT_3D('',#3960,#3961,#3962);
#3960 = CARTESIAN_POINT('',(-0.85,-0.25,0.65));
#3961 = DIRECTION('',(-1.144237745222E-17,-1.,0.));
#3962 = DIRECTION('',(0.,0.,1.));
#3963 = ORIENTED_EDGE('',*,*,#3964,.T.);
#3964 = EDGE_CURVE('',#3956,#3965,#3967,.T.);
#3965 = VERTEX_POINT('',#3966);
#3966 = CARTESIAN_POINT('',(-1.02432885403,-0.25,0.206587955583));
#3967 = LINE('',#3968,#3969);
#3968 = CARTESIAN_POINT('',(-0.948480775301,-0.25,0.667364817767));
#3969 = VECTOR('',#3970,1.);
#3970 = DIRECTION('',(-0.162423314012,1.858508865964E-18,-0.986721169868
    ));
#3971 = ORIENTED_EDGE('',*,*,#3972,.T.);
#3972 = EDGE_CURVE('',#3965,#3973,#3975,.T.);
#3973 = VERTEX_POINT('',#3974);
#3974 = CARTESIAN_POINT('',(-1.270530792283,-0.25,0.));
#3975 = CIRCLE('',#3976,0.25);
#3976 = AXIS2_PLACEMENT_3D('',#3977,#3978,#3979);
#3977 = CARTESIAN_POINT('',(-1.270530792283,-0.25,0.25));
#3978 = DIRECTION('',(1.144237745222E-17,1.,1.155557966632E-33));
#3979 = DIRECTION('',(0.984807753012,-1.126854202784E-17,-0.173648177667
    ));
#3980 = ORIENTED_EDGE('',*,*,#3981,.T.);
#3981 = EDGE_CURVE('',#3973,#3982,#3984,.T.);
#3982 = VERTEX_POINT('',#3983);
#3983 = CARTESIAN_POINT('',(-1.4,-0.25,0.));
#3984 = LINE('',#3985,#3986);
#3985 = CARTESIAN_POINT('',(-1.270530792283,-0.25,0.));
#3986 = VECTOR('',#3987,1.);
#3987 = DIRECTION('',(-1.,1.144237745222E-17,0.));
#3988 = ORIENTED_EDGE('',*,*,#3989,.T.);
#3989 = EDGE_CURVE('',#3982,#3990,#3992,.T.);
#3990 = VERTEX_POINT('',#3991);
#3991 = CARTESIAN_POINT('',(-1.4,-0.25,0.15));
#3992 = LINE('',#3993,#3994);
#3993 = CARTESIAN_POINT('',(-1.4,-0.25,0.));
#3994 = VECTOR('',#3995,1.);
#3995 = DIRECTION('',(0.,0.,1.));
#3996 = ORIENTED_EDGE('',*,*,#3997,.T.);
#3997 = EDGE_CURVE('',#3990,#3998,#4000,.T.);
#3998 = VERTEX_POINT('',#3999);
#3999 = CARTESIAN_POINT('',(-1.270530792283,-0.25,0.15));
#4000 = LINE('',#4001,#4002);
#4001 = CARTESIAN_POINT('',(-1.4,-0.25,0.15));
#4002 = VECTOR('',#4003,1.);
#4003 = DIRECTION('',(1.,-1.144237745222E-17,0.));
#4004 = ORIENTED_EDGE('',*,*,#4005,.T.);
#4005 = EDGE_CURVE('',#3998,#4006,#4008,.T.);
#4006 = VERTEX_POINT('',#4007);
#4007 = CARTESIAN_POINT('',(-1.172050016982,-0.25,0.232635182233));
#4008 = CIRCLE('',#4009,0.1);
#4009 = AXIS2_PLACEMENT_3D('',#4010,#4011,#4012);
#4010 = CARTESIAN_POINT('',(-1.270530792283,-0.25,0.25));
#4011 = DIRECTION('',(-1.144237745222E-17,-1.,0.));
#4012 = DIRECTION('',(-2.22044604925E-15,2.540718180781E-32,-1.));
#4013 = ORIENTED_EDGE('',*,*,#4014,.T.);
#4014 = EDGE_CURVE('',#4006,#4015,#4017,.T.);
#4015 = VERTEX_POINT('',#4016);
#4016 = CARTESIAN_POINT('',(-1.096201938253,-0.25,0.693412044417));
#4017 = LINE('',#4018,#4019);
#4018 = CARTESIAN_POINT('',(-1.172050016982,-0.25,0.232635182233));
#4019 = VECTOR('',#4020,1.);
#4020 = DIRECTION('',(0.162423314012,-1.858508865964E-18,0.986721169868)
  );
#4021 = ORIENTED_EDGE('',*,*,#4022,.T.);
#4022 = EDGE_CURVE('',#4015,#4023,#4025,.T.);
#4023 = VERTEX_POINT('',#4024);
#4024 = CARTESIAN_POINT('',(-0.85,-0.25,0.9));
#4025 = CIRCLE('',#4026,0.25);
#4026 = AXIS2_PLACEMENT_3D('',#4027,#4028,#4029);
#4027 = CARTESIAN_POINT('',(-0.85,-0.25,0.65));
#4028 = DIRECTION('',(1.144237745222E-17,1.,7.703719777549E-34));
#4029 = DIRECTION('',(-0.984807753012,1.126854202784E-17,0.173648177667)
  );
#4030 = ORIENTED_EDGE('',*,*,#4031,.T.);
#4031 = EDGE_CURVE('',#4023,#3070,#4032,.T.);
#4032 = LINE('',#4033,#4034);
#4033 = CARTESIAN_POINT('',(-0.85,-0.25,0.9));
#4034 = VECTOR('',#4035,1.);
#4035 = DIRECTION('',(1.,-1.144237745222E-17,0.));
#4036 = PLANE('',#4037);
#4037 = AXIS2_PLACEMENT_3D('',#4038,#4039,#4040);
#4038 = CARTESIAN_POINT('',(-1.069123385139,-0.25,0.441695635315));
#4039 = DIRECTION('',(1.144237745222E-17,1.,0.));
#4040 = DIRECTION('',(0.,-0.,1.));
#4041 = ADVANCED_FACE('',(#4042),#4061,.F.);
#4042 = FACE_BOUND('',#4043,.F.);
#4043 = EDGE_LOOP('',(#4044,#4045,#4054,#4060));
#4044 = ORIENTED_EDGE('',*,*,#3108,.T.);
#4045 = ORIENTED_EDGE('',*,*,#4046,.T.);
#4046 = EDGE_CURVE('',#3101,#4047,#4049,.T.);
#4047 = VERTEX_POINT('',#4048);
#4048 = CARTESIAN_POINT('',(-0.948480775301,0.25,0.667364817767));
#4049 = CIRCLE('',#4050,0.1);
#4050 = AXIS2_PLACEMENT_3D('',#4051,#4052,#4053);
#4051 = CARTESIAN_POINT('',(-0.85,0.25,0.65));
#4052 = DIRECTION('',(-1.144237745222E-17,-1.,0.));
#4053 = DIRECTION('',(0.,0.,1.));
#4054 = ORIENTED_EDGE('',*,*,#4055,.F.);
#4055 = EDGE_CURVE('',#3956,#4047,#4056,.T.);
#4056 = LINE('',#4057,#4058);
#4057 = CARTESIAN_POINT('',(-0.948480775301,-0.25,0.667364817767));
#4058 = VECTOR('',#4059,1.);
#4059 = DIRECTION('',(1.144237745222E-17,1.,0.));
#4060 = ORIENTED_EDGE('',*,*,#3955,.F.);
#4061 = CYLINDRICAL_SURFACE('',#4062,0.1);
#4062 = AXIS2_PLACEMENT_3D('',#4063,#4064,#4065);
#4063 = CARTESIAN_POINT('',(-0.85,-0.25,0.65));
#4064 = DIRECTION('',(-1.144237745222E-17,-1.,0.));
#4065 = DIRECTION('',(0.,0.,1.));
#4066 = ADVANCED_FACE('',(#4067),#4145,.T.);
#4067 = FACE_BOUND('',#4068,.T.);
#4068 = EDGE_LOOP('',(#4069,#4070,#4071,#4072,#4080,#4089,#4097,#4105,
    #4113,#4122,#4130,#4139));
#4069 = ORIENTED_EDGE('',*,*,#3122,.F.);
#4070 = ORIENTED_EDGE('',*,*,#3100,.T.);
#4071 = ORIENTED_EDGE('',*,*,#4046,.T.);
#4072 = ORIENTED_EDGE('',*,*,#4073,.T.);
#4073 = EDGE_CURVE('',#4047,#4074,#4076,.T.);
#4074 = VERTEX_POINT('',#4075);
#4075 = CARTESIAN_POINT('',(-1.02432885403,0.25,0.206587955583));
#4076 = LINE('',#4077,#4078);
#4077 = CARTESIAN_POINT('',(-0.948480775301,0.25,0.667364817767));
#4078 = VECTOR('',#4079,1.);
#4079 = DIRECTION('',(-0.162423314012,1.858508865964E-18,-0.986721169868
    ));
#4080 = ORIENTED_EDGE('',*,*,#4081,.T.);
#4081 = EDGE_CURVE('',#4074,#4082,#4084,.T.);
#4082 = VERTEX_POINT('',#4083);
#4083 = CARTESIAN_POINT('',(-1.270530792283,0.25,0.));
#4084 = CIRCLE('',#4085,0.25);
#4085 = AXIS2_PLACEMENT_3D('',#4086,#4087,#4088);
#4086 = CARTESIAN_POINT('',(-1.270530792283,0.25,0.25));
#4087 = DIRECTION('',(1.144237745222E-17,1.,1.155557966632E-33));
#4088 = DIRECTION('',(0.984807753012,-1.126854202784E-17,-0.173648177667
    ));
#4089 = ORIENTED_EDGE('',*,*,#4090,.T.);
#4090 = EDGE_CURVE('',#4082,#4091,#4093,.T.);
#4091 = VERTEX_POINT('',#4092);
#4092 = CARTESIAN_POINT('',(-1.4,0.25,0.));
#4093 = LINE('',#4094,#4095);
#4094 = CARTESIAN_POINT('',(-1.270530792283,0.25,0.));
#4095 = VECTOR('',#4096,1.);
#4096 = DIRECTION('',(-1.,1.144237745222E-17,0.));
#4097 = ORIENTED_EDGE('',*,*,#4098,.T.);
#4098 = EDGE_CURVE('',#4091,#4099,#4101,.T.);
#4099 = VERTEX_POINT('',#4100);
#4100 = CARTESIAN_POINT('',(-1.4,0.25,0.15));
#4101 = LINE('',#4102,#4103);
#4102 = CARTESIAN_POINT('',(-1.4,0.25,0.));
#4103 = VECTOR('',#4104,1.);
#4104 = DIRECTION('',(0.,0.,1.));
#4105 = ORIENTED_EDGE('',*,*,#4106,.T.);
#4106 = EDGE_CURVE('',#4099,#4107,#4109,.T.);
#4107 = VERTEX_POINT('',#4108);
#4108 = CARTESIAN_POINT('',(-1.270530792283,0.25,0.15));
#4109 = LINE('',#4110,#4111);
#4110 = CARTESIAN_POINT('',(-1.4,0.25,0.15));
#4111 = VECTOR('',#4112,1.);
#4112 = DIRECTION('',(1.,-1.144237745222E-17,0.));
#4113 = ORIENTED_EDGE('',*,*,#4114,.T.);
#4114 = EDGE_CURVE('',#4107,#4115,#4117,.T.);
#4115 = VERTEX_POINT('',#4116);
#4116 = CARTESIAN_POINT('',(-1.172050016982,0.25,0.232635182233));
#4117 = CIRCLE('',#4118,0.1);
#4118 = AXIS2_PLACEMENT_3D('',#4119,#4120,#4121);
#4119 = CARTESIAN_POINT('',(-1.270530792283,0.25,0.25));
#4120 = DIRECTION('',(-1.144237745222E-17,-1.,0.));
#4121 = DIRECTION('',(-2.22044604925E-15,2.540718180781E-32,-1.));
#4122 = ORIENTED_EDGE('',*,*,#4123,.T.);
#4123 = EDGE_CURVE('',#4115,#4124,#4126,.T.);
#4124 = VERTEX_POINT('',#4125);
#4125 = CARTESIAN_POINT('',(-1.096201938253,0.25,0.693412044417));
#4126 = LINE('',#4127,#4128);
#4127 = CARTESIAN_POINT('',(-1.172050016982,0.25,0.232635182233));
#4128 = VECTOR('',#4129,1.);
#4129 = DIRECTION('',(0.162423314012,-1.858508865964E-18,0.986721169868)
  );
#4130 = ORIENTED_EDGE('',*,*,#4131,.T.);
#4131 = EDGE_CURVE('',#4124,#4132,#4134,.T.);
#4132 = VERTEX_POINT('',#4133);
#4133 = CARTESIAN_POINT('',(-0.85,0.25,0.9));
#4134 = CIRCLE('',#4135,0.25);
#4135 = AXIS2_PLACEMENT_3D('',#4136,#4137,#4138);
#4136 = CARTESIAN_POINT('',(-0.85,0.25,0.65));
#4137 = DIRECTION('',(1.144237745222E-17,1.,7.703719777549E-34));
#4138 = DIRECTION('',(-0.984807753012,1.126854202784E-17,0.173648177667)
  );
#4139 = ORIENTED_EDGE('',*,*,#4140,.T.);
#4140 = EDGE_CURVE('',#4132,#3123,#4141,.T.);
#4141 = LINE('',#4142,#4143);
#4142 = CARTESIAN_POINT('',(-0.85,0.25,0.9));
#4143 = VECTOR('',#4144,1.);
#4144 = DIRECTION('',(1.,-1.144237745222E-17,0.));
#4145 = PLANE('',#4146);
#4146 = AXIS2_PLACEMENT_3D('',#4147,#4148,#4149);
#4147 = CARTESIAN_POINT('',(-1.069123385139,0.25,0.441695635315));
#4148 = DIRECTION('',(1.144237745222E-17,1.,0.));
#4149 = DIRECTION('',(0.,-0.,1.));
#4150 = ADVANCED_FACE('',(#4151),#4162,.F.);
#4151 = FACE_BOUND('',#4152,.F.);
#4152 = EDGE_LOOP('',(#4153,#4154,#4155,#4156));
#4153 = ORIENTED_EDGE('',*,*,#3139,.T.);
#4154 = ORIENTED_EDGE('',*,*,#3435,.T.);
#4155 = ORIENTED_EDGE('',*,*,#3483,.F.);
#4156 = ORIENTED_EDGE('',*,*,#4157,.F.);
#4157 = EDGE_CURVE('',#3123,#3476,#4158,.T.);
#4158 = LINE('',#4159,#4160);
#4159 = CARTESIAN_POINT('',(-0.85,0.25,0.9));
#4160 = VECTOR('',#4161,1.);
#4161 = DIRECTION('',(1.,-1.144237745222E-17,0.));
#4162 = PLANE('',#4163);
#4163 = AXIS2_PLACEMENT_3D('',#4164,#4165,#4166);
#4164 = CARTESIAN_POINT('',(-2.091417030376E-16,1.4375,0.9));
#4165 = DIRECTION('',(4.595758349624E-18,6.551522493592E-27,-1.));
#4166 = DIRECTION('',(1.,1.51922136901E-16,4.595758349624E-18));
#4167 = ADVANCED_FACE('',(#4168),#4247,.F.);
#4168 = FACE_BOUND('',#4169,.F.);
#4169 = EDGE_LOOP('',(#4170,#4171,#4172,#4181,#4189,#4198,#4206,#4214,
    #4222,#4231,#4239,#4246));
#4170 = ORIENTED_EDGE('',*,*,#3131,.F.);
#4171 = ORIENTED_EDGE('',*,*,#3153,.T.);
#4172 = ORIENTED_EDGE('',*,*,#4173,.T.);
#4173 = EDGE_CURVE('',#3154,#4174,#4176,.T.);
#4174 = VERTEX_POINT('',#4175);
#4175 = CARTESIAN_POINT('',(-0.948480775301,0.7,0.667364817767));
#4176 = CIRCLE('',#4177,0.1);
#4177 = AXIS2_PLACEMENT_3D('',#4178,#4179,#4180);
#4178 = CARTESIAN_POINT('',(-0.85,0.7,0.65));
#4179 = DIRECTION('',(-1.144237745222E-17,-1.,0.));
#4180 = DIRECTION('',(0.,0.,1.));
#4181 = ORIENTED_EDGE('',*,*,#4182,.T.);
#4182 = EDGE_CURVE('',#4174,#4183,#4185,.T.);
#4183 = VERTEX_POINT('',#4184);
#4184 = CARTESIAN_POINT('',(-1.02432885403,0.7,0.206587955583));
#4185 = LINE('',#4186,#4187);
#4186 = CARTESIAN_POINT('',(-0.948480775301,0.7,0.667364817767));
#4187 = VECTOR('',#4188,1.);
#4188 = DIRECTION('',(-0.162423314012,1.858508865964E-18,-0.986721169868
    ));
#4189 = ORIENTED_EDGE('',*,*,#4190,.T.);
#4190 = EDGE_CURVE('',#4183,#4191,#4193,.T.);
#4191 = VERTEX_POINT('',#4192);
#4192 = CARTESIAN_POINT('',(-1.270530792283,0.7,0.));
#4193 = CIRCLE('',#4194,0.25);
#4194 = AXIS2_PLACEMENT_3D('',#4195,#4196,#4197);
#4195 = CARTESIAN_POINT('',(-1.270530792283,0.7,0.25));
#4196 = DIRECTION('',(1.144237745222E-17,1.,1.155557966632E-33));
#4197 = DIRECTION('',(0.984807753012,-1.126854202784E-17,-0.173648177667
    ));
#4198 = ORIENTED_EDGE('',*,*,#4199,.T.);
#4199 = EDGE_CURVE('',#4191,#4200,#4202,.T.);
#4200 = VERTEX_POINT('',#4201);
#4201 = CARTESIAN_POINT('',(-1.4,0.7,0.));
#4202 = LINE('',#4203,#4204);
#4203 = CARTESIAN_POINT('',(-1.270530792283,0.7,0.));
#4204 = VECTOR('',#4205,1.);
#4205 = DIRECTION('',(-1.,1.144237745222E-17,0.));
#4206 = ORIENTED_EDGE('',*,*,#4207,.T.);
#4207 = EDGE_CURVE('',#4200,#4208,#4210,.T.);
#4208 = VERTEX_POINT('',#4209);
#4209 = CARTESIAN_POINT('',(-1.4,0.7,0.15));
#4210 = LINE('',#4211,#4212);
#4211 = CARTESIAN_POINT('',(-1.4,0.7,0.));
#4212 = VECTOR('',#4213,1.);
#4213 = DIRECTION('',(0.,0.,1.));
#4214 = ORIENTED_EDGE('',*,*,#4215,.T.);
#4215 = EDGE_CURVE('',#4208,#4216,#4218,.T.);
#4216 = VERTEX_POINT('',#4217);
#4217 = CARTESIAN_POINT('',(-1.270530792283,0.7,0.15));
#4218 = LINE('',#4219,#4220);
#4219 = CARTESIAN_POINT('',(-1.4,0.7,0.15));
#4220 = VECTOR('',#4221,1.);
#4221 = DIRECTION('',(1.,-1.144237745222E-17,0.));
#4222 = ORIENTED_EDGE('',*,*,#4223,.T.);
#4223 = EDGE_CURVE('',#4216,#4224,#4226,.T.);
#4224 = VERTEX_POINT('',#4225);
#4225 = CARTESIAN_POINT('',(-1.172050016982,0.7,0.232635182233));
#4226 = CIRCLE('',#4227,0.1);
#4227 = AXIS2_PLACEMENT_3D('',#4228,#4229,#4230);
#4228 = CARTESIAN_POINT('',(-1.270530792283,0.7,0.25));
#4229 = DIRECTION('',(-1.144237745222E-17,-1.,0.));
#4230 = DIRECTION('',(-2.22044604925E-15,2.540718180781E-32,-1.));
#4231 = ORIENTED_EDGE('',*,*,#4232,.T.);
#4232 = EDGE_CURVE('',#4224,#4233,#4235,.T.);
#4233 = VERTEX_POINT('',#4234);
#4234 = CARTESIAN_POINT('',(-1.096201938253,0.7,0.693412044417));
#4235 = LINE('',#4236,#4237);
#4236 = CARTESIAN_POINT('',(-1.172050016982,0.7,0.232635182233));
#4237 = VECTOR('',#4238,1.);
#4238 = DIRECTION('',(0.162423314012,-1.858508865964E-18,0.986721169868)
  );
#4239 = ORIENTED_EDGE('',*,*,#4240,.T.);
#4240 = EDGE_CURVE('',#4233,#3405,#4241,.T.);
#4241 = CIRCLE('',#4242,0.25);
#4242 = AXIS2_PLACEMENT_3D('',#4243,#4244,#4245);
#4243 = CARTESIAN_POINT('',(-0.85,0.7,0.65));
#4244 = DIRECTION('',(1.144237745222E-17,1.,7.703719777549E-34));
#4245 = DIRECTION('',(-0.984807753012,1.126854202784E-17,0.173648177667)
  );
#4246 = ORIENTED_EDGE('',*,*,#3404,.T.);
#4247 = PLANE('',#4248);
#4248 = AXIS2_PLACEMENT_3D('',#4249,#4250,#4251);
#4249 = CARTESIAN_POINT('',(-1.069123385139,0.7,0.441695635315));
#4250 = DIRECTION('',(1.144237745222E-17,1.,0.));
#4251 = DIRECTION('',(0.,-0.,1.));
#4252 = ADVANCED_FACE('',(#4253),#4272,.F.);
#4253 = FACE_BOUND('',#4254,.F.);
#4254 = EDGE_LOOP('',(#4255,#4256,#4265,#4271));
#4255 = ORIENTED_EDGE('',*,*,#3170,.T.);
#4256 = ORIENTED_EDGE('',*,*,#4257,.T.);
#4257 = EDGE_CURVE('',#3163,#4258,#4260,.T.);
#4258 = VERTEX_POINT('',#4259);
#4259 = CARTESIAN_POINT('',(-0.948480775301,1.2,0.667364817767));
#4260 = CIRCLE('',#4261,0.1);
#4261 = AXIS2_PLACEMENT_3D('',#4262,#4263,#4264);
#4262 = CARTESIAN_POINT('',(-0.85,1.2,0.65));
#4263 = DIRECTION('',(-1.144237745222E-17,-1.,0.));
#4264 = DIRECTION('',(0.,0.,1.));
#4265 = ORIENTED_EDGE('',*,*,#4266,.F.);
#4266 = EDGE_CURVE('',#4174,#4258,#4267,.T.);
#4267 = LINE('',#4268,#4269);
#4268 = CARTESIAN_POINT('',(-0.948480775301,0.7,0.667364817767));
#4269 = VECTOR('',#4270,1.);
#4270 = DIRECTION('',(1.144237745222E-17,1.,0.));
#4271 = ORIENTED_EDGE('',*,*,#4173,.F.);
#4272 = CYLINDRICAL_SURFACE('',#4273,0.1);
#4273 = AXIS2_PLACEMENT_3D('',#4274,#4275,#4276);
#4274 = CARTESIAN_POINT('',(-0.85,0.7,0.65));
#4275 = DIRECTION('',(-1.144237745222E-17,-1.,0.));
#4276 = DIRECTION('',(0.,0.,1.));
#4277 = ADVANCED_FACE('',(#4278),#4349,.T.);
#4278 = FACE_BOUND('',#4279,.T.);
#4279 = EDGE_LOOP('',(#4280,#4281,#4282,#4283,#4291,#4300,#4308,#4316,
    #4324,#4333,#4341,#4348));
#4280 = ORIENTED_EDGE('',*,*,#3184,.F.);
#4281 = ORIENTED_EDGE('',*,*,#3162,.T.);
#4282 = ORIENTED_EDGE('',*,*,#4257,.T.);
#4283 = ORIENTED_EDGE('',*,*,#4284,.T.);
#4284 = EDGE_CURVE('',#4258,#4285,#4287,.T.);
#4285 = VERTEX_POINT('',#4286);
#4286 = CARTESIAN_POINT('',(-1.02432885403,1.2,0.206587955583));
#4287 = LINE('',#4288,#4289);
#4288 = CARTESIAN_POINT('',(-0.948480775301,1.2,0.667364817767));
#4289 = VECTOR('',#4290,1.);
#4290 = DIRECTION('',(-0.162423314012,1.858508865964E-18,-0.986721169868
    ));
#4291 = ORIENTED_EDGE('',*,*,#4292,.T.);
#4292 = EDGE_CURVE('',#4285,#4293,#4295,.T.);
#4293 = VERTEX_POINT('',#4294);
#4294 = CARTESIAN_POINT('',(-1.270530792283,1.2,0.));
#4295 = CIRCLE('',#4296,0.25);
#4296 = AXIS2_PLACEMENT_3D('',#4297,#4298,#4299);
#4297 = CARTESIAN_POINT('',(-1.270530792283,1.2,0.25));
#4298 = DIRECTION('',(1.144237745222E-17,1.,1.155557966632E-33));
#4299 = DIRECTION('',(0.984807753012,-1.126854202784E-17,-0.173648177667
    ));
#4300 = ORIENTED_EDGE('',*,*,#4301,.T.);
#4301 = EDGE_CURVE('',#4293,#4302,#4304,.T.);
#4302 = VERTEX_POINT('',#4303);
#4303 = CARTESIAN_POINT('',(-1.4,1.2,0.));
#4304 = LINE('',#4305,#4306);
#4305 = CARTESIAN_POINT('',(-1.270530792283,1.2,0.));
#4306 = VECTOR('',#4307,1.);
#4307 = DIRECTION('',(-1.,1.144237745222E-17,0.));
#4308 = ORIENTED_EDGE('',*,*,#4309,.T.);
#4309 = EDGE_CURVE('',#4302,#4310,#4312,.T.);
#4310 = VERTEX_POINT('',#4311);
#4311 = CARTESIAN_POINT('',(-1.4,1.2,0.15));
#4312 = LINE('',#4313,#4314);
#4313 = CARTESIAN_POINT('',(-1.4,1.2,0.));
#4314 = VECTOR('',#4315,1.);
#4315 = DIRECTION('',(0.,0.,1.));
#4316 = ORIENTED_EDGE('',*,*,#4317,.T.);
#4317 = EDGE_CURVE('',#4310,#4318,#4320,.T.);
#4318 = VERTEX_POINT('',#4319);
#4319 = CARTESIAN_POINT('',(-1.270530792283,1.2,0.15));
#4320 = LINE('',#4321,#4322);
#4321 = CARTESIAN_POINT('',(-1.4,1.2,0.15));
#4322 = VECTOR('',#4323,1.);
#4323 = DIRECTION('',(1.,-1.144237745222E-17,0.));
#4324 = ORIENTED_EDGE('',*,*,#4325,.T.);
#4325 = EDGE_CURVE('',#4318,#4326,#4328,.T.);
#4326 = VERTEX_POINT('',#4327);
#4327 = CARTESIAN_POINT('',(-1.172050016982,1.2,0.232635182233));
#4328 = CIRCLE('',#4329,0.1);
#4329 = AXIS2_PLACEMENT_3D('',#4330,#4331,#4332);
#4330 = CARTESIAN_POINT('',(-1.270530792283,1.2,0.25));
#4331 = DIRECTION('',(-1.144237745222E-17,-1.,0.));
#4332 = DIRECTION('',(-2.22044604925E-15,2.540718180781E-32,-1.));
#4333 = ORIENTED_EDGE('',*,*,#4334,.T.);
#4334 = EDGE_CURVE('',#4326,#4335,#4337,.T.);
#4335 = VERTEX_POINT('',#4336);
#4336 = CARTESIAN_POINT('',(-1.096201938253,1.2,0.693412044417));
#4337 = LINE('',#4338,#4339);
#4338 = CARTESIAN_POINT('',(-1.172050016982,1.2,0.232635182233));
#4339 = VECTOR('',#4340,1.);
#4340 = DIRECTION('',(0.162423314012,-1.858508865964E-18,0.986721169868)
  );
#4341 = ORIENTED_EDGE('',*,*,#4342,.T.);
#4342 = EDGE_CURVE('',#4335,#3413,#4343,.T.);
#4343 = CIRCLE('',#4344,0.25);
#4344 = AXIS2_PLACEMENT_3D('',#4345,#4346,#4347);
#4345 = CARTESIAN_POINT('',(-0.85,1.2,0.65));
#4346 = DIRECTION('',(1.144237745222E-17,1.,7.703719777549E-34));
#4347 = DIRECTION('',(-0.984807753012,1.126854202784E-17,0.173648177667)
  );
#4348 = ORIENTED_EDGE('',*,*,#3420,.T.);
#4349 = PLANE('',#4350);
#4350 = AXIS2_PLACEMENT_3D('',#4351,#4352,#4353);
#4351 = CARTESIAN_POINT('',(-1.069123385139,1.2,0.441695635315));
#4352 = DIRECTION('',(1.144237745222E-17,1.,0.));
#4353 = DIRECTION('',(0.,-0.,1.));
#4354 = ADVANCED_FACE('',(#4355),#4434,.F.);
#4355 = FACE_BOUND('',#4356,.F.);
#4356 = EDGE_LOOP('',(#4357,#4358,#4359,#4368,#4376,#4385,#4393,#4401,
    #4409,#4418,#4426,#4433));
#4357 = ORIENTED_EDGE('',*,*,#3203,.F.);
#4358 = ORIENTED_EDGE('',*,*,#3218,.T.);
#4359 = ORIENTED_EDGE('',*,*,#4360,.T.);
#4360 = EDGE_CURVE('',#3219,#4361,#4363,.T.);
#4361 = VERTEX_POINT('',#4362);
#4362 = CARTESIAN_POINT('',(0.948480775301,1.2,0.667364817767));
#4363 = CIRCLE('',#4364,0.1);
#4364 = AXIS2_PLACEMENT_3D('',#4365,#4366,#4367);
#4365 = CARTESIAN_POINT('',(0.85,1.2,0.65));
#4366 = DIRECTION('',(-1.110223024625E-16,1.,0.));
#4367 = DIRECTION('',(0.,0.,1.));
#4368 = ORIENTED_EDGE('',*,*,#4369,.T.);
#4369 = EDGE_CURVE('',#4361,#4370,#4372,.T.);
#4370 = VERTEX_POINT('',#4371);
#4371 = CARTESIAN_POINT('',(1.02432885403,1.2,0.206587955583));
#4372 = LINE('',#4373,#4374);
#4373 = CARTESIAN_POINT('',(0.948480775301,1.2,0.667364817767));
#4374 = VECTOR('',#4375,1.);
#4375 = DIRECTION('',(0.162423314012,1.803261029519E-17,-0.986721169868)
  );
#4376 = ORIENTED_EDGE('',*,*,#4377,.T.);
#4377 = EDGE_CURVE('',#4370,#4378,#4380,.T.);
#4378 = VERTEX_POINT('',#4379);
#4379 = CARTESIAN_POINT('',(1.270530792283,1.2,0.));
#4380 = CIRCLE('',#4381,0.25);
#4381 = AXIS2_PLACEMENT_3D('',#4382,#4383,#4384);
#4382 = CARTESIAN_POINT('',(1.270530792283,1.2,0.25));
#4383 = DIRECTION('',(1.110223024625E-16,-1.,0.));
#4384 = DIRECTION('',(-0.984807753012,-1.093356242223E-16,
    -0.173648177667));
#4385 = ORIENTED_EDGE('',*,*,#4386,.T.);
#4386 = EDGE_CURVE('',#4378,#4387,#4389,.T.);
#4387 = VERTEX_POINT('',#4388);
#4388 = CARTESIAN_POINT('',(1.4,1.2,0.));
#4389 = LINE('',#4390,#4391);
#4390 = CARTESIAN_POINT('',(1.270530792283,1.2,0.));
#4391 = VECTOR('',#4392,1.);
#4392 = DIRECTION('',(1.,1.110223024625E-16,0.));
#4393 = ORIENTED_EDGE('',*,*,#4394,.T.);
#4394 = EDGE_CURVE('',#4387,#4395,#4397,.T.);
#4395 = VERTEX_POINT('',#4396);
#4396 = CARTESIAN_POINT('',(1.4,1.2,0.15));
#4397 = LINE('',#4398,#4399);
#4398 = CARTESIAN_POINT('',(1.4,1.2,0.));
#4399 = VECTOR('',#4400,1.);
#4400 = DIRECTION('',(0.,0.,1.));
#4401 = ORIENTED_EDGE('',*,*,#4402,.T.);
#4402 = EDGE_CURVE('',#4395,#4403,#4405,.T.);
#4403 = VERTEX_POINT('',#4404);
#4404 = CARTESIAN_POINT('',(1.270530792283,1.2,0.15));
#4405 = LINE('',#4406,#4407);
#4406 = CARTESIAN_POINT('',(1.4,1.2,0.15));
#4407 = VECTOR('',#4408,1.);
#4408 = DIRECTION('',(-1.,-1.110223024625E-16,0.));
#4409 = ORIENTED_EDGE('',*,*,#4410,.T.);
#4410 = EDGE_CURVE('',#4403,#4411,#4413,.T.);
#4411 = VERTEX_POINT('',#4412);
#4412 = CARTESIAN_POINT('',(1.172050016982,1.2,0.232635182233));
#4413 = CIRCLE('',#4414,0.1);
#4414 = AXIS2_PLACEMENT_3D('',#4415,#4416,#4417);
#4415 = CARTESIAN_POINT('',(1.270530792283,1.2,0.25));
#4416 = DIRECTION('',(-1.110223024625E-16,1.,0.));
#4417 = DIRECTION('',(2.22044604925E-15,2.465190328815E-31,-1.));
#4418 = ORIENTED_EDGE('',*,*,#4419,.T.);
#4419 = EDGE_CURVE('',#4411,#4420,#4422,.T.);
#4420 = VERTEX_POINT('',#4421);
#4421 = CARTESIAN_POINT('',(1.096201938253,1.2,0.693412044417));
#4422 = LINE('',#4423,#4424);
#4423 = CARTESIAN_POINT('',(1.172050016982,1.2,0.232635182233));
#4424 = VECTOR('',#4425,1.);
#4425 = DIRECTION('',(-0.162423314012,-1.803261029519E-17,0.986721169868
    ));
#4426 = ORIENTED_EDGE('',*,*,#4427,.T.);
#4427 = EDGE_CURVE('',#4420,#3644,#4428,.T.);
#4428 = CIRCLE('',#4429,0.25);
#4429 = AXIS2_PLACEMENT_3D('',#4430,#4431,#4432);
#4430 = CARTESIAN_POINT('',(0.85,1.2,0.65));
#4431 = DIRECTION('',(1.110223024625E-16,-1.,0.));
#4432 = DIRECTION('',(0.984807753012,1.093356242223E-16,0.173648177667)
  );
#4433 = ORIENTED_EDGE('',*,*,#3643,.T.);
#4434 = PLANE('',#4435);
#4435 = AXIS2_PLACEMENT_3D('',#4436,#4437,#4438);
#4436 = CARTESIAN_POINT('',(1.069123385139,1.2,0.441695635315));
#4437 = DIRECTION('',(1.110223024625E-16,-1.,0.));
#4438 = DIRECTION('',(0.,0.,1.));
#4439 = ADVANCED_FACE('',(#4440),#4459,.F.);
#4440 = FACE_BOUND('',#4441,.F.);
#4441 = EDGE_LOOP('',(#4442,#4443,#4452,#4458));
#4442 = ORIENTED_EDGE('',*,*,#3235,.T.);
#4443 = ORIENTED_EDGE('',*,*,#4444,.T.);
#4444 = EDGE_CURVE('',#3228,#4445,#4447,.T.);
#4445 = VERTEX_POINT('',#4446);
#4446 = CARTESIAN_POINT('',(0.948480775301,0.7,0.667364817767));
#4447 = CIRCLE('',#4448,0.1);
#4448 = AXIS2_PLACEMENT_3D('',#4449,#4450,#4451);
#4449 = CARTESIAN_POINT('',(0.85,0.7,0.65));
#4450 = DIRECTION('',(-1.110223024625E-16,1.,0.));
#4451 = DIRECTION('',(0.,0.,1.));
#4452 = ORIENTED_EDGE('',*,*,#4453,.F.);
#4453 = EDGE_CURVE('',#4361,#4445,#4454,.T.);
#4454 = LINE('',#4455,#4456);
#4455 = CARTESIAN_POINT('',(0.948480775301,1.2,0.667364817767));
#4456 = VECTOR('',#4457,1.);
#4457 = DIRECTION('',(1.110223024625E-16,-1.,0.));
#4458 = ORIENTED_EDGE('',*,*,#4360,.F.);
#4459 = CYLINDRICAL_SURFACE('',#4460,0.1);
#4460 = AXIS2_PLACEMENT_3D('',#4461,#4462,#4463);
#4461 = CARTESIAN_POINT('',(0.85,1.2,0.65));
#4462 = DIRECTION('',(-1.110223024625E-16,1.,0.));
#4463 = DIRECTION('',(0.,0.,1.));
#4464 = ADVANCED_FACE('',(#4465),#4536,.T.);
#4465 = FACE_BOUND('',#4466,.T.);
#4466 = EDGE_LOOP('',(#4467,#4468,#4469,#4470,#4478,#4487,#4495,#4503,
    #4511,#4520,#4528,#4535));
#4467 = ORIENTED_EDGE('',*,*,#3249,.F.);
#4468 = ORIENTED_EDGE('',*,*,#3227,.T.);
#4469 = ORIENTED_EDGE('',*,*,#4444,.T.);
#4470 = ORIENTED_EDGE('',*,*,#4471,.T.);
#4471 = EDGE_CURVE('',#4445,#4472,#4474,.T.);
#4472 = VERTEX_POINT('',#4473);
#4473 = CARTESIAN_POINT('',(1.02432885403,0.7,0.206587955583));
#4474 = LINE('',#4475,#4476);
#4475 = CARTESIAN_POINT('',(0.948480775301,0.7,0.667364817767));
#4476 = VECTOR('',#4477,1.);
#4477 = DIRECTION('',(0.162423314012,1.803261029519E-17,-0.986721169868)
  );
#4478 = ORIENTED_EDGE('',*,*,#4479,.T.);
#4479 = EDGE_CURVE('',#4472,#4480,#4482,.T.);
#4480 = VERTEX_POINT('',#4481);
#4481 = CARTESIAN_POINT('',(1.270530792283,0.7,0.));
#4482 = CIRCLE('',#4483,0.25);
#4483 = AXIS2_PLACEMENT_3D('',#4484,#4485,#4486);
#4484 = CARTESIAN_POINT('',(1.270530792283,0.7,0.25));
#4485 = DIRECTION('',(1.110223024625E-16,-1.,0.));
#4486 = DIRECTION('',(-0.984807753012,-1.093356242223E-16,
    -0.173648177667));
#4487 = ORIENTED_EDGE('',*,*,#4488,.T.);
#4488 = EDGE_CURVE('',#4480,#4489,#4491,.T.);
#4489 = VERTEX_POINT('',#4490);
#4490 = CARTESIAN_POINT('',(1.4,0.7,0.));
#4491 = LINE('',#4492,#4493);
#4492 = CARTESIAN_POINT('',(1.270530792283,0.7,0.));
#4493 = VECTOR('',#4494,1.);
#4494 = DIRECTION('',(1.,1.110223024625E-16,0.));
#4495 = ORIENTED_EDGE('',*,*,#4496,.T.);
#4496 = EDGE_CURVE('',#4489,#4497,#4499,.T.);
#4497 = VERTEX_POINT('',#4498);
#4498 = CARTESIAN_POINT('',(1.4,0.7,0.15));
#4499 = LINE('',#4500,#4501);
#4500 = CARTESIAN_POINT('',(1.4,0.7,0.));
#4501 = VECTOR('',#4502,1.);
#4502 = DIRECTION('',(0.,0.,1.));
#4503 = ORIENTED_EDGE('',*,*,#4504,.T.);
#4504 = EDGE_CURVE('',#4497,#4505,#4507,.T.);
#4505 = VERTEX_POINT('',#4506);
#4506 = CARTESIAN_POINT('',(1.270530792283,0.7,0.15));
#4507 = LINE('',#4508,#4509);
#4508 = CARTESIAN_POINT('',(1.4,0.7,0.15));
#4509 = VECTOR('',#4510,1.);
#4510 = DIRECTION('',(-1.,-1.110223024625E-16,0.));
#4511 = ORIENTED_EDGE('',*,*,#4512,.T.);
#4512 = EDGE_CURVE('',#4505,#4513,#4515,.T.);
#4513 = VERTEX_POINT('',#4514);
#4514 = CARTESIAN_POINT('',(1.172050016982,0.7,0.232635182233));
#4515 = CIRCLE('',#4516,0.1);
#4516 = AXIS2_PLACEMENT_3D('',#4517,#4518,#4519);
#4517 = CARTESIAN_POINT('',(1.270530792283,0.7,0.25));
#4518 = DIRECTION('',(-1.110223024625E-16,1.,0.));
#4519 = DIRECTION('',(2.22044604925E-15,2.465190328815E-31,-1.));
#4520 = ORIENTED_EDGE('',*,*,#4521,.T.);
#4521 = EDGE_CURVE('',#4513,#4522,#4524,.T.);
#4522 = VERTEX_POINT('',#4523);
#4523 = CARTESIAN_POINT('',(1.096201938253,0.7,0.693412044417));
#4524 = LINE('',#4525,#4526);
#4525 = CARTESIAN_POINT('',(1.172050016982,0.7,0.232635182233));
#4526 = VECTOR('',#4527,1.);
#4527 = DIRECTION('',(-0.162423314012,-1.803261029519E-17,0.986721169868
    ));
#4528 = ORIENTED_EDGE('',*,*,#4529,.T.);
#4529 = EDGE_CURVE('',#4522,#3652,#4530,.T.);
#4530 = CIRCLE('',#4531,0.25);
#4531 = AXIS2_PLACEMENT_3D('',#4532,#4533,#4534);
#4532 = CARTESIAN_POINT('',(0.85,0.7,0.65));
#4533 = DIRECTION('',(1.110223024625E-16,-1.,0.));
#4534 = DIRECTION('',(0.984807753012,1.093356242223E-16,0.173648177667)
  );
#4535 = ORIENTED_EDGE('',*,*,#3659,.T.);
#4536 = PLANE('',#4537);
#4537 = AXIS2_PLACEMENT_3D('',#4538,#4539,#4540);
#4538 = CARTESIAN_POINT('',(1.069123385139,0.7,0.441695635315));
#4539 = DIRECTION('',(1.110223024625E-16,-1.,0.));
#4540 = DIRECTION('',(0.,0.,1.));
#4541 = ADVANCED_FACE('',(#4542),#4553,.F.);
#4542 = FACE_BOUND('',#4543,.F.);
#4543 = EDGE_LOOP('',(#4544,#4545,#4546,#4552));
#4544 = ORIENTED_EDGE('',*,*,#3665,.F.);
#4545 = ORIENTED_EDGE('',*,*,#3266,.T.);
#4546 = ORIENTED_EDGE('',*,*,#4547,.T.);
#4547 = EDGE_CURVE('',#3259,#3598,#4548,.T.);
#4548 = LINE('',#4549,#4550);
#4549 = CARTESIAN_POINT('',(0.85,-0.7,0.9));
#4550 = VECTOR('',#4551,1.);
#4551 = DIRECTION('',(-1.,-1.110223024625E-16,0.));
#4552 = ORIENTED_EDGE('',*,*,#3597,.F.);
#4553 = PLANE('',#4554);
#4554 = AXIS2_PLACEMENT_3D('',#4555,#4556,#4557);
#4555 = CARTESIAN_POINT('',(-2.091417030376E-16,1.4375,0.9));
#4556 = DIRECTION('',(4.595758349624E-18,6.551522493592E-27,-1.));
#4557 = DIRECTION('',(1.,1.51922136901E-16,4.595758349624E-18));
#4558 = ADVANCED_FACE('',(#4559),#4645,.F.);
#4559 = FACE_BOUND('',#4560,.F.);
#4560 = EDGE_LOOP('',(#4561,#4562,#4563,#4572,#4580,#4589,#4597,#4605,
    #4613,#4622,#4630,#4639));
#4561 = ORIENTED_EDGE('',*,*,#3258,.F.);
#4562 = ORIENTED_EDGE('',*,*,#3280,.T.);
#4563 = ORIENTED_EDGE('',*,*,#4564,.T.);
#4564 = EDGE_CURVE('',#3281,#4565,#4567,.T.);
#4565 = VERTEX_POINT('',#4566);
#4566 = CARTESIAN_POINT('',(0.948480775301,-0.7,0.667364817767));
#4567 = CIRCLE('',#4568,0.1);
#4568 = AXIS2_PLACEMENT_3D('',#4569,#4570,#4571);
#4569 = CARTESIAN_POINT('',(0.85,-0.7,0.65));
#4570 = DIRECTION('',(-1.110223024625E-16,1.,0.));
#4571 = DIRECTION('',(0.,0.,1.));
#4572 = ORIENTED_EDGE('',*,*,#4573,.T.);
#4573 = EDGE_CURVE('',#4565,#4574,#4576,.T.);
#4574 = VERTEX_POINT('',#4575);
#4575 = CARTESIAN_POINT('',(1.02432885403,-0.7,0.206587955583));
#4576 = LINE('',#4577,#4578);
#4577 = CARTESIAN_POINT('',(0.948480775301,-0.7,0.667364817767));
#4578 = VECTOR('',#4579,1.);
#4579 = DIRECTION('',(0.162423314012,1.803261029519E-17,-0.986721169868)
  );
#4580 = ORIENTED_EDGE('',*,*,#4581,.T.);
#4581 = EDGE_CURVE('',#4574,#4582,#4584,.T.);
#4582 = VERTEX_POINT('',#4583);
#4583 = CARTESIAN_POINT('',(1.270530792283,-0.7,0.));
#4584 = CIRCLE('',#4585,0.25);
#4585 = AXIS2_PLACEMENT_3D('',#4586,#4587,#4588);
#4586 = CARTESIAN_POINT('',(1.270530792283,-0.7,0.25));
#4587 = DIRECTION('',(1.110223024625E-16,-1.,0.));
#4588 = DIRECTION('',(-0.984807753012,-1.093356242223E-16,
    -0.173648177667));
#4589 = ORIENTED_EDGE('',*,*,#4590,.T.);
#4590 = EDGE_CURVE('',#4582,#4591,#4593,.T.);
#4591 = VERTEX_POINT('',#4592);
#4592 = CARTESIAN_POINT('',(1.4,-0.7,0.));
#4593 = LINE('',#4594,#4595);
#4594 = CARTESIAN_POINT('',(1.270530792283,-0.7,0.));
#4595 = VECTOR('',#4596,1.);
#4596 = DIRECTION('',(1.,1.110223024625E-16,0.));
#4597 = ORIENTED_EDGE('',*,*,#4598,.T.);
#4598 = EDGE_CURVE('',#4591,#4599,#4601,.T.);
#4599 = VERTEX_POINT('',#4600);
#4600 = CARTESIAN_POINT('',(1.4,-0.7,0.15));
#4601 = LINE('',#4602,#4603);
#4602 = CARTESIAN_POINT('',(1.4,-0.7,0.));
#4603 = VECTOR('',#4604,1.);
#4604 = DIRECTION('',(0.,0.,1.));
#4605 = ORIENTED_EDGE('',*,*,#4606,.T.);
#4606 = EDGE_CURVE('',#4599,#4607,#4609,.T.);
#4607 = VERTEX_POINT('',#4608);
#4608 = CARTESIAN_POINT('',(1.270530792283,-0.7,0.15));
#4609 = LINE('',#4610,#4611);
#4610 = CARTESIAN_POINT('',(1.4,-0.7,0.15));
#4611 = VECTOR('',#4612,1.);
#4612 = DIRECTION('',(-1.,-1.110223024625E-16,0.));
#4613 = ORIENTED_EDGE('',*,*,#4614,.T.);
#4614 = EDGE_CURVE('',#4607,#4615,#4617,.T.);
#4615 = VERTEX_POINT('',#4616);
#4616 = CARTESIAN_POINT('',(1.172050016982,-0.7,0.232635182233));
#4617 = CIRCLE('',#4618,0.1);
#4618 = AXIS2_PLACEMENT_3D('',#4619,#4620,#4621);
#4619 = CARTESIAN_POINT('',(1.270530792283,-0.7,0.25));
#4620 = DIRECTION('',(-1.110223024625E-16,1.,0.));
#4621 = DIRECTION('',(2.22044604925E-15,2.465190328815E-31,-1.));
#4622 = ORIENTED_EDGE('',*,*,#4623,.T.);
#4623 = EDGE_CURVE('',#4615,#4624,#4626,.T.);
#4624 = VERTEX_POINT('',#4625);
#4625 = CARTESIAN_POINT('',(1.096201938253,-0.7,0.693412044417));
#4626 = LINE('',#4627,#4628);
#4627 = CARTESIAN_POINT('',(1.172050016982,-0.7,0.232635182233));
#4628 = VECTOR('',#4629,1.);
#4629 = DIRECTION('',(-0.162423314012,-1.803261029519E-17,0.986721169868
    ));
#4630 = ORIENTED_EDGE('',*,*,#4631,.T.);
#4631 = EDGE_CURVE('',#4624,#4632,#4634,.T.);
#4632 = VERTEX_POINT('',#4633);
#4633 = CARTESIAN_POINT('',(0.85,-0.7,0.9));
#4634 = CIRCLE('',#4635,0.25);
#4635 = AXIS2_PLACEMENT_3D('',#4636,#4637,#4638);
#4636 = CARTESIAN_POINT('',(0.85,-0.7,0.65));
#4637 = DIRECTION('',(1.110223024625E-16,-1.,0.));
#4638 = DIRECTION('',(0.984807753012,1.093356242223E-16,0.173648177667)
  );
#4639 = ORIENTED_EDGE('',*,*,#4640,.T.);
#4640 = EDGE_CURVE('',#4632,#3259,#4641,.T.);
#4641 = LINE('',#4642,#4643);
#4642 = CARTESIAN_POINT('',(0.85,-0.7,0.9));
#4643 = VECTOR('',#4644,1.);
#4644 = DIRECTION('',(-1.,-1.110223024625E-16,0.));
#4645 = PLANE('',#4646);
#4646 = AXIS2_PLACEMENT_3D('',#4647,#4648,#4649);
#4647 = CARTESIAN_POINT('',(1.069123385139,-0.7,0.441695635315));
#4648 = DIRECTION('',(1.110223024625E-16,-1.,0.));
#4649 = DIRECTION('',(0.,0.,1.));
#4650 = ADVANCED_FACE('',(#4651),#4670,.F.);
#4651 = FACE_BOUND('',#4652,.F.);
#4652 = EDGE_LOOP('',(#4653,#4654,#4663,#4669));
#4653 = ORIENTED_EDGE('',*,*,#3297,.T.);
#4654 = ORIENTED_EDGE('',*,*,#4655,.T.);
#4655 = EDGE_CURVE('',#3290,#4656,#4658,.T.);
#4656 = VERTEX_POINT('',#4657);
#4657 = CARTESIAN_POINT('',(0.948480775301,-1.2,0.667364817767));
#4658 = CIRCLE('',#4659,0.1);
#4659 = AXIS2_PLACEMENT_3D('',#4660,#4661,#4662);
#4660 = CARTESIAN_POINT('',(0.85,-1.2,0.65));
#4661 = DIRECTION('',(-1.110223024625E-16,1.,0.));
#4662 = DIRECTION('',(0.,0.,1.));
#4663 = ORIENTED_EDGE('',*,*,#4664,.F.);
#4664 = EDGE_CURVE('',#4565,#4656,#4665,.T.);
#4665 = LINE('',#4666,#4667);
#4666 = CARTESIAN_POINT('',(0.948480775301,-0.7,0.667364817767));
#4667 = VECTOR('',#4668,1.);
#4668 = DIRECTION('',(1.110223024625E-16,-1.,0.));
#4669 = ORIENTED_EDGE('',*,*,#4564,.F.);
#4670 = CYLINDRICAL_SURFACE('',#4671,0.1);
#4671 = AXIS2_PLACEMENT_3D('',#4672,#4673,#4674);
#4672 = CARTESIAN_POINT('',(0.85,-0.7,0.65));
#4673 = DIRECTION('',(-1.110223024625E-16,1.,0.));
#4674 = DIRECTION('',(0.,0.,1.));
#4675 = ADVANCED_FACE('',(#4676),#4754,.T.);
#4676 = FACE_BOUND('',#4677,.T.);
#4677 = EDGE_LOOP('',(#4678,#4679,#4680,#4681,#4689,#4698,#4706,#4714,
    #4722,#4731,#4739,#4748));
#4678 = ORIENTED_EDGE('',*,*,#3311,.F.);
#4679 = ORIENTED_EDGE('',*,*,#3289,.T.);
#4680 = ORIENTED_EDGE('',*,*,#4655,.T.);
#4681 = ORIENTED_EDGE('',*,*,#4682,.T.);
#4682 = EDGE_CURVE('',#4656,#4683,#4685,.T.);
#4683 = VERTEX_POINT('',#4684);
#4684 = CARTESIAN_POINT('',(1.02432885403,-1.2,0.206587955583));
#4685 = LINE('',#4686,#4687);
#4686 = CARTESIAN_POINT('',(0.948480775301,-1.2,0.667364817767));
#4687 = VECTOR('',#4688,1.);
#4688 = DIRECTION('',(0.162423314012,1.803261029519E-17,-0.986721169868)
  );
#4689 = ORIENTED_EDGE('',*,*,#4690,.T.);
#4690 = EDGE_CURVE('',#4683,#4691,#4693,.T.);
#4691 = VERTEX_POINT('',#4692);
#4692 = CARTESIAN_POINT('',(1.270530792283,-1.2,0.));
#4693 = CIRCLE('',#4694,0.25);
#4694 = AXIS2_PLACEMENT_3D('',#4695,#4696,#4697);
#4695 = CARTESIAN_POINT('',(1.270530792283,-1.2,0.25));
#4696 = DIRECTION('',(1.110223024625E-16,-1.,0.));
#4697 = DIRECTION('',(-0.984807753012,-1.093356242223E-16,
    -0.173648177667));
#4698 = ORIENTED_EDGE('',*,*,#4699,.T.);
#4699 = EDGE_CURVE('',#4691,#4700,#4702,.T.);
#4700 = VERTEX_POINT('',#4701);
#4701 = CARTESIAN_POINT('',(1.4,-1.2,0.));
#4702 = LINE('',#4703,#4704);
#4703 = CARTESIAN_POINT('',(1.270530792283,-1.2,0.));
#4704 = VECTOR('',#4705,1.);
#4705 = DIRECTION('',(1.,1.110223024625E-16,0.));
#4706 = ORIENTED_EDGE('',*,*,#4707,.T.);
#4707 = EDGE_CURVE('',#4700,#4708,#4710,.T.);
#4708 = VERTEX_POINT('',#4709);
#4709 = CARTESIAN_POINT('',(1.4,-1.2,0.15));
#4710 = LINE('',#4711,#4712);
#4711 = CARTESIAN_POINT('',(1.4,-1.2,0.));
#4712 = VECTOR('',#4713,1.);
#4713 = DIRECTION('',(0.,0.,1.));
#4714 = ORIENTED_EDGE('',*,*,#4715,.T.);
#4715 = EDGE_CURVE('',#4708,#4716,#4718,.T.);
#4716 = VERTEX_POINT('',#4717);
#4717 = CARTESIAN_POINT('',(1.270530792283,-1.2,0.15));
#4718 = LINE('',#4719,#4720);
#4719 = CARTESIAN_POINT('',(1.4,-1.2,0.15));
#4720 = VECTOR('',#4721,1.);
#4721 = DIRECTION('',(-1.,-1.110223024625E-16,0.));
#4722 = ORIENTED_EDGE('',*,*,#4723,.T.);
#4723 = EDGE_CURVE('',#4716,#4724,#4726,.T.);
#4724 = VERTEX_POINT('',#4725);
#4725 = CARTESIAN_POINT('',(1.172050016982,-1.2,0.232635182233));
#4726 = CIRCLE('',#4727,0.1);
#4727 = AXIS2_PLACEMENT_3D('',#4728,#4729,#4730);
#4728 = CARTESIAN_POINT('',(1.270530792283,-1.2,0.25));
#4729 = DIRECTION('',(-1.110223024625E-16,1.,0.));
#4730 = DIRECTION('',(2.22044604925E-15,2.465190328815E-31,-1.));
#4731 = ORIENTED_EDGE('',*,*,#4732,.T.);
#4732 = EDGE_CURVE('',#4724,#4733,#4735,.T.);
#4733 = VERTEX_POINT('',#4734);
#4734 = CARTESIAN_POINT('',(1.096201938253,-1.2,0.693412044417));
#4735 = LINE('',#4736,#4737);
#4736 = CARTESIAN_POINT('',(1.172050016982,-1.2,0.232635182233));
#4737 = VECTOR('',#4738,1.);
#4738 = DIRECTION('',(-0.162423314012,-1.803261029519E-17,0.986721169868
    ));
#4739 = ORIENTED_EDGE('',*,*,#4740,.T.);
#4740 = EDGE_CURVE('',#4733,#4741,#4743,.T.);
#4741 = VERTEX_POINT('',#4742);
#4742 = CARTESIAN_POINT('',(0.85,-1.2,0.9));
#4743 = CIRCLE('',#4744,0.25);
#4744 = AXIS2_PLACEMENT_3D('',#4745,#4746,#4747);
#4745 = CARTESIAN_POINT('',(0.85,-1.2,0.65));
#4746 = DIRECTION('',(1.110223024625E-16,-1.,0.));
#4747 = DIRECTION('',(0.984807753012,1.093356242223E-16,0.173648177667)
  );
#4748 = ORIENTED_EDGE('',*,*,#4749,.T.);
#4749 = EDGE_CURVE('',#4741,#3312,#4750,.T.);
#4750 = LINE('',#4751,#4752);
#4751 = CARTESIAN_POINT('',(0.85,-1.2,0.9));
#4752 = VECTOR('',#4753,1.);
#4753 = DIRECTION('',(-1.,-1.110223024625E-16,0.));
#4754 = PLANE('',#4755);
#4755 = AXIS2_PLACEMENT_3D('',#4756,#4757,#4758);
#4756 = CARTESIAN_POINT('',(1.069123385139,-1.2,0.441695635315));
#4757 = DIRECTION('',(1.110223024625E-16,-1.,0.));
#4758 = DIRECTION('',(0.,0.,1.));
#4759 = ADVANCED_FACE('',(#4760),#4771,.T.);
#4760 = FACE_BOUND('',#4761,.T.);
#4761 = EDGE_LOOP('',(#4762,#4763,#4764,#4765));
#4762 = ORIENTED_EDGE('',*,*,#4240,.T.);
#4763 = ORIENTED_EDGE('',*,*,#3412,.T.);
#4764 = ORIENTED_EDGE('',*,*,#4342,.F.);
#4765 = ORIENTED_EDGE('',*,*,#4766,.F.);
#4766 = EDGE_CURVE('',#4233,#4335,#4767,.T.);
#4767 = LINE('',#4768,#4769);
#4768 = CARTESIAN_POINT('',(-1.096201938253,0.7,0.693412044417));
#4769 = VECTOR('',#4770,1.);
#4770 = DIRECTION('',(1.144237745222E-17,1.,0.));
#4771 = CYLINDRICAL_SURFACE('',#4772,0.25);
#4772 = AXIS2_PLACEMENT_3D('',#4773,#4774,#4775);
#4773 = CARTESIAN_POINT('',(-0.85,0.7,0.65));
#4774 = DIRECTION('',(-1.144237745222E-17,-1.,0.));
#4775 = DIRECTION('',(-0.984807753012,1.126854202784E-17,0.173648177667)
  );
#4776 = ADVANCED_FACE('',(#4777),#4790,.F.);
#4777 = FACE_BOUND('',#4778,.F.);
#4778 = EDGE_LOOP('',(#4779,#4780,#4786,#4787,#4788,#4789));
#4779 = ORIENTED_EDGE('',*,*,#3808,.F.);
#4780 = ORIENTED_EDGE('',*,*,#4781,.T.);
#4781 = EDGE_CURVE('',#3800,#3909,#4782,.T.);
#4782 = LINE('',#4783,#4784);
#4783 = CARTESIAN_POINT('',(-0.85,-1.2,0.9));
#4784 = VECTOR('',#4785,1.);
#4785 = DIRECTION('',(1.144237745222E-17,1.,0.));
#4786 = ORIENTED_EDGE('',*,*,#3917,.T.);
#4787 = ORIENTED_EDGE('',*,*,#3939,.T.);
#4788 = ORIENTED_EDGE('',*,*,#3459,.F.);
#4789 = ORIENTED_EDGE('',*,*,#3692,.F.);
#4790 = PLANE('',#4791);
#4791 = AXIS2_PLACEMENT_3D('',#4792,#4793,#4794);
#4792 = CARTESIAN_POINT('',(-0.85,-1.2,0.9));
#4793 = DIRECTION('',(0.,0.,-1.));
#4794 = DIRECTION('',(1.,-1.144237745222E-17,0.));
#4795 = ADVANCED_FACE('',(#4796),#4809,.F.);
#4796 = FACE_BOUND('',#4797,.F.);
#4797 = EDGE_LOOP('',(#4798,#4799,#4805,#4806,#4807,#4808));
#4798 = ORIENTED_EDGE('',*,*,#4031,.F.);
#4799 = ORIENTED_EDGE('',*,*,#4800,.T.);
#4800 = EDGE_CURVE('',#4023,#4132,#4801,.T.);
#4801 = LINE('',#4802,#4803);
#4802 = CARTESIAN_POINT('',(-0.85,-0.25,0.9));
#4803 = VECTOR('',#4804,1.);
#4804 = DIRECTION('',(1.144237745222E-17,1.,0.));
#4805 = ORIENTED_EDGE('',*,*,#4140,.T.);
#4806 = ORIENTED_EDGE('',*,*,#4157,.T.);
#4807 = ORIENTED_EDGE('',*,*,#3475,.F.);
#4808 = ORIENTED_EDGE('',*,*,#3932,.F.);
#4809 = PLANE('',#4810);
#4810 = AXIS2_PLACEMENT_3D('',#4811,#4812,#4813);
#4811 = CARTESIAN_POINT('',(-0.85,-0.25,0.9));
#4812 = DIRECTION('',(0.,0.,-1.));
#4813 = DIRECTION('',(1.,-1.144237745222E-17,0.));
#4814 = ADVANCED_FACE('',(#4815,#4844),#4855,.T.);
#4815 = FACE_BOUND('',#4816,.T.);
#4816 = EDGE_LOOP('',(#4817,#4818,#4819,#4820,#4828,#4836,#4842,#4843));
#4817 = ORIENTED_EDGE('',*,*,#3550,.F.);
#4818 = ORIENTED_EDGE('',*,*,#3527,.F.);
#4819 = ORIENTED_EDGE('',*,*,#3498,.F.);
#4820 = ORIENTED_EDGE('',*,*,#4821,.F.);
#4821 = EDGE_CURVE('',#4822,#3499,#4824,.T.);
#4822 = VERTEX_POINT('',#4823);
#4823 = CARTESIAN_POINT('',(-0.646824228722,-1.333648457443,1.55));
#4824 = LINE('',#4825,#4826);
#4825 = CARTESIAN_POINT('',(-0.646824228722,-1.333648457443,1.55));
#4826 = VECTOR('',#4827,1.);
#4827 = DIRECTION('',(-0.707106781187,0.707106781187,0.));
#4828 = ORIENTED_EDGE('',*,*,#4829,.F.);
#4829 = EDGE_CURVE('',#4830,#4822,#4832,.T.);
#4830 = VERTEX_POINT('',#4831);
#4831 = CARTESIAN_POINT('',(0.646824228722,-1.333648457443,1.55));
#4832 = LINE('',#4833,#4834);
#4833 = CARTESIAN_POINT('',(0.646824228722,-1.333648457443,1.55));
#4834 = VECTOR('',#4835,1.);
#4835 = DIRECTION('',(-1.,-1.110223024625E-16,0.));
#4836 = ORIENTED_EDGE('',*,*,#4837,.F.);
#4837 = EDGE_CURVE('',#3622,#4830,#4838,.T.);
#4838 = LINE('',#4839,#4840);
#4839 = CARTESIAN_POINT('',(0.683648457443,-1.296824228722,1.55));
#4840 = VECTOR('',#4841,1.);
#4841 = DIRECTION('',(-0.707106781187,-0.707106781187,0.));
#4842 = ORIENTED_EDGE('',*,*,#3628,.F.);
#4843 = ORIENTED_EDGE('',*,*,#3573,.F.);
#4844 = FACE_BOUND('',#4845,.T.);
#4845 = EDGE_LOOP('',(#4846));
#4846 = ORIENTED_EDGE('',*,*,#4847,.T.);
#4847 = EDGE_CURVE('',#4848,#4848,#4850,.T.);
#4848 = VERTEX_POINT('',#4849);
#4849 = CARTESIAN_POINT('',(-0.483648457443,1.083648457443,1.55));
#4850 = CIRCLE('',#4851,5.E-02);
#4851 = AXIS2_PLACEMENT_3D('',#4852,#4853,#4854);
#4852 = CARTESIAN_POINT('',(-0.483648457443,1.133648457443,1.55));
#4853 = DIRECTION('',(0.,-0.,-1.));
#4854 = DIRECTION('',(1.110223024625E-16,-1.,0.));
#4855 = PLANE('',#4856);
#4856 = AXIS2_PLACEMENT_3D('',#4857,#4858,#4859);
#4857 = CARTESIAN_POINT('',(-0.646824228722,1.333648457443,1.55));
#4858 = DIRECTION('',(0.,0.,1.));
#4859 = DIRECTION('',(0.436386464522,-0.899759330922,0.));
#4860 = ADVANCED_FACE('',(#4861),#4871,.F.);
#4861 = FACE_BOUND('',#4862,.F.);
#4862 = EDGE_LOOP('',(#4863,#4864,#4865,#4866));
#4863 = ORIENTED_EDGE('',*,*,#3699,.T.);
#4864 = ORIENTED_EDGE('',*,*,#3506,.T.);
#4865 = ORIENTED_EDGE('',*,*,#4821,.F.);
#4866 = ORIENTED_EDGE('',*,*,#4867,.F.);
#4867 = EDGE_CURVE('',#3700,#4822,#4868,.T.);
#4868 = B_SPLINE_CURVE_WITH_KNOTS('',1,(#4869,#4870),.UNSPECIFIED.,.F.,
  .F.,(2,2),(0.,1.),.PIECEWISE_BEZIER_KNOTS.);
#4869 = CARTESIAN_POINT('',(-0.6925,-1.425,0.9));
#4870 = CARTESIAN_POINT('',(-0.646824228722,-1.333648457443,1.55));
#4871 = B_SPLINE_SURFACE_WITH_KNOTS('',1,1,(
    (#4872,#4873)
    ,(#4874,#4875
    )),.UNSPECIFIED.,.F.,.F.,.F.,(2,2),(2,2),(0.,0.116672618896),(0.,1.)
  ,.PIECEWISE_BEZIER_KNOTS.);
#4872 = CARTESIAN_POINT('',(-0.6925,-1.425,0.9));
#4873 = CARTESIAN_POINT('',(-0.646824228722,-1.333648457443,1.55));
#4874 = CARTESIAN_POINT('',(-0.775,-1.3425,0.9));
#4875 = CARTESIAN_POINT('',(-0.683648457443,-1.296824228722,1.55));
#4876 = ADVANCED_FACE('',(#4877),#4890,.F.);
#4877 = FACE_BOUND('',#4878,.F.);
#4878 = EDGE_LOOP('',(#4879,#4880,#4886,#4887,#4888,#4889));
#4879 = ORIENTED_EDGE('',*,*,#4640,.F.);
#4880 = ORIENTED_EDGE('',*,*,#4881,.T.);
#4881 = EDGE_CURVE('',#4632,#4741,#4882,.T.);
#4882 = LINE('',#4883,#4884);
#4883 = CARTESIAN_POINT('',(0.85,-0.7,0.9));
#4884 = VECTOR('',#4885,1.);
#4885 = DIRECTION('',(1.110223024625E-16,-1.,0.));
#4886 = ORIENTED_EDGE('',*,*,#4749,.T.);
#4887 = ORIENTED_EDGE('',*,*,#3681,.T.);
#4888 = ORIENTED_EDGE('',*,*,#3605,.F.);
#4889 = ORIENTED_EDGE('',*,*,#4547,.F.);
#4890 = PLANE('',#4891);
#4891 = AXIS2_PLACEMENT_3D('',#4892,#4893,#4894);
#4892 = CARTESIAN_POINT('',(0.85,-0.7,0.9));
#4893 = DIRECTION('',(0.,0.,-1.));
#4894 = DIRECTION('',(-1.,-1.110223024625E-16,-0.));
#4895 = ADVANCED_FACE('',(#4896),#4906,.F.);
#4896 = FACE_BOUND('',#4897,.F.);
#4897 = EDGE_LOOP('',(#4898,#4899,#4904,#4905));
#4898 = ORIENTED_EDGE('',*,*,#3715,.T.);
#4899 = ORIENTED_EDGE('',*,*,#4900,.T.);
#4900 = EDGE_CURVE('',#3708,#4830,#4901,.T.);
#4901 = B_SPLINE_CURVE_WITH_KNOTS('',1,(#4902,#4903),.UNSPECIFIED.,.F.,
  .F.,(2,2),(0.,1.),.PIECEWISE_BEZIER_KNOTS.);
#4902 = CARTESIAN_POINT('',(0.6925,-1.425,0.9));
#4903 = CARTESIAN_POINT('',(0.646824228722,-1.333648457443,1.55));
#4904 = ORIENTED_EDGE('',*,*,#4837,.F.);
#4905 = ORIENTED_EDGE('',*,*,#3621,.F.);
#4906 = B_SPLINE_SURFACE_WITH_KNOTS('',1,1,(
    (#4907,#4908)
    ,(#4909,#4910
    )),.UNSPECIFIED.,.F.,.F.,.F.,(2,2),(2,2),(0.,0.116672618896),(0.,1.)
  ,.PIECEWISE_BEZIER_KNOTS.);
#4907 = CARTESIAN_POINT('',(0.775,-1.3425,0.9));
#4908 = CARTESIAN_POINT('',(0.683648457443,-1.296824228722,1.55));
#4909 = CARTESIAN_POINT('',(0.6925,-1.425,0.9));
#4910 = CARTESIAN_POINT('',(0.646824228722,-1.333648457443,1.55));
#4911 = ADVANCED_FACE('',(#4912),#4923,.T.);
#4912 = FACE_BOUND('',#4913,.T.);
#4913 = EDGE_LOOP('',(#4914,#4915,#4916,#4917));
#4914 = ORIENTED_EDGE('',*,*,#4427,.T.);
#4915 = ORIENTED_EDGE('',*,*,#3651,.T.);
#4916 = ORIENTED_EDGE('',*,*,#4529,.F.);
#4917 = ORIENTED_EDGE('',*,*,#4918,.F.);
#4918 = EDGE_CURVE('',#4420,#4522,#4919,.T.);
#4919 = LINE('',#4920,#4921);
#4920 = CARTESIAN_POINT('',(1.096201938253,1.2,0.693412044417));
#4921 = VECTOR('',#4922,1.);
#4922 = DIRECTION('',(1.110223024625E-16,-1.,0.));
#4923 = CYLINDRICAL_SURFACE('',#4924,0.25);
#4924 = AXIS2_PLACEMENT_3D('',#4925,#4926,#4927);
#4925 = CARTESIAN_POINT('',(0.85,1.2,0.65));
#4926 = DIRECTION('',(-1.110223024625E-16,1.,0.));
#4927 = DIRECTION('',(0.984807753012,1.093356242223E-16,0.173648177667)
  );
#4928 = ADVANCED_FACE('',(#4929),#4935,.F.);
#4929 = FACE_BOUND('',#4930,.F.);
#4930 = EDGE_LOOP('',(#4931,#4932,#4933,#4934));
#4931 = ORIENTED_EDGE('',*,*,#3707,.T.);
#4932 = ORIENTED_EDGE('',*,*,#4867,.T.);
#4933 = ORIENTED_EDGE('',*,*,#4829,.F.);
#4934 = ORIENTED_EDGE('',*,*,#4900,.F.);
#4935 = B_SPLINE_SURFACE_WITH_KNOTS('',1,1,(
    (#4936,#4937)
    ,(#4938,#4939
    )),.UNSPECIFIED.,.F.,.F.,.F.,(2,2),(2,2),(0.,1.385),(0.,1.),
  .PIECEWISE_BEZIER_KNOTS.);
#4936 = CARTESIAN_POINT('',(0.6925,-1.425,0.9));
#4937 = CARTESIAN_POINT('',(0.646824228722,-1.333648457443,1.55));
#4938 = CARTESIAN_POINT('',(-0.6925,-1.425,0.9));
#4939 = CARTESIAN_POINT('',(-0.646824228722,-1.333648457443,1.55));
#4940 = ADVANCED_FACE('',(#4941),#4952,.T.);
#4941 = FACE_BOUND('',#4942,.T.);
#4942 = EDGE_LOOP('',(#4943,#4944,#4945,#4946));
#4943 = ORIENTED_EDGE('',*,*,#3799,.T.);
#4944 = ORIENTED_EDGE('',*,*,#4781,.T.);
#4945 = ORIENTED_EDGE('',*,*,#3908,.F.);
#4946 = ORIENTED_EDGE('',*,*,#4947,.F.);
#4947 = EDGE_CURVE('',#3792,#3901,#4948,.T.);
#4948 = LINE('',#4949,#4950);
#4949 = CARTESIAN_POINT('',(-1.096201938253,-1.2,0.693412044417));
#4950 = VECTOR('',#4951,1.);
#4951 = DIRECTION('',(1.144237745222E-17,1.,0.));
#4952 = CYLINDRICAL_SURFACE('',#4953,0.25);
#4953 = AXIS2_PLACEMENT_3D('',#4954,#4955,#4956);
#4954 = CARTESIAN_POINT('',(-0.85,-1.2,0.65));
#4955 = DIRECTION('',(-1.144237745222E-17,-1.,0.));
#4956 = DIRECTION('',(-0.984807753012,1.126854202784E-17,0.173648177667)
  );
#4957 = ADVANCED_FACE('',(#4958),#4969,.F.);
#4958 = FACE_BOUND('',#4959,.F.);
#4959 = EDGE_LOOP('',(#4960,#4966,#4967,#4968));
#4960 = ORIENTED_EDGE('',*,*,#4961,.T.);
#4961 = EDGE_CURVE('',#3783,#3892,#4962,.T.);
#4962 = LINE('',#4963,#4964);
#4963 = CARTESIAN_POINT('',(-1.172050016982,-1.2,0.232635182233));
#4964 = VECTOR('',#4965,1.);
#4965 = DIRECTION('',(1.144237745222E-17,1.,0.));
#4966 = ORIENTED_EDGE('',*,*,#3900,.T.);
#4967 = ORIENTED_EDGE('',*,*,#4947,.F.);
#4968 = ORIENTED_EDGE('',*,*,#3791,.F.);
#4969 = PLANE('',#4970);
#4970 = AXIS2_PLACEMENT_3D('',#4971,#4972,#4973);
#4971 = CARTESIAN_POINT('',(-1.172050016982,-1.2,0.232635182233));
#4972 = DIRECTION('',(0.986721169868,-1.129043606572E-17,-0.162423314012
    ));
#4973 = DIRECTION('',(0.162423314012,-1.858508865964E-18,0.986721169868)
  );
#4974 = ADVANCED_FACE('',(#4975),#4986,.F.);
#4975 = FACE_BOUND('',#4976,.F.);
#4976 = EDGE_LOOP('',(#4977,#4983,#4984,#4985));
#4977 = ORIENTED_EDGE('',*,*,#4978,.T.);
#4978 = EDGE_CURVE('',#3775,#3884,#4979,.T.);
#4979 = LINE('',#4980,#4981);
#4980 = CARTESIAN_POINT('',(-1.270530792283,-1.2,0.15));
#4981 = VECTOR('',#4982,1.);
#4982 = DIRECTION('',(1.144237745222E-17,1.,0.));
#4983 = ORIENTED_EDGE('',*,*,#3891,.T.);
#4984 = ORIENTED_EDGE('',*,*,#4961,.F.);
#4985 = ORIENTED_EDGE('',*,*,#3782,.F.);
#4986 = CYLINDRICAL_SURFACE('',#4987,0.1);
#4987 = AXIS2_PLACEMENT_3D('',#4988,#4989,#4990);
#4988 = CARTESIAN_POINT('',(-1.270530792283,-1.2,0.25));
#4989 = DIRECTION('',(-1.144237745222E-17,-1.,0.));
#4990 = DIRECTION('',(-2.22044604925E-15,2.540718180781E-32,-1.));
#4991 = ADVANCED_FACE('',(#4992),#5003,.F.);
#4992 = FACE_BOUND('',#4993,.F.);
#4993 = EDGE_LOOP('',(#4994,#5000,#5001,#5002));
#4994 = ORIENTED_EDGE('',*,*,#4995,.T.);
#4995 = EDGE_CURVE('',#3767,#3876,#4996,.T.);
#4996 = LINE('',#4997,#4998);
#4997 = CARTESIAN_POINT('',(-1.4,-1.2,0.15));
#4998 = VECTOR('',#4999,1.);
#4999 = DIRECTION('',(1.144237745222E-17,1.,0.));
#5000 = ORIENTED_EDGE('',*,*,#3883,.T.);
#5001 = ORIENTED_EDGE('',*,*,#4978,.F.);
#5002 = ORIENTED_EDGE('',*,*,#3774,.F.);
#5003 = PLANE('',#5004);
#5004 = AXIS2_PLACEMENT_3D('',#5005,#5006,#5007);
#5005 = CARTESIAN_POINT('',(-1.4,-1.2,0.15));
#5006 = DIRECTION('',(0.,0.,-1.));
#5007 = DIRECTION('',(1.,-1.144237745222E-17,0.));
#5008 = ADVANCED_FACE('',(#5009),#5020,.F.);
#5009 = FACE_BOUND('',#5010,.F.);
#5010 = EDGE_LOOP('',(#5011,#5017,#5018,#5019));
#5011 = ORIENTED_EDGE('',*,*,#5012,.T.);
#5012 = EDGE_CURVE('',#3759,#3868,#5013,.T.);
#5013 = LINE('',#5014,#5015);
#5014 = CARTESIAN_POINT('',(-1.4,-1.2,0.));
#5015 = VECTOR('',#5016,1.);
#5016 = DIRECTION('',(1.144237745222E-17,1.,0.));
#5017 = ORIENTED_EDGE('',*,*,#3875,.T.);
#5018 = ORIENTED_EDGE('',*,*,#4995,.F.);
#5019 = ORIENTED_EDGE('',*,*,#3766,.F.);
#5020 = PLANE('',#5021);
#5021 = AXIS2_PLACEMENT_3D('',#5022,#5023,#5024);
#5022 = CARTESIAN_POINT('',(-1.4,-1.2,0.));
#5023 = DIRECTION('',(1.,-1.144237745222E-17,0.));
#5024 = DIRECTION('',(0.,0.,1.));
#5025 = ADVANCED_FACE('',(#5026),#5037,.F.);
#5026 = FACE_BOUND('',#5027,.F.);
#5027 = EDGE_LOOP('',(#5028,#5034,#5035,#5036));
#5028 = ORIENTED_EDGE('',*,*,#5029,.T.);
#5029 = EDGE_CURVE('',#3750,#3859,#5030,.T.);
#5030 = LINE('',#5031,#5032);
#5031 = CARTESIAN_POINT('',(-1.270530792283,-1.2,0.));
#5032 = VECTOR('',#5033,1.);
#5033 = DIRECTION('',(1.144237745222E-17,1.,0.));
#5034 = ORIENTED_EDGE('',*,*,#3867,.T.);
#5035 = ORIENTED_EDGE('',*,*,#5012,.F.);
#5036 = ORIENTED_EDGE('',*,*,#3758,.F.);
#5037 = PLANE('',#5038);
#5038 = AXIS2_PLACEMENT_3D('',#5039,#5040,#5041);
#5039 = CARTESIAN_POINT('',(-1.270530792283,-1.2,0.));
#5040 = DIRECTION('',(0.,0.,1.));
#5041 = DIRECTION('',(-1.,1.144237745222E-17,0.));
#5042 = ADVANCED_FACE('',(#5043),#5054,.T.);
#5043 = FACE_BOUND('',#5044,.T.);
#5044 = EDGE_LOOP('',(#5045,#5046,#5047,#5048));
#5045 = ORIENTED_EDGE('',*,*,#3749,.T.);
#5046 = ORIENTED_EDGE('',*,*,#5029,.T.);
#5047 = ORIENTED_EDGE('',*,*,#3858,.F.);
#5048 = ORIENTED_EDGE('',*,*,#5049,.F.);
#5049 = EDGE_CURVE('',#3742,#3851,#5050,.T.);
#5050 = LINE('',#5051,#5052);
#5051 = CARTESIAN_POINT('',(-1.02432885403,-1.2,0.206587955583));
#5052 = VECTOR('',#5053,1.);
#5053 = DIRECTION('',(1.144237745222E-17,1.,0.));
#5054 = CYLINDRICAL_SURFACE('',#5055,0.25);
#5055 = AXIS2_PLACEMENT_3D('',#5056,#5057,#5058);
#5056 = CARTESIAN_POINT('',(-1.270530792283,-1.2,0.25));
#5057 = DIRECTION('',(-1.144237745222E-17,-1.,0.));
#5058 = DIRECTION('',(0.984807753012,-1.126854202784E-17,-0.173648177667
    ));
#5059 = ADVANCED_FACE('',(#5060),#5066,.F.);
#5060 = FACE_BOUND('',#5061,.F.);
#5061 = EDGE_LOOP('',(#5062,#5063,#5064,#5065));
#5062 = ORIENTED_EDGE('',*,*,#3832,.T.);
#5063 = ORIENTED_EDGE('',*,*,#3850,.T.);
#5064 = ORIENTED_EDGE('',*,*,#5049,.F.);
#5065 = ORIENTED_EDGE('',*,*,#3741,.F.);
#5066 = PLANE('',#5067);
#5067 = AXIS2_PLACEMENT_3D('',#5068,#5069,#5070);
#5068 = CARTESIAN_POINT('',(-0.948480775301,-1.2,0.667364817767));
#5069 = DIRECTION('',(-0.986721169868,1.129043606572E-17,0.162423314012)
  );
#5070 = DIRECTION('',(-0.162423314012,1.858508865964E-18,-0.986721169868
    ));
#5071 = ADVANCED_FACE('',(#5072),#5083,.T.);
#5072 = FACE_BOUND('',#5073,.T.);
#5073 = EDGE_LOOP('',(#5074,#5075,#5076,#5077));
#5074 = ORIENTED_EDGE('',*,*,#4022,.T.);
#5075 = ORIENTED_EDGE('',*,*,#4800,.T.);
#5076 = ORIENTED_EDGE('',*,*,#4131,.F.);
#5077 = ORIENTED_EDGE('',*,*,#5078,.F.);
#5078 = EDGE_CURVE('',#4015,#4124,#5079,.T.);
#5079 = LINE('',#5080,#5081);
#5080 = CARTESIAN_POINT('',(-1.096201938253,-0.25,0.693412044417));
#5081 = VECTOR('',#5082,1.);
#5082 = DIRECTION('',(1.144237745222E-17,1.,0.));
#5083 = CYLINDRICAL_SURFACE('',#5084,0.25);
#5084 = AXIS2_PLACEMENT_3D('',#5085,#5086,#5087);
#5085 = CARTESIAN_POINT('',(-0.85,-0.25,0.65));
#5086 = DIRECTION('',(-1.144237745222E-17,-1.,0.));
#5087 = DIRECTION('',(-0.984807753012,1.126854202784E-17,0.173648177667)
  );
#5088 = ADVANCED_FACE('',(#5089),#5100,.F.);
#5089 = FACE_BOUND('',#5090,.F.);
#5090 = EDGE_LOOP('',(#5091,#5097,#5098,#5099));
#5091 = ORIENTED_EDGE('',*,*,#5092,.T.);
#5092 = EDGE_CURVE('',#4006,#4115,#5093,.T.);
#5093 = LINE('',#5094,#5095);
#5094 = CARTESIAN_POINT('',(-1.172050016982,-0.25,0.232635182233));
#5095 = VECTOR('',#5096,1.);
#5096 = DIRECTION('',(1.144237745222E-17,1.,0.));
#5097 = ORIENTED_EDGE('',*,*,#4123,.T.);
#5098 = ORIENTED_EDGE('',*,*,#5078,.F.);
#5099 = ORIENTED_EDGE('',*,*,#4014,.F.);
#5100 = PLANE('',#5101);
#5101 = AXIS2_PLACEMENT_3D('',#5102,#5103,#5104);
#5102 = CARTESIAN_POINT('',(-1.172050016982,-0.25,0.232635182233));
#5103 = DIRECTION('',(0.986721169868,-1.129043606572E-17,-0.162423314012
    ));
#5104 = DIRECTION('',(0.162423314012,-1.858508865964E-18,0.986721169868)
  );
#5105 = ADVANCED_FACE('',(#5106),#5117,.F.);
#5106 = FACE_BOUND('',#5107,.F.);
#5107 = EDGE_LOOP('',(#5108,#5114,#5115,#5116));
#5108 = ORIENTED_EDGE('',*,*,#5109,.T.);
#5109 = EDGE_CURVE('',#3998,#4107,#5110,.T.);
#5110 = LINE('',#5111,#5112);
#5111 = CARTESIAN_POINT('',(-1.270530792283,-0.25,0.15));
#5112 = VECTOR('',#5113,1.);
#5113 = DIRECTION('',(1.144237745222E-17,1.,0.));
#5114 = ORIENTED_EDGE('',*,*,#4114,.T.);
#5115 = ORIENTED_EDGE('',*,*,#5092,.F.);
#5116 = ORIENTED_EDGE('',*,*,#4005,.F.);
#5117 = CYLINDRICAL_SURFACE('',#5118,0.1);
#5118 = AXIS2_PLACEMENT_3D('',#5119,#5120,#5121);
#5119 = CARTESIAN_POINT('',(-1.270530792283,-0.25,0.25));
#5120 = DIRECTION('',(-1.144237745222E-17,-1.,0.));
#5121 = DIRECTION('',(-2.22044604925E-15,2.540718180781E-32,-1.));
#5122 = ADVANCED_FACE('',(#5123),#5134,.F.);
#5123 = FACE_BOUND('',#5124,.F.);
#5124 = EDGE_LOOP('',(#5125,#5131,#5132,#5133));
#5125 = ORIENTED_EDGE('',*,*,#5126,.T.);
#5126 = EDGE_CURVE('',#3990,#4099,#5127,.T.);
#5127 = LINE('',#5128,#5129);
#5128 = CARTESIAN_POINT('',(-1.4,-0.25,0.15));
#5129 = VECTOR('',#5130,1.);
#5130 = DIRECTION('',(1.144237745222E-17,1.,0.));
#5131 = ORIENTED_EDGE('',*,*,#4106,.T.);
#5132 = ORIENTED_EDGE('',*,*,#5109,.F.);
#5133 = ORIENTED_EDGE('',*,*,#3997,.F.);
#5134 = PLANE('',#5135);
#5135 = AXIS2_PLACEMENT_3D('',#5136,#5137,#5138);
#5136 = CARTESIAN_POINT('',(-1.4,-0.25,0.15));
#5137 = DIRECTION('',(0.,0.,-1.));
#5138 = DIRECTION('',(1.,-1.144237745222E-17,0.));
#5139 = ADVANCED_FACE('',(#5140),#5151,.F.);
#5140 = FACE_BOUND('',#5141,.F.);
#5141 = EDGE_LOOP('',(#5142,#5148,#5149,#5150));
#5142 = ORIENTED_EDGE('',*,*,#5143,.T.);
#5143 = EDGE_CURVE('',#3982,#4091,#5144,.T.);
#5144 = LINE('',#5145,#5146);
#5145 = CARTESIAN_POINT('',(-1.4,-0.25,0.));
#5146 = VECTOR('',#5147,1.);
#5147 = DIRECTION('',(1.144237745222E-17,1.,0.));
#5148 = ORIENTED_EDGE('',*,*,#4098,.T.);
#5149 = ORIENTED_EDGE('',*,*,#5126,.F.);
#5150 = ORIENTED_EDGE('',*,*,#3989,.F.);
#5151 = PLANE('',#5152);
#5152 = AXIS2_PLACEMENT_3D('',#5153,#5154,#5155);
#5153 = CARTESIAN_POINT('',(-1.4,-0.25,0.));
#5154 = DIRECTION('',(1.,-1.144237745222E-17,0.));
#5155 = DIRECTION('',(0.,0.,1.));
#5156 = ADVANCED_FACE('',(#5157),#5168,.F.);
#5157 = FACE_BOUND('',#5158,.F.);
#5158 = EDGE_LOOP('',(#5159,#5165,#5166,#5167));
#5159 = ORIENTED_EDGE('',*,*,#5160,.T.);
#5160 = EDGE_CURVE('',#3973,#4082,#5161,.T.);
#5161 = LINE('',#5162,#5163);
#5162 = CARTESIAN_POINT('',(-1.270530792283,-0.25,0.));
#5163 = VECTOR('',#5164,1.);
#5164 = DIRECTION('',(1.144237745222E-17,1.,0.));
#5165 = ORIENTED_EDGE('',*,*,#4090,.T.);
#5166 = ORIENTED_EDGE('',*,*,#5143,.F.);
#5167 = ORIENTED_EDGE('',*,*,#3981,.F.);
#5168 = PLANE('',#5169);
#5169 = AXIS2_PLACEMENT_3D('',#5170,#5171,#5172);
#5170 = CARTESIAN_POINT('',(-1.270530792283,-0.25,0.));
#5171 = DIRECTION('',(0.,0.,1.));
#5172 = DIRECTION('',(-1.,1.144237745222E-17,0.));
#5173 = ADVANCED_FACE('',(#5174),#5185,.T.);
#5174 = FACE_BOUND('',#5175,.T.);
#5175 = EDGE_LOOP('',(#5176,#5177,#5178,#5179));
#5176 = ORIENTED_EDGE('',*,*,#3972,.T.);
#5177 = ORIENTED_EDGE('',*,*,#5160,.T.);
#5178 = ORIENTED_EDGE('',*,*,#4081,.F.);
#5179 = ORIENTED_EDGE('',*,*,#5180,.F.);
#5180 = EDGE_CURVE('',#3965,#4074,#5181,.T.);
#5181 = LINE('',#5182,#5183);
#5182 = CARTESIAN_POINT('',(-1.02432885403,-0.25,0.206587955583));
#5183 = VECTOR('',#5184,1.);
#5184 = DIRECTION('',(1.144237745222E-17,1.,0.));
#5185 = CYLINDRICAL_SURFACE('',#5186,0.25);
#5186 = AXIS2_PLACEMENT_3D('',#5187,#5188,#5189);
#5187 = CARTESIAN_POINT('',(-1.270530792283,-0.25,0.25));
#5188 = DIRECTION('',(-1.144237745222E-17,-1.,0.));
#5189 = DIRECTION('',(0.984807753012,-1.126854202784E-17,-0.173648177667
    ));
#5190 = ADVANCED_FACE('',(#5191),#5197,.F.);
#5191 = FACE_BOUND('',#5192,.F.);
#5192 = EDGE_LOOP('',(#5193,#5194,#5195,#5196));
#5193 = ORIENTED_EDGE('',*,*,#4055,.T.);
#5194 = ORIENTED_EDGE('',*,*,#4073,.T.);
#5195 = ORIENTED_EDGE('',*,*,#5180,.F.);
#5196 = ORIENTED_EDGE('',*,*,#3964,.F.);
#5197 = PLANE('',#5198);
#5198 = AXIS2_PLACEMENT_3D('',#5199,#5200,#5201);
#5199 = CARTESIAN_POINT('',(-0.948480775301,-0.25,0.667364817767));
#5200 = DIRECTION('',(-0.986721169868,1.129043606572E-17,0.162423314012)
  );
#5201 = DIRECTION('',(-0.162423314012,1.858508865964E-18,-0.986721169868
    ));
#5202 = ADVANCED_FACE('',(#5203),#5214,.F.);
#5203 = FACE_BOUND('',#5204,.F.);
#5204 = EDGE_LOOP('',(#5205,#5211,#5212,#5213));
#5205 = ORIENTED_EDGE('',*,*,#5206,.T.);
#5206 = EDGE_CURVE('',#4224,#4326,#5207,.T.);
#5207 = LINE('',#5208,#5209);
#5208 = CARTESIAN_POINT('',(-1.172050016982,0.7,0.232635182233));
#5209 = VECTOR('',#5210,1.);
#5210 = DIRECTION('',(1.144237745222E-17,1.,0.));
#5211 = ORIENTED_EDGE('',*,*,#4334,.T.);
#5212 = ORIENTED_EDGE('',*,*,#4766,.F.);
#5213 = ORIENTED_EDGE('',*,*,#4232,.F.);
#5214 = PLANE('',#5215);
#5215 = AXIS2_PLACEMENT_3D('',#5216,#5217,#5218);
#5216 = CARTESIAN_POINT('',(-1.172050016982,0.7,0.232635182233));
#5217 = DIRECTION('',(0.986721169868,-1.129043606572E-17,-0.162423314012
    ));
#5218 = DIRECTION('',(0.162423314012,-1.858508865964E-18,0.986721169868)
  );
#5219 = ADVANCED_FACE('',(#5220),#5231,.F.);
#5220 = FACE_BOUND('',#5221,.F.);
#5221 = EDGE_LOOP('',(#5222,#5228,#5229,#5230));
#5222 = ORIENTED_EDGE('',*,*,#5223,.T.);
#5223 = EDGE_CURVE('',#4216,#4318,#5224,.T.);
#5224 = LINE('',#5225,#5226);
#5225 = CARTESIAN_POINT('',(-1.270530792283,0.7,0.15));
#5226 = VECTOR('',#5227,1.);
#5227 = DIRECTION('',(1.144237745222E-17,1.,0.));
#5228 = ORIENTED_EDGE('',*,*,#4325,.T.);
#5229 = ORIENTED_EDGE('',*,*,#5206,.F.);
#5230 = ORIENTED_EDGE('',*,*,#4223,.F.);
#5231 = CYLINDRICAL_SURFACE('',#5232,0.1);
#5232 = AXIS2_PLACEMENT_3D('',#5233,#5234,#5235);
#5233 = CARTESIAN_POINT('',(-1.270530792283,0.7,0.25));
#5234 = DIRECTION('',(-1.144237745222E-17,-1.,0.));
#5235 = DIRECTION('',(-2.22044604925E-15,2.540718180781E-32,-1.));
#5236 = ADVANCED_FACE('',(#5237),#5248,.F.);
#5237 = FACE_BOUND('',#5238,.F.);
#5238 = EDGE_LOOP('',(#5239,#5245,#5246,#5247));
#5239 = ORIENTED_EDGE('',*,*,#5240,.T.);
#5240 = EDGE_CURVE('',#4208,#4310,#5241,.T.);
#5241 = LINE('',#5242,#5243);
#5242 = CARTESIAN_POINT('',(-1.4,0.7,0.15));
#5243 = VECTOR('',#5244,1.);
#5244 = DIRECTION('',(1.144237745222E-17,1.,0.));
#5245 = ORIENTED_EDGE('',*,*,#4317,.T.);
#5246 = ORIENTED_EDGE('',*,*,#5223,.F.);
#5247 = ORIENTED_EDGE('',*,*,#4215,.F.);
#5248 = PLANE('',#5249);
#5249 = AXIS2_PLACEMENT_3D('',#5250,#5251,#5252);
#5250 = CARTESIAN_POINT('',(-1.4,0.7,0.15));
#5251 = DIRECTION('',(0.,0.,-1.));
#5252 = DIRECTION('',(1.,-1.144237745222E-17,0.));
#5253 = ADVANCED_FACE('',(#5254),#5265,.F.);
#5254 = FACE_BOUND('',#5255,.F.);
#5255 = EDGE_LOOP('',(#5256,#5262,#5263,#5264));
#5256 = ORIENTED_EDGE('',*,*,#5257,.T.);
#5257 = EDGE_CURVE('',#4200,#4302,#5258,.T.);
#5258 = LINE('',#5259,#5260);
#5259 = CARTESIAN_POINT('',(-1.4,0.7,0.));
#5260 = VECTOR('',#5261,1.);
#5261 = DIRECTION('',(1.144237745222E-17,1.,0.));
#5262 = ORIENTED_EDGE('',*,*,#4309,.T.);
#5263 = ORIENTED_EDGE('',*,*,#5240,.F.);
#5264 = ORIENTED_EDGE('',*,*,#4207,.F.);
#5265 = PLANE('',#5266);
#5266 = AXIS2_PLACEMENT_3D('',#5267,#5268,#5269);
#5267 = CARTESIAN_POINT('',(-1.4,0.7,0.));
#5268 = DIRECTION('',(1.,-1.144237745222E-17,0.));
#5269 = DIRECTION('',(0.,0.,1.));
#5270 = ADVANCED_FACE('',(#5271),#5282,.F.);
#5271 = FACE_BOUND('',#5272,.F.);
#5272 = EDGE_LOOP('',(#5273,#5279,#5280,#5281));
#5273 = ORIENTED_EDGE('',*,*,#5274,.T.);
#5274 = EDGE_CURVE('',#4191,#4293,#5275,.T.);
#5275 = LINE('',#5276,#5277);
#5276 = CARTESIAN_POINT('',(-1.270530792283,0.7,0.));
#5277 = VECTOR('',#5278,1.);
#5278 = DIRECTION('',(1.144237745222E-17,1.,0.));
#5279 = ORIENTED_EDGE('',*,*,#4301,.T.);
#5280 = ORIENTED_EDGE('',*,*,#5257,.F.);
#5281 = ORIENTED_EDGE('',*,*,#4199,.F.);
#5282 = PLANE('',#5283);
#5283 = AXIS2_PLACEMENT_3D('',#5284,#5285,#5286);
#5284 = CARTESIAN_POINT('',(-1.270530792283,0.7,0.));
#5285 = DIRECTION('',(0.,0.,1.));
#5286 = DIRECTION('',(-1.,1.144237745222E-17,0.));
#5287 = ADVANCED_FACE('',(#5288),#5299,.T.);
#5288 = FACE_BOUND('',#5289,.T.);
#5289 = EDGE_LOOP('',(#5290,#5291,#5292,#5293));
#5290 = ORIENTED_EDGE('',*,*,#4190,.T.);
#5291 = ORIENTED_EDGE('',*,*,#5274,.T.);
#5292 = ORIENTED_EDGE('',*,*,#4292,.F.);
#5293 = ORIENTED_EDGE('',*,*,#5294,.F.);
#5294 = EDGE_CURVE('',#4183,#4285,#5295,.T.);
#5295 = LINE('',#5296,#5297);
#5296 = CARTESIAN_POINT('',(-1.02432885403,0.7,0.206587955583));
#5297 = VECTOR('',#5298,1.);
#5298 = DIRECTION('',(1.144237745222E-17,1.,0.));
#5299 = CYLINDRICAL_SURFACE('',#5300,0.25);
#5300 = AXIS2_PLACEMENT_3D('',#5301,#5302,#5303);
#5301 = CARTESIAN_POINT('',(-1.270530792283,0.7,0.25));
#5302 = DIRECTION('',(-1.144237745222E-17,-1.,0.));
#5303 = DIRECTION('',(0.984807753012,-1.126854202784E-17,-0.173648177667
    ));
#5304 = ADVANCED_FACE('',(#5305),#5311,.F.);
#5305 = FACE_BOUND('',#5306,.F.);
#5306 = EDGE_LOOP('',(#5307,#5308,#5309,#5310));
#5307 = ORIENTED_EDGE('',*,*,#4266,.T.);
#5308 = ORIENTED_EDGE('',*,*,#4284,.T.);
#5309 = ORIENTED_EDGE('',*,*,#5294,.F.);
#5310 = ORIENTED_EDGE('',*,*,#4182,.F.);
#5311 = PLANE('',#5312);
#5312 = AXIS2_PLACEMENT_3D('',#5313,#5314,#5315);
#5313 = CARTESIAN_POINT('',(-0.948480775301,0.7,0.667364817767));
#5314 = DIRECTION('',(-0.986721169868,1.129043606572E-17,0.162423314012)
  );
#5315 = DIRECTION('',(-0.162423314012,1.858508865964E-18,-0.986721169868
    ));
#5316 = ADVANCED_FACE('',(#5317),#5328,.F.);
#5317 = FACE_BOUND('',#5318,.F.);
#5318 = EDGE_LOOP('',(#5319,#5325,#5326,#5327));
#5319 = ORIENTED_EDGE('',*,*,#5320,.T.);
#5320 = EDGE_CURVE('',#4411,#4513,#5321,.T.);
#5321 = LINE('',#5322,#5323);
#5322 = CARTESIAN_POINT('',(1.172050016982,1.2,0.232635182233));
#5323 = VECTOR('',#5324,1.);
#5324 = DIRECTION('',(1.110223024625E-16,-1.,0.));
#5325 = ORIENTED_EDGE('',*,*,#4521,.T.);
#5326 = ORIENTED_EDGE('',*,*,#4918,.F.);
#5327 = ORIENTED_EDGE('',*,*,#4419,.F.);
#5328 = PLANE('',#5329);
#5329 = AXIS2_PLACEMENT_3D('',#5330,#5331,#5332);
#5330 = CARTESIAN_POINT('',(1.172050016982,1.2,0.232635182233));
#5331 = DIRECTION('',(-0.986721169868,-1.095480561672E-16,
    -0.162423314012));
#5332 = DIRECTION('',(-0.162423314012,-1.803261029519E-17,0.986721169868
    ));
#5333 = ADVANCED_FACE('',(#5334),#5345,.F.);
#5334 = FACE_BOUND('',#5335,.F.);
#5335 = EDGE_LOOP('',(#5336,#5342,#5343,#5344));
#5336 = ORIENTED_EDGE('',*,*,#5337,.T.);
#5337 = EDGE_CURVE('',#4403,#4505,#5338,.T.);
#5338 = LINE('',#5339,#5340);
#5339 = CARTESIAN_POINT('',(1.270530792283,1.2,0.15));
#5340 = VECTOR('',#5341,1.);
#5341 = DIRECTION('',(1.110223024625E-16,-1.,0.));
#5342 = ORIENTED_EDGE('',*,*,#4512,.T.);
#5343 = ORIENTED_EDGE('',*,*,#5320,.F.);
#5344 = ORIENTED_EDGE('',*,*,#4410,.F.);
#5345 = CYLINDRICAL_SURFACE('',#5346,0.1);
#5346 = AXIS2_PLACEMENT_3D('',#5347,#5348,#5349);
#5347 = CARTESIAN_POINT('',(1.270530792283,1.2,0.25));
#5348 = DIRECTION('',(-1.110223024625E-16,1.,0.));
#5349 = DIRECTION('',(2.22044604925E-15,2.465190328815E-31,-1.));
#5350 = ADVANCED_FACE('',(#5351),#5362,.F.);
#5351 = FACE_BOUND('',#5352,.F.);
#5352 = EDGE_LOOP('',(#5353,#5359,#5360,#5361));
#5353 = ORIENTED_EDGE('',*,*,#5354,.T.);
#5354 = EDGE_CURVE('',#4395,#4497,#5355,.T.);
#5355 = LINE('',#5356,#5357);
#5356 = CARTESIAN_POINT('',(1.4,1.2,0.15));
#5357 = VECTOR('',#5358,1.);
#5358 = DIRECTION('',(1.110223024625E-16,-1.,0.));
#5359 = ORIENTED_EDGE('',*,*,#4504,.T.);
#5360 = ORIENTED_EDGE('',*,*,#5337,.F.);
#5361 = ORIENTED_EDGE('',*,*,#4402,.F.);
#5362 = PLANE('',#5363);
#5363 = AXIS2_PLACEMENT_3D('',#5364,#5365,#5366);
#5364 = CARTESIAN_POINT('',(1.4,1.2,0.15));
#5365 = DIRECTION('',(0.,0.,-1.));
#5366 = DIRECTION('',(-1.,-1.110223024625E-16,-0.));
#5367 = ADVANCED_FACE('',(#5368),#5379,.F.);
#5368 = FACE_BOUND('',#5369,.F.);
#5369 = EDGE_LOOP('',(#5370,#5376,#5377,#5378));
#5370 = ORIENTED_EDGE('',*,*,#5371,.T.);
#5371 = EDGE_CURVE('',#4387,#4489,#5372,.T.);
#5372 = LINE('',#5373,#5374);
#5373 = CARTESIAN_POINT('',(1.4,1.2,0.));
#5374 = VECTOR('',#5375,1.);
#5375 = DIRECTION('',(1.110223024625E-16,-1.,0.));
#5376 = ORIENTED_EDGE('',*,*,#4496,.T.);
#5377 = ORIENTED_EDGE('',*,*,#5354,.F.);
#5378 = ORIENTED_EDGE('',*,*,#4394,.F.);
#5379 = PLANE('',#5380);
#5380 = AXIS2_PLACEMENT_3D('',#5381,#5382,#5383);
#5381 = CARTESIAN_POINT('',(1.4,1.2,0.));
#5382 = DIRECTION('',(-1.,-1.110223024625E-16,0.));
#5383 = DIRECTION('',(0.,0.,1.));
#5384 = ADVANCED_FACE('',(#5385),#5396,.F.);
#5385 = FACE_BOUND('',#5386,.F.);
#5386 = EDGE_LOOP('',(#5387,#5393,#5394,#5395));
#5387 = ORIENTED_EDGE('',*,*,#5388,.T.);
#5388 = EDGE_CURVE('',#4378,#4480,#5389,.T.);
#5389 = LINE('',#5390,#5391);
#5390 = CARTESIAN_POINT('',(1.270530792283,1.2,0.));
#5391 = VECTOR('',#5392,1.);
#5392 = DIRECTION('',(1.110223024625E-16,-1.,0.));
#5393 = ORIENTED_EDGE('',*,*,#4488,.T.);
#5394 = ORIENTED_EDGE('',*,*,#5371,.F.);
#5395 = ORIENTED_EDGE('',*,*,#4386,.F.);
#5396 = PLANE('',#5397);
#5397 = AXIS2_PLACEMENT_3D('',#5398,#5399,#5400);
#5398 = CARTESIAN_POINT('',(1.270530792283,1.2,0.));
#5399 = DIRECTION('',(0.,0.,1.));
#5400 = DIRECTION('',(1.,1.110223024625E-16,-0.));
#5401 = ADVANCED_FACE('',(#5402),#5413,.T.);
#5402 = FACE_BOUND('',#5403,.T.);
#5403 = EDGE_LOOP('',(#5404,#5405,#5406,#5407));
#5404 = ORIENTED_EDGE('',*,*,#4377,.T.);
#5405 = ORIENTED_EDGE('',*,*,#5388,.T.);
#5406 = ORIENTED_EDGE('',*,*,#4479,.F.);
#5407 = ORIENTED_EDGE('',*,*,#5408,.F.);
#5408 = EDGE_CURVE('',#4370,#4472,#5409,.T.);
#5409 = LINE('',#5410,#5411);
#5410 = CARTESIAN_POINT('',(1.02432885403,1.2,0.206587955583));
#5411 = VECTOR('',#5412,1.);
#5412 = DIRECTION('',(1.110223024625E-16,-1.,0.));
#5413 = CYLINDRICAL_SURFACE('',#5414,0.25);
#5414 = AXIS2_PLACEMENT_3D('',#5415,#5416,#5417);
#5415 = CARTESIAN_POINT('',(1.270530792283,1.2,0.25));
#5416 = DIRECTION('',(-1.110223024625E-16,1.,0.));
#5417 = DIRECTION('',(-0.984807753012,-1.093356242223E-16,
    -0.173648177667));
#5418 = ADVANCED_FACE('',(#5419),#5425,.F.);
#5419 = FACE_BOUND('',#5420,.F.);
#5420 = EDGE_LOOP('',(#5421,#5422,#5423,#5424));
#5421 = ORIENTED_EDGE('',*,*,#4453,.T.);
#5422 = ORIENTED_EDGE('',*,*,#4471,.T.);
#5423 = ORIENTED_EDGE('',*,*,#5408,.F.);
#5424 = ORIENTED_EDGE('',*,*,#4369,.F.);
#5425 = PLANE('',#5426);
#5426 = AXIS2_PLACEMENT_3D('',#5427,#5428,#5429);
#5427 = CARTESIAN_POINT('',(0.948480775301,1.2,0.667364817767));
#5428 = DIRECTION('',(0.986721169868,1.095480561672E-16,0.162423314012)
  );
#5429 = DIRECTION('',(0.162423314012,1.803261029519E-17,-0.986721169868)
  );
#5430 = ADVANCED_FACE('',(#5431),#5442,.T.);
#5431 = FACE_BOUND('',#5432,.T.);
#5432 = EDGE_LOOP('',(#5433,#5434,#5435,#5436));
#5433 = ORIENTED_EDGE('',*,*,#4631,.T.);
#5434 = ORIENTED_EDGE('',*,*,#4881,.T.);
#5435 = ORIENTED_EDGE('',*,*,#4740,.F.);
#5436 = ORIENTED_EDGE('',*,*,#5437,.F.);
#5437 = EDGE_CURVE('',#4624,#4733,#5438,.T.);
#5438 = LINE('',#5439,#5440);
#5439 = CARTESIAN_POINT('',(1.096201938253,-0.7,0.693412044417));
#5440 = VECTOR('',#5441,1.);
#5441 = DIRECTION('',(1.110223024625E-16,-1.,0.));
#5442 = CYLINDRICAL_SURFACE('',#5443,0.25);
#5443 = AXIS2_PLACEMENT_3D('',#5444,#5445,#5446);
#5444 = CARTESIAN_POINT('',(0.85,-0.7,0.65));
#5445 = DIRECTION('',(-1.110223024625E-16,1.,0.));
#5446 = DIRECTION('',(0.984807753012,1.093356242223E-16,0.173648177667)
  );
#5447 = ADVANCED_FACE('',(#5448),#5459,.F.);
#5448 = FACE_BOUND('',#5449,.F.);
#5449 = EDGE_LOOP('',(#5450,#5456,#5457,#5458));
#5450 = ORIENTED_EDGE('',*,*,#5451,.T.);
#5451 = EDGE_CURVE('',#4615,#4724,#5452,.T.);
#5452 = LINE('',#5453,#5454);
#5453 = CARTESIAN_POINT('',(1.172050016982,-0.7,0.232635182233));
#5454 = VECTOR('',#5455,1.);
#5455 = DIRECTION('',(1.110223024625E-16,-1.,0.));
#5456 = ORIENTED_EDGE('',*,*,#4732,.T.);
#5457 = ORIENTED_EDGE('',*,*,#5437,.F.);
#5458 = ORIENTED_EDGE('',*,*,#4623,.F.);
#5459 = PLANE('',#5460);
#5460 = AXIS2_PLACEMENT_3D('',#5461,#5462,#5463);
#5461 = CARTESIAN_POINT('',(1.172050016982,-0.7,0.232635182233));
#5462 = DIRECTION('',(-0.986721169868,-1.095480561672E-16,
    -0.162423314012));
#5463 = DIRECTION('',(-0.162423314012,-1.803261029519E-17,0.986721169868
    ));
#5464 = ADVANCED_FACE('',(#5465),#5476,.F.);
#5465 = FACE_BOUND('',#5466,.F.);
#5466 = EDGE_LOOP('',(#5467,#5473,#5474,#5475));
#5467 = ORIENTED_EDGE('',*,*,#5468,.T.);
#5468 = EDGE_CURVE('',#4607,#4716,#5469,.T.);
#5469 = LINE('',#5470,#5471);
#5470 = CARTESIAN_POINT('',(1.270530792283,-0.7,0.15));
#5471 = VECTOR('',#5472,1.);
#5472 = DIRECTION('',(1.110223024625E-16,-1.,0.));
#5473 = ORIENTED_EDGE('',*,*,#4723,.T.);
#5474 = ORIENTED_EDGE('',*,*,#5451,.F.);
#5475 = ORIENTED_EDGE('',*,*,#4614,.F.);
#5476 = CYLINDRICAL_SURFACE('',#5477,0.1);
#5477 = AXIS2_PLACEMENT_3D('',#5478,#5479,#5480);
#5478 = CARTESIAN_POINT('',(1.270530792283,-0.7,0.25));
#5479 = DIRECTION('',(-1.110223024625E-16,1.,0.));
#5480 = DIRECTION('',(2.22044604925E-15,2.465190328815E-31,-1.));
#5481 = ADVANCED_FACE('',(#5482),#5493,.F.);
#5482 = FACE_BOUND('',#5483,.F.);
#5483 = EDGE_LOOP('',(#5484,#5490,#5491,#5492));
#5484 = ORIENTED_EDGE('',*,*,#5485,.T.);
#5485 = EDGE_CURVE('',#4599,#4708,#5486,.T.);
#5486 = LINE('',#5487,#5488);
#5487 = CARTESIAN_POINT('',(1.4,-0.7,0.15));
#5488 = VECTOR('',#5489,1.);
#5489 = DIRECTION('',(1.110223024625E-16,-1.,0.));
#5490 = ORIENTED_EDGE('',*,*,#4715,.T.);
#5491 = ORIENTED_EDGE('',*,*,#5468,.F.);
#5492 = ORIENTED_EDGE('',*,*,#4606,.F.);
#5493 = PLANE('',#5494);
#5494 = AXIS2_PLACEMENT_3D('',#5495,#5496,#5497);
#5495 = CARTESIAN_POINT('',(1.4,-0.7,0.15));
#5496 = DIRECTION('',(0.,0.,-1.));
#5497 = DIRECTION('',(-1.,-1.110223024625E-16,-0.));
#5498 = ADVANCED_FACE('',(#5499),#5510,.F.);
#5499 = FACE_BOUND('',#5500,.F.);
#5500 = EDGE_LOOP('',(#5501,#5507,#5508,#5509));
#5501 = ORIENTED_EDGE('',*,*,#5502,.T.);
#5502 = EDGE_CURVE('',#4591,#4700,#5503,.T.);
#5503 = LINE('',#5504,#5505);
#5504 = CARTESIAN_POINT('',(1.4,-0.7,0.));
#5505 = VECTOR('',#5506,1.);
#5506 = DIRECTION('',(1.110223024625E-16,-1.,0.));
#5507 = ORIENTED_EDGE('',*,*,#4707,.T.);
#5508 = ORIENTED_EDGE('',*,*,#5485,.F.);
#5509 = ORIENTED_EDGE('',*,*,#4598,.F.);
#5510 = PLANE('',#5511);
#5511 = AXIS2_PLACEMENT_3D('',#5512,#5513,#5514);
#5512 = CARTESIAN_POINT('',(1.4,-0.7,0.));
#5513 = DIRECTION('',(-1.,-1.110223024625E-16,0.));
#5514 = DIRECTION('',(0.,0.,1.));
#5515 = ADVANCED_FACE('',(#5516),#5527,.F.);
#5516 = FACE_BOUND('',#5517,.F.);
#5517 = EDGE_LOOP('',(#5518,#5524,#5525,#5526));
#5518 = ORIENTED_EDGE('',*,*,#5519,.T.);
#5519 = EDGE_CURVE('',#4582,#4691,#5520,.T.);
#5520 = LINE('',#5521,#5522);
#5521 = CARTESIAN_POINT('',(1.270530792283,-0.7,0.));
#5522 = VECTOR('',#5523,1.);
#5523 = DIRECTION('',(1.110223024625E-16,-1.,0.));
#5524 = ORIENTED_EDGE('',*,*,#4699,.T.);
#5525 = ORIENTED_EDGE('',*,*,#5502,.F.);
#5526 = ORIENTED_EDGE('',*,*,#4590,.F.);
#5527 = PLANE('',#5528);
#5528 = AXIS2_PLACEMENT_3D('',#5529,#5530,#5531);
#5529 = CARTESIAN_POINT('',(1.270530792283,-0.7,0.));
#5530 = DIRECTION('',(0.,0.,1.));
#5531 = DIRECTION('',(1.,1.110223024625E-16,-0.));
#5532 = ADVANCED_FACE('',(#5533),#5544,.T.);
#5533 = FACE_BOUND('',#5534,.T.);
#5534 = EDGE_LOOP('',(#5535,#5536,#5537,#5538));
#5535 = ORIENTED_EDGE('',*,*,#4581,.T.);
#5536 = ORIENTED_EDGE('',*,*,#5519,.T.);
#5537 = ORIENTED_EDGE('',*,*,#4690,.F.);
#5538 = ORIENTED_EDGE('',*,*,#5539,.F.);
#5539 = EDGE_CURVE('',#4574,#4683,#5540,.T.);
#5540 = LINE('',#5541,#5542);
#5541 = CARTESIAN_POINT('',(1.02432885403,-0.7,0.206587955583));
#5542 = VECTOR('',#5543,1.);
#5543 = DIRECTION('',(1.110223024625E-16,-1.,0.));
#5544 = CYLINDRICAL_SURFACE('',#5545,0.25);
#5545 = AXIS2_PLACEMENT_3D('',#5546,#5547,#5548);
#5546 = CARTESIAN_POINT('',(1.270530792283,-0.7,0.25));
#5547 = DIRECTION('',(-1.110223024625E-16,1.,0.));
#5548 = DIRECTION('',(-0.984807753012,-1.093356242223E-16,
    -0.173648177667));
#5549 = ADVANCED_FACE('',(#5550),#5556,.F.);
#5550 = FACE_BOUND('',#5551,.F.);
#5551 = EDGE_LOOP('',(#5552,#5553,#5554,#5555));
#5552 = ORIENTED_EDGE('',*,*,#4664,.T.);
#5553 = ORIENTED_EDGE('',*,*,#4682,.T.);
#5554 = ORIENTED_EDGE('',*,*,#5539,.F.);
#5555 = ORIENTED_EDGE('',*,*,#4573,.F.);
#5556 = PLANE('',#5557);
#5557 = AXIS2_PLACEMENT_3D('',#5558,#5559,#5560);
#5558 = CARTESIAN_POINT('',(0.948480775301,-0.7,0.667364817767));
#5559 = DIRECTION('',(0.986721169868,1.095480561672E-16,0.162423314012)
  );
#5560 = DIRECTION('',(0.162423314012,1.803261029519E-17,-0.986721169868)
  );
#5561 = ADVANCED_FACE('',(#5562),#5565,.F.);
#5562 = FACE_BOUND('',#5563,.T.);
#5563 = EDGE_LOOP('',(#5564));
#5564 = ORIENTED_EDGE('',*,*,#4847,.F.);
#5565 = PLANE('',#5566);
#5566 = AXIS2_PLACEMENT_3D('',#5567,#5568,#5569);
#5567 = CARTESIAN_POINT('',(-0.483648457443,1.133648457443,1.55));
#5568 = DIRECTION('',(0.,0.,-1.));
#5569 = DIRECTION('',(1.110223024625E-16,-1.,0.));
#5570 = ( GEOMETRIC_REPRESENTATION_CONTEXT(3) 
GLOBAL_UNCERTAINTY_ASSIGNED_CONTEXT((#5574)) 
GLOBAL_UNIT_ASSIGNED_CONTEXT((#5571,#5572,#5573)) REPRESENTATION_CONTEXT
('Context #1','3D Context with UNIT and UNCERTAINTY') );
#5571 = ( LENGTH_UNIT() NAMED_UNIT(*) SI_UNIT(.MILLI.,.METRE.) );
#5572 = ( NAMED_UNIT(*) PLANE_ANGLE_UNIT() SI_UNIT($,.RADIAN.) );
#5573 = ( NAMED_UNIT(*) SI_UNIT($,.STERADIAN.) SOLID_ANGLE_UNIT() );
#5574 = UNCERTAINTY_MEASURE_WITH_UNIT(LENGTH_MEASURE(1.E-07),#5571,
  'distance_accuracy_value','confusion accuracy');
#5575 = CONTEXT_DEPENDENT_SHAPE_REPRESENTATION(#5576,#5578);
#5576 = ( REPRESENTATION_RELATIONSHIP('','',#2500,#10) 
REPRESENTATION_RELATIONSHIP_WITH_TRANSFORMATION(#5577) 
SHAPE_REPRESENTATION_RELATIONSHIP() );
#5577 = ITEM_DEFINED_TRANSFORMATION('','',#11,#27);
#5578 = PRODUCT_DEFINITION_SHAPE('Placement','Placement of an item',
  #5579);
#5579 = NEXT_ASSEMBLY_USAGE_OCCURRENCE('4','U2','',#5,#2495,$);
#5580 = PRODUCT_RELATED_PRODUCT_CATEGORY('part',$,(#2497));
#5581 = SHAPE_DEFINITION_REPRESENTATION(#5582,#5588);
#5582 = PRODUCT_DEFINITION_SHAPE('','',#5583);
#5583 = PRODUCT_DEFINITION('design','',#5584,#5587);
#5584 = PRODUCT_DEFINITION_FORMATION('','',#5585);
#5585 = PRODUCT('R_0603_1608Metric','R_0603_1608Metric','',(#5586));
#5586 = PRODUCT_CONTEXT('',#2,'mechanical');
#5587 = PRODUCT_DEFINITION_CONTEXT('part definition',#2,'design');
#5588 = ADVANCED_BREP_SHAPE_REPRESENTATION('',(#11,#5589),#6379);
#5589 = MANIFOLD_SOLID_BREP('',#5590);
#5590 = CLOSED_SHELL('',(#5591,#5631,#5714,#5739,#5764,#5831,#5848,#5865
    ,#5914,#5931,#5948,#5997,#6014,#6083,#6114,#6138,#6207,#6231,#6248,
    #6265,#6282,#6299,#6316,#6333,#6350,#6367));
#5591 = ADVANCED_FACE('',(#5592),#5626,.F.);
#5592 = FACE_BOUND('',#5593,.F.);
#5593 = EDGE_LOOP('',(#5594,#5604,#5612,#5620));
#5594 = ORIENTED_EDGE('',*,*,#5595,.F.);
#5595 = EDGE_CURVE('',#5596,#5598,#5600,.T.);
#5596 = VERTEX_POINT('',#5597);
#5597 = CARTESIAN_POINT('',(-0.8,-0.4,4.5E-02));
#5598 = VERTEX_POINT('',#5599);
#5599 = CARTESIAN_POINT('',(-0.8,-0.4,0.405));
#5600 = LINE('',#5601,#5602);
#5601 = CARTESIAN_POINT('',(-0.8,-0.4,0.));
#5602 = VECTOR('',#5603,1.);
#5603 = DIRECTION('',(0.,0.,1.));
#5604 = ORIENTED_EDGE('',*,*,#5605,.T.);
#5605 = EDGE_CURVE('',#5596,#5606,#5608,.T.);
#5606 = VERTEX_POINT('',#5607);
#5607 = CARTESIAN_POINT('',(-0.8,0.4,4.5E-02));
#5608 = LINE('',#5609,#5610);
#5609 = CARTESIAN_POINT('',(-0.8,-0.4,4.5E-02));
#5610 = VECTOR('',#5611,1.);
#5611 = DIRECTION('',(0.,1.,0.));
#5612 = ORIENTED_EDGE('',*,*,#5613,.T.);
#5613 = EDGE_CURVE('',#5606,#5614,#5616,.T.);
#5614 = VERTEX_POINT('',#5615);
#5615 = CARTESIAN_POINT('',(-0.8,0.4,0.405));
#5616 = LINE('',#5617,#5618);
#5617 = CARTESIAN_POINT('',(-0.8,0.4,0.));
#5618 = VECTOR('',#5619,1.);
#5619 = DIRECTION('',(0.,0.,1.));
#5620 = ORIENTED_EDGE('',*,*,#5621,.F.);
#5621 = EDGE_CURVE('',#5598,#5614,#5622,.T.);
#5622 = LINE('',#5623,#5624);
#5623 = CARTESIAN_POINT('',(-0.8,-0.4,0.405));
#5624 = VECTOR('',#5625,1.);
#5625 = DIRECTION('',(0.,1.,0.));
#5626 = PLANE('',#5627);
#5627 = AXIS2_PLACEMENT_3D('',#5628,#5629,#5630);
#5628 = CARTESIAN_POINT('',(-0.8,-0.4,0.));
#5629 = DIRECTION('',(1.,0.,0.));
#5630 = DIRECTION('',(0.,0.,1.));
#5631 = ADVANCED_FACE('',(#5632),#5709,.F.);
#5632 = FACE_BOUND('',#5633,.F.);
#5633 = EDGE_LOOP('',(#5634,#5644,#5651,#5652,#5661,#5669,#5678,#5686,
    #5694,#5702));
#5634 = ORIENTED_EDGE('',*,*,#5635,.F.);
#5635 = EDGE_CURVE('',#5636,#5638,#5640,.T.);
#5636 = VERTEX_POINT('',#5637);
#5637 = CARTESIAN_POINT('',(-0.755,-0.4,-2.775557561563E-17));
#5638 = VERTEX_POINT('',#5639);
#5639 = CARTESIAN_POINT('',(-0.545,-0.4,-2.775557561563E-17));
#5640 = LINE('',#5641,#5642);
#5641 = CARTESIAN_POINT('',(-0.8,-0.4,0.));
#5642 = VECTOR('',#5643,1.);
#5643 = DIRECTION('',(1.,0.,0.));
#5644 = ORIENTED_EDGE('',*,*,#5645,.F.);
#5645 = EDGE_CURVE('',#5596,#5636,#5646,.T.);
#5646 = CIRCLE('',#5647,4.5E-02);
#5647 = AXIS2_PLACEMENT_3D('',#5648,#5649,#5650);
#5648 = CARTESIAN_POINT('',(-0.755,-0.4,4.5E-02));
#5649 = DIRECTION('',(0.,-1.,0.));
#5650 = DIRECTION('',(0.,0.,1.));
#5651 = ORIENTED_EDGE('',*,*,#5595,.T.);
#5652 = ORIENTED_EDGE('',*,*,#5653,.T.);
#5653 = EDGE_CURVE('',#5598,#5654,#5656,.T.);
#5654 = VERTEX_POINT('',#5655);
#5655 = CARTESIAN_POINT('',(-0.755,-0.4,0.45));
#5656 = CIRCLE('',#5657,4.5E-02);
#5657 = AXIS2_PLACEMENT_3D('',#5658,#5659,#5660);
#5658 = CARTESIAN_POINT('',(-0.755,-0.4,0.405));
#5659 = DIRECTION('',(0.,1.,0.));
#5660 = DIRECTION('',(0.,-0.,1.));
#5661 = ORIENTED_EDGE('',*,*,#5662,.T.);
#5662 = EDGE_CURVE('',#5654,#5663,#5665,.T.);
#5663 = VERTEX_POINT('',#5664);
#5664 = CARTESIAN_POINT('',(-0.545,-0.4,0.45));
#5665 = LINE('',#5666,#5667);
#5666 = CARTESIAN_POINT('',(-0.8,-0.4,0.45));
#5667 = VECTOR('',#5668,1.);
#5668 = DIRECTION('',(1.,0.,0.));
#5669 = ORIENTED_EDGE('',*,*,#5670,.F.);
#5670 = EDGE_CURVE('',#5671,#5663,#5673,.T.);
#5671 = VERTEX_POINT('',#5672);
#5672 = CARTESIAN_POINT('',(-0.5,-0.4,0.405));
#5673 = CIRCLE('',#5674,4.5E-02);
#5674 = AXIS2_PLACEMENT_3D('',#5675,#5676,#5677);
#5675 = CARTESIAN_POINT('',(-0.545,-0.4,0.405));
#5676 = DIRECTION('',(0.,-1.,0.));
#5677 = DIRECTION('',(0.,0.,1.));
#5678 = ORIENTED_EDGE('',*,*,#5679,.F.);
#5679 = EDGE_CURVE('',#5680,#5671,#5682,.T.);
#5680 = VERTEX_POINT('',#5681);
#5681 = CARTESIAN_POINT('',(-0.755,-0.4,0.405));
#5682 = LINE('',#5683,#5684);
#5683 = CARTESIAN_POINT('',(-0.755,-0.4,0.405));
#5684 = VECTOR('',#5685,1.);
#5685 = DIRECTION('',(1.,0.,0.));
#5686 = ORIENTED_EDGE('',*,*,#5687,.F.);
#5687 = EDGE_CURVE('',#5688,#5680,#5690,.T.);
#5688 = VERTEX_POINT('',#5689);
#5689 = CARTESIAN_POINT('',(-0.755,-0.4,4.5E-02));
#5690 = LINE('',#5691,#5692);
#5691 = CARTESIAN_POINT('',(-0.755,-0.4,4.5E-02));
#5692 = VECTOR('',#5693,1.);
#5693 = DIRECTION('',(0.,0.,1.));
#5694 = ORIENTED_EDGE('',*,*,#5695,.T.);
#5695 = EDGE_CURVE('',#5688,#5696,#5698,.T.);
#5696 = VERTEX_POINT('',#5697);
#5697 = CARTESIAN_POINT('',(-0.5,-0.4,4.5E-02));
#5698 = LINE('',#5699,#5700);
#5699 = CARTESIAN_POINT('',(-0.755,-0.4,4.5E-02));
#5700 = VECTOR('',#5701,1.);
#5701 = DIRECTION('',(1.,0.,0.));
#5702 = ORIENTED_EDGE('',*,*,#5703,.T.);
#5703 = EDGE_CURVE('',#5696,#5638,#5704,.T.);
#5704 = CIRCLE('',#5705,4.5E-02);
#5705 = AXIS2_PLACEMENT_3D('',#5706,#5707,#5708);
#5706 = CARTESIAN_POINT('',(-0.545,-0.4,4.5E-02));
#5707 = DIRECTION('',(0.,1.,0.));
#5708 = DIRECTION('',(0.,-0.,1.));
#5709 = PLANE('',#5710);
#5710 = AXIS2_PLACEMENT_3D('',#5711,#5712,#5713);
#5711 = CARTESIAN_POINT('',(-0.8,-0.4,0.));
#5712 = DIRECTION('',(0.,1.,0.));
#5713 = DIRECTION('',(0.,-0.,1.));
#5714 = ADVANCED_FACE('',(#5715),#5734,.T.);
#5715 = FACE_BOUND('',#5716,.T.);
#5716 = EDGE_LOOP('',(#5717,#5718,#5727,#5733));
#5717 = ORIENTED_EDGE('',*,*,#5605,.T.);
#5718 = ORIENTED_EDGE('',*,*,#5719,.T.);
#5719 = EDGE_CURVE('',#5606,#5720,#5722,.T.);
#5720 = VERTEX_POINT('',#5721);
#5721 = CARTESIAN_POINT('',(-0.755,0.4,-2.775557561563E-17));
#5722 = CIRCLE('',#5723,4.5E-02);
#5723 = AXIS2_PLACEMENT_3D('',#5724,#5725,#5726);
#5724 = CARTESIAN_POINT('',(-0.755,0.4,4.5E-02));
#5725 = DIRECTION('',(0.,-1.,0.));
#5726 = DIRECTION('',(0.,0.,1.));
#5727 = ORIENTED_EDGE('',*,*,#5728,.F.);
#5728 = EDGE_CURVE('',#5636,#5720,#5729,.T.);
#5729 = LINE('',#5730,#5731);
#5730 = CARTESIAN_POINT('',(-0.755,-0.4,-2.775557561563E-17));
#5731 = VECTOR('',#5732,1.);
#5732 = DIRECTION('',(0.,1.,0.));
#5733 = ORIENTED_EDGE('',*,*,#5645,.F.);
#5734 = CYLINDRICAL_SURFACE('',#5735,4.5E-02);
#5735 = AXIS2_PLACEMENT_3D('',#5736,#5737,#5738);
#5736 = CARTESIAN_POINT('',(-0.755,-0.4,4.5E-02));
#5737 = DIRECTION('',(0.,1.,0.));
#5738 = DIRECTION('',(-1.,0.,0.));
#5739 = ADVANCED_FACE('',(#5740),#5759,.T.);
#5740 = FACE_BOUND('',#5741,.T.);
#5741 = EDGE_LOOP('',(#5742,#5743,#5751,#5758));
#5742 = ORIENTED_EDGE('',*,*,#5653,.T.);
#5743 = ORIENTED_EDGE('',*,*,#5744,.T.);
#5744 = EDGE_CURVE('',#5654,#5745,#5747,.T.);
#5745 = VERTEX_POINT('',#5746);
#5746 = CARTESIAN_POINT('',(-0.755,0.4,0.45));
#5747 = LINE('',#5748,#5749);
#5748 = CARTESIAN_POINT('',(-0.755,-0.4,0.45));
#5749 = VECTOR('',#5750,1.);
#5750 = DIRECTION('',(0.,1.,0.));
#5751 = ORIENTED_EDGE('',*,*,#5752,.F.);
#5752 = EDGE_CURVE('',#5614,#5745,#5753,.T.);
#5753 = CIRCLE('',#5754,4.5E-02);
#5754 = AXIS2_PLACEMENT_3D('',#5755,#5756,#5757);
#5755 = CARTESIAN_POINT('',(-0.755,0.4,0.405));
#5756 = DIRECTION('',(0.,1.,0.));
#5757 = DIRECTION('',(0.,-0.,1.));
#5758 = ORIENTED_EDGE('',*,*,#5621,.F.);
#5759 = CYLINDRICAL_SURFACE('',#5760,4.5E-02);
#5760 = AXIS2_PLACEMENT_3D('',#5761,#5762,#5763);
#5761 = CARTESIAN_POINT('',(-0.755,-0.4,0.405));
#5762 = DIRECTION('',(0.,1.,0.));
#5763 = DIRECTION('',(-1.,0.,0.));
#5764 = ADVANCED_FACE('',(#5765),#5826,.T.);
#5765 = FACE_BOUND('',#5766,.T.);
#5766 = EDGE_LOOP('',(#5767,#5775,#5776,#5777,#5778,#5786,#5795,#5803,
    #5811,#5819));
#5767 = ORIENTED_EDGE('',*,*,#5768,.F.);
#5768 = EDGE_CURVE('',#5720,#5769,#5771,.T.);
#5769 = VERTEX_POINT('',#5770);
#5770 = CARTESIAN_POINT('',(-0.545,0.4,-2.775557561563E-17));
#5771 = LINE('',#5772,#5773);
#5772 = CARTESIAN_POINT('',(-0.8,0.4,0.));
#5773 = VECTOR('',#5774,1.);
#5774 = DIRECTION('',(1.,0.,0.));
#5775 = ORIENTED_EDGE('',*,*,#5719,.F.);
#5776 = ORIENTED_EDGE('',*,*,#5613,.T.);
#5777 = ORIENTED_EDGE('',*,*,#5752,.T.);
#5778 = ORIENTED_EDGE('',*,*,#5779,.T.);
#5779 = EDGE_CURVE('',#5745,#5780,#5782,.T.);
#5780 = VERTEX_POINT('',#5781);
#5781 = CARTESIAN_POINT('',(-0.545,0.4,0.45));
#5782 = LINE('',#5783,#5784);
#5783 = CARTESIAN_POINT('',(-0.8,0.4,0.45));
#5784 = VECTOR('',#5785,1.);
#5785 = DIRECTION('',(1.,0.,0.));
#5786 = ORIENTED_EDGE('',*,*,#5787,.F.);
#5787 = EDGE_CURVE('',#5788,#5780,#5790,.T.);
#5788 = VERTEX_POINT('',#5789);
#5789 = CARTESIAN_POINT('',(-0.5,0.4,0.405));
#5790 = CIRCLE('',#5791,4.5E-02);
#5791 = AXIS2_PLACEMENT_3D('',#5792,#5793,#5794);
#5792 = CARTESIAN_POINT('',(-0.545,0.4,0.405));
#5793 = DIRECTION('',(0.,-1.,0.));
#5794 = DIRECTION('',(0.,0.,1.));
#5795 = ORIENTED_EDGE('',*,*,#5796,.F.);
#5796 = EDGE_CURVE('',#5797,#5788,#5799,.T.);
#5797 = VERTEX_POINT('',#5798);
#5798 = CARTESIAN_POINT('',(-0.755,0.4,0.405));
#5799 = LINE('',#5800,#5801);
#5800 = CARTESIAN_POINT('',(-0.755,0.4,0.405));
#5801 = VECTOR('',#5802,1.);
#5802 = DIRECTION('',(1.,0.,0.));
#5803 = ORIENTED_EDGE('',*,*,#5804,.F.);
#5804 = EDGE_CURVE('',#5805,#5797,#5807,.T.);
#5805 = VERTEX_POINT('',#5806);
#5806 = CARTESIAN_POINT('',(-0.755,0.4,4.5E-02));
#5807 = LINE('',#5808,#5809);
#5808 = CARTESIAN_POINT('',(-0.755,0.4,4.5E-02));
#5809 = VECTOR('',#5810,1.);
#5810 = DIRECTION('',(0.,0.,1.));
#5811 = ORIENTED_EDGE('',*,*,#5812,.T.);
#5812 = EDGE_CURVE('',#5805,#5813,#5815,.T.);
#5813 = VERTEX_POINT('',#5814);
#5814 = CARTESIAN_POINT('',(-0.5,0.4,4.5E-02));
#5815 = LINE('',#5816,#5817);
#5816 = CARTESIAN_POINT('',(-0.755,0.4,4.5E-02));
#5817 = VECTOR('',#5818,1.);
#5818 = DIRECTION('',(1.,0.,0.));
#5819 = ORIENTED_EDGE('',*,*,#5820,.T.);
#5820 = EDGE_CURVE('',#5813,#5769,#5821,.T.);
#5821 = CIRCLE('',#5822,4.5E-02);
#5822 = AXIS2_PLACEMENT_3D('',#5823,#5824,#5825);
#5823 = CARTESIAN_POINT('',(-0.545,0.4,4.5E-02));
#5824 = DIRECTION('',(0.,1.,0.));
#5825 = DIRECTION('',(0.,-0.,1.));
#5826 = PLANE('',#5827);
#5827 = AXIS2_PLACEMENT_3D('',#5828,#5829,#5830);
#5828 = CARTESIAN_POINT('',(-0.8,0.4,0.));
#5829 = DIRECTION('',(0.,1.,0.));
#5830 = DIRECTION('',(0.,-0.,1.));
#5831 = ADVANCED_FACE('',(#5832),#5843,.F.);
#5832 = FACE_BOUND('',#5833,.F.);
#5833 = EDGE_LOOP('',(#5834,#5835,#5836,#5837));
#5834 = ORIENTED_EDGE('',*,*,#5768,.F.);
#5835 = ORIENTED_EDGE('',*,*,#5728,.F.);
#5836 = ORIENTED_EDGE('',*,*,#5635,.T.);
#5837 = ORIENTED_EDGE('',*,*,#5838,.T.);
#5838 = EDGE_CURVE('',#5638,#5769,#5839,.T.);
#5839 = LINE('',#5840,#5841);
#5840 = CARTESIAN_POINT('',(-0.545,-0.4,-2.775557561563E-17));
#5841 = VECTOR('',#5842,1.);
#5842 = DIRECTION('',(0.,1.,0.));
#5843 = PLANE('',#5844);
#5844 = AXIS2_PLACEMENT_3D('',#5845,#5846,#5847);
#5845 = CARTESIAN_POINT('',(-0.8,-0.4,0.));
#5846 = DIRECTION('',(0.,0.,1.));
#5847 = DIRECTION('',(1.,0.,-0.));
#5848 = ADVANCED_FACE('',(#5849),#5860,.T.);
#5849 = FACE_BOUND('',#5850,.T.);
#5850 = EDGE_LOOP('',(#5851,#5852,#5853,#5854));
#5851 = ORIENTED_EDGE('',*,*,#5703,.T.);
#5852 = ORIENTED_EDGE('',*,*,#5838,.T.);
#5853 = ORIENTED_EDGE('',*,*,#5820,.F.);
#5854 = ORIENTED_EDGE('',*,*,#5855,.F.);
#5855 = EDGE_CURVE('',#5696,#5813,#5856,.T.);
#5856 = LINE('',#5857,#5858);
#5857 = CARTESIAN_POINT('',(-0.5,-0.4,4.5E-02));
#5858 = VECTOR('',#5859,1.);
#5859 = DIRECTION('',(0.,1.,0.));
#5860 = CYLINDRICAL_SURFACE('',#5861,4.5E-02);
#5861 = AXIS2_PLACEMENT_3D('',#5862,#5863,#5864);
#5862 = CARTESIAN_POINT('',(-0.545,-0.4,4.5E-02));
#5863 = DIRECTION('',(0.,1.,0.));
#5864 = DIRECTION('',(1.,0.,0.));
#5865 = ADVANCED_FACE('',(#5866),#5909,.F.);
#5866 = FACE_BOUND('',#5867,.F.);
#5867 = EDGE_LOOP('',(#5868,#5869,#5870,#5871,#5879,#5887,#5895,#5903));
#5868 = ORIENTED_EDGE('',*,*,#5695,.F.);
#5869 = ORIENTED_EDGE('',*,*,#5687,.T.);
#5870 = ORIENTED_EDGE('',*,*,#5679,.T.);
#5871 = ORIENTED_EDGE('',*,*,#5872,.T.);
#5872 = EDGE_CURVE('',#5671,#5873,#5875,.T.);
#5873 = VERTEX_POINT('',#5874);
#5874 = CARTESIAN_POINT('',(0.5,-0.4,0.405));
#5875 = LINE('',#5876,#5877);
#5876 = CARTESIAN_POINT('',(-0.5,-0.4,0.405));
#5877 = VECTOR('',#5878,1.);
#5878 = DIRECTION('',(1.,0.,0.));
#5879 = ORIENTED_EDGE('',*,*,#5880,.T.);
#5880 = EDGE_CURVE('',#5873,#5881,#5883,.T.);
#5881 = VERTEX_POINT('',#5882);
#5882 = CARTESIAN_POINT('',(0.755,-0.4,0.405));
#5883 = LINE('',#5884,#5885);
#5884 = CARTESIAN_POINT('',(-0.755,-0.4,0.405));
#5885 = VECTOR('',#5886,1.);
#5886 = DIRECTION('',(1.,0.,0.));
#5887 = ORIENTED_EDGE('',*,*,#5888,.F.);
#5888 = EDGE_CURVE('',#5889,#5881,#5891,.T.);
#5889 = VERTEX_POINT('',#5890);
#5890 = CARTESIAN_POINT('',(0.755,-0.4,4.5E-02));
#5891 = LINE('',#5892,#5893);
#5892 = CARTESIAN_POINT('',(0.755,-0.4,4.5E-02));
#5893 = VECTOR('',#5894,1.);
#5894 = DIRECTION('',(0.,0.,1.));
#5895 = ORIENTED_EDGE('',*,*,#5896,.F.);
#5896 = EDGE_CURVE('',#5897,#5889,#5899,.T.);
#5897 = VERTEX_POINT('',#5898);
#5898 = CARTESIAN_POINT('',(0.5,-0.4,4.5E-02));
#5899 = LINE('',#5900,#5901);
#5900 = CARTESIAN_POINT('',(-0.755,-0.4,4.5E-02));
#5901 = VECTOR('',#5902,1.);
#5902 = DIRECTION('',(1.,0.,0.));
#5903 = ORIENTED_EDGE('',*,*,#5904,.F.);
#5904 = EDGE_CURVE('',#5696,#5897,#5905,.T.);
#5905 = LINE('',#5906,#5907);
#5906 = CARTESIAN_POINT('',(-0.755,-0.4,4.5E-02));
#5907 = VECTOR('',#5908,1.);
#5908 = DIRECTION('',(1.,0.,0.));
#5909 = PLANE('',#5910);
#5910 = AXIS2_PLACEMENT_3D('',#5911,#5912,#5913);
#5911 = CARTESIAN_POINT('',(-0.755,-0.4,4.5E-02));
#5912 = DIRECTION('',(0.,1.,0.));
#5913 = DIRECTION('',(0.,-0.,1.));
#5914 = ADVANCED_FACE('',(#5915),#5926,.T.);
#5915 = FACE_BOUND('',#5916,.T.);
#5916 = EDGE_LOOP('',(#5917,#5918,#5919,#5920));
#5917 = ORIENTED_EDGE('',*,*,#5779,.F.);
#5918 = ORIENTED_EDGE('',*,*,#5744,.F.);
#5919 = ORIENTED_EDGE('',*,*,#5662,.T.);
#5920 = ORIENTED_EDGE('',*,*,#5921,.T.);
#5921 = EDGE_CURVE('',#5663,#5780,#5922,.T.);
#5922 = LINE('',#5923,#5924);
#5923 = CARTESIAN_POINT('',(-0.545,-0.4,0.45));
#5924 = VECTOR('',#5925,1.);
#5925 = DIRECTION('',(0.,1.,0.));
#5926 = PLANE('',#5927);
#5927 = AXIS2_PLACEMENT_3D('',#5928,#5929,#5930);
#5928 = CARTESIAN_POINT('',(-0.8,-0.4,0.45));
#5929 = DIRECTION('',(0.,0.,1.));
#5930 = DIRECTION('',(1.,0.,-0.));
#5931 = ADVANCED_FACE('',(#5932),#5943,.T.);
#5932 = FACE_BOUND('',#5933,.T.);
#5933 = EDGE_LOOP('',(#5934,#5940,#5941,#5942));
#5934 = ORIENTED_EDGE('',*,*,#5935,.T.);
#5935 = EDGE_CURVE('',#5671,#5788,#5936,.T.);
#5936 = LINE('',#5937,#5938);
#5937 = CARTESIAN_POINT('',(-0.5,-0.4,0.405));
#5938 = VECTOR('',#5939,1.);
#5939 = DIRECTION('',(0.,1.,0.));
#5940 = ORIENTED_EDGE('',*,*,#5787,.T.);
#5941 = ORIENTED_EDGE('',*,*,#5921,.F.);
#5942 = ORIENTED_EDGE('',*,*,#5670,.F.);
#5943 = CYLINDRICAL_SURFACE('',#5944,4.5E-02);
#5944 = AXIS2_PLACEMENT_3D('',#5945,#5946,#5947);
#5945 = CARTESIAN_POINT('',(-0.545,-0.4,0.405));
#5946 = DIRECTION('',(0.,1.,0.));
#5947 = DIRECTION('',(1.,0.,0.));
#5948 = ADVANCED_FACE('',(#5949),#5992,.T.);
#5949 = FACE_BOUND('',#5950,.T.);
#5950 = EDGE_LOOP('',(#5951,#5952,#5953,#5954,#5962,#5970,#5978,#5986));
#5951 = ORIENTED_EDGE('',*,*,#5812,.F.);
#5952 = ORIENTED_EDGE('',*,*,#5804,.T.);
#5953 = ORIENTED_EDGE('',*,*,#5796,.T.);
#5954 = ORIENTED_EDGE('',*,*,#5955,.T.);
#5955 = EDGE_CURVE('',#5788,#5956,#5958,.T.);
#5956 = VERTEX_POINT('',#5957);
#5957 = CARTESIAN_POINT('',(0.5,0.4,0.405));
#5958 = LINE('',#5959,#5960);
#5959 = CARTESIAN_POINT('',(-0.5,0.4,0.405));
#5960 = VECTOR('',#5961,1.);
#5961 = DIRECTION('',(1.,0.,0.));
#5962 = ORIENTED_EDGE('',*,*,#5963,.T.);
#5963 = EDGE_CURVE('',#5956,#5964,#5966,.T.);
#5964 = VERTEX_POINT('',#5965);
#5965 = CARTESIAN_POINT('',(0.755,0.4,0.405));
#5966 = LINE('',#5967,#5968);
#5967 = CARTESIAN_POINT('',(-0.755,0.4,0.405));
#5968 = VECTOR('',#5969,1.);
#5969 = DIRECTION('',(1.,0.,0.));
#5970 = ORIENTED_EDGE('',*,*,#5971,.F.);
#5971 = EDGE_CURVE('',#5972,#5964,#5974,.T.);
#5972 = VERTEX_POINT('',#5973);
#5973 = CARTESIAN_POINT('',(0.755,0.4,4.5E-02));
#5974 = LINE('',#5975,#5976);
#5975 = CARTESIAN_POINT('',(0.755,0.4,4.5E-02));
#5976 = VECTOR('',#5977,1.);
#5977 = DIRECTION('',(0.,0.,1.));
#5978 = ORIENTED_EDGE('',*,*,#5979,.F.);
#5979 = EDGE_CURVE('',#5980,#5972,#5982,.T.);
#5980 = VERTEX_POINT('',#5981);
#5981 = CARTESIAN_POINT('',(0.5,0.4,4.5E-02));
#5982 = LINE('',#5983,#5984);
#5983 = CARTESIAN_POINT('',(-0.755,0.4,4.5E-02));
#5984 = VECTOR('',#5985,1.);
#5985 = DIRECTION('',(1.,0.,0.));
#5986 = ORIENTED_EDGE('',*,*,#5987,.F.);
#5987 = EDGE_CURVE('',#5813,#5980,#5988,.T.);
#5988 = LINE('',#5989,#5990);
#5989 = CARTESIAN_POINT('',(-0.755,0.4,4.5E-02));
#5990 = VECTOR('',#5991,1.);
#5991 = DIRECTION('',(1.,0.,0.));
#5992 = PLANE('',#5993);
#5993 = AXIS2_PLACEMENT_3D('',#5994,#5995,#5996);
#5994 = CARTESIAN_POINT('',(-0.755,0.4,4.5E-02));
#5995 = DIRECTION('',(0.,1.,0.));
#5996 = DIRECTION('',(0.,-0.,1.));
#5997 = ADVANCED_FACE('',(#5998),#6009,.F.);
#5998 = FACE_BOUND('',#5999,.F.);
#5999 = EDGE_LOOP('',(#6000,#6001,#6002,#6008));
#6000 = ORIENTED_EDGE('',*,*,#5855,.F.);
#6001 = ORIENTED_EDGE('',*,*,#5904,.T.);
#6002 = ORIENTED_EDGE('',*,*,#6003,.T.);
#6003 = EDGE_CURVE('',#5897,#5980,#6004,.T.);
#6004 = LINE('',#6005,#6006);
#6005 = CARTESIAN_POINT('',(0.5,-0.4,4.5E-02));
#6006 = VECTOR('',#6007,1.);
#6007 = DIRECTION('',(0.,1.,0.));
#6008 = ORIENTED_EDGE('',*,*,#5987,.F.);
#6009 = PLANE('',#6010);
#6010 = AXIS2_PLACEMENT_3D('',#6011,#6012,#6013);
#6011 = CARTESIAN_POINT('',(-0.755,-0.4,4.5E-02));
#6012 = DIRECTION('',(0.,0.,1.));
#6013 = DIRECTION('',(1.,0.,-0.));
#6014 = ADVANCED_FACE('',(#6015),#6078,.F.);
#6015 = FACE_BOUND('',#6016,.F.);
#6016 = EDGE_LOOP('',(#6017,#6027,#6034,#6035,#6036,#6037,#6046,#6054,
    #6063,#6071));
#6017 = ORIENTED_EDGE('',*,*,#6018,.F.);
#6018 = EDGE_CURVE('',#6019,#6021,#6023,.T.);
#6019 = VERTEX_POINT('',#6020);
#6020 = CARTESIAN_POINT('',(0.545,-0.4,-2.775557561563E-17));
#6021 = VERTEX_POINT('',#6022);
#6022 = CARTESIAN_POINT('',(0.755,-0.4,-2.775557561563E-17));
#6023 = LINE('',#6024,#6025);
#6024 = CARTESIAN_POINT('',(0.5,-0.4,0.));
#6025 = VECTOR('',#6026,1.);
#6026 = DIRECTION('',(1.,0.,0.));
#6027 = ORIENTED_EDGE('',*,*,#6028,.F.);
#6028 = EDGE_CURVE('',#5897,#6019,#6029,.T.);
#6029 = CIRCLE('',#6030,4.5E-02);
#6030 = AXIS2_PLACEMENT_3D('',#6031,#6032,#6033);
#6031 = CARTESIAN_POINT('',(0.545,-0.4,4.5E-02));
#6032 = DIRECTION('',(0.,-1.,0.));
#6033 = DIRECTION('',(0.,0.,1.));
#6034 = ORIENTED_EDGE('',*,*,#5896,.T.);
#6035 = ORIENTED_EDGE('',*,*,#5888,.T.);
#6036 = ORIENTED_EDGE('',*,*,#5880,.F.);
#6037 = ORIENTED_EDGE('',*,*,#6038,.T.);
#6038 = EDGE_CURVE('',#5873,#6039,#6041,.T.);
#6039 = VERTEX_POINT('',#6040);
#6040 = CARTESIAN_POINT('',(0.545,-0.4,0.45));
#6041 = CIRCLE('',#6042,4.5E-02);
#6042 = AXIS2_PLACEMENT_3D('',#6043,#6044,#6045);
#6043 = CARTESIAN_POINT('',(0.545,-0.4,0.405));
#6044 = DIRECTION('',(0.,1.,0.));
#6045 = DIRECTION('',(0.,-0.,1.));
#6046 = ORIENTED_EDGE('',*,*,#6047,.T.);
#6047 = EDGE_CURVE('',#6039,#6048,#6050,.T.);
#6048 = VERTEX_POINT('',#6049);
#6049 = CARTESIAN_POINT('',(0.755,-0.4,0.45));
#6050 = LINE('',#6051,#6052);
#6051 = CARTESIAN_POINT('',(0.5,-0.4,0.45));
#6052 = VECTOR('',#6053,1.);
#6053 = DIRECTION('',(1.,0.,0.));
#6054 = ORIENTED_EDGE('',*,*,#6055,.F.);
#6055 = EDGE_CURVE('',#6056,#6048,#6058,.T.);
#6056 = VERTEX_POINT('',#6057);
#6057 = CARTESIAN_POINT('',(0.8,-0.4,0.405));
#6058 = CIRCLE('',#6059,4.5E-02);
#6059 = AXIS2_PLACEMENT_3D('',#6060,#6061,#6062);
#6060 = CARTESIAN_POINT('',(0.755,-0.4,0.405));
#6061 = DIRECTION('',(0.,-1.,0.));
#6062 = DIRECTION('',(0.,0.,1.));
#6063 = ORIENTED_EDGE('',*,*,#6064,.F.);
#6064 = EDGE_CURVE('',#6065,#6056,#6067,.T.);
#6065 = VERTEX_POINT('',#6066);
#6066 = CARTESIAN_POINT('',(0.8,-0.4,4.5E-02));
#6067 = LINE('',#6068,#6069);
#6068 = CARTESIAN_POINT('',(0.8,-0.4,0.));
#6069 = VECTOR('',#6070,1.);
#6070 = DIRECTION('',(0.,0.,1.));
#6071 = ORIENTED_EDGE('',*,*,#6072,.T.);
#6072 = EDGE_CURVE('',#6065,#6021,#6073,.T.);
#6073 = CIRCLE('',#6074,4.5E-02);
#6074 = AXIS2_PLACEMENT_3D('',#6075,#6076,#6077);
#6075 = CARTESIAN_POINT('',(0.755,-0.4,4.5E-02));
#6076 = DIRECTION('',(0.,1.,0.));
#6077 = DIRECTION('',(0.,-0.,1.));
#6078 = PLANE('',#6079);
#6079 = AXIS2_PLACEMENT_3D('',#6080,#6081,#6082);
#6080 = CARTESIAN_POINT('',(0.5,-0.4,0.));
#6081 = DIRECTION('',(0.,1.,0.));
#6082 = DIRECTION('',(0.,-0.,1.));
#6083 = ADVANCED_FACE('',(#6084),#6109,.F.);
#6084 = FACE_BOUND('',#6085,.F.);
#6085 = EDGE_LOOP('',(#6086,#6087,#6095,#6103));
#6086 = ORIENTED_EDGE('',*,*,#5872,.F.);
#6087 = ORIENTED_EDGE('',*,*,#6088,.T.);
#6088 = EDGE_CURVE('',#5671,#6089,#6091,.T.);
#6089 = VERTEX_POINT('',#6090);
#6090 = CARTESIAN_POINT('',(-0.5,-0.4,0.45));
#6091 = LINE('',#6092,#6093);
#6092 = CARTESIAN_POINT('',(-0.5,-0.4,0.405));
#6093 = VECTOR('',#6094,1.);
#6094 = DIRECTION('',(0.,0.,1.));
#6095 = ORIENTED_EDGE('',*,*,#6096,.T.);
#6096 = EDGE_CURVE('',#6089,#6097,#6099,.T.);
#6097 = VERTEX_POINT('',#6098);
#6098 = CARTESIAN_POINT('',(0.5,-0.4,0.45));
#6099 = LINE('',#6100,#6101);
#6100 = CARTESIAN_POINT('',(-0.5,-0.4,0.45));
#6101 = VECTOR('',#6102,1.);
#6102 = DIRECTION('',(1.,0.,0.));
#6103 = ORIENTED_EDGE('',*,*,#6104,.F.);
#6104 = EDGE_CURVE('',#5873,#6097,#6105,.T.);
#6105 = LINE('',#6106,#6107);
#6106 = CARTESIAN_POINT('',(0.5,-0.4,0.405));
#6107 = VECTOR('',#6108,1.);
#6108 = DIRECTION('',(0.,0.,1.));
#6109 = PLANE('',#6110);
#6110 = AXIS2_PLACEMENT_3D('',#6111,#6112,#6113);
#6111 = CARTESIAN_POINT('',(-0.5,-0.4,0.405));
#6112 = DIRECTION('',(0.,1.,0.));
#6113 = DIRECTION('',(0.,-0.,1.));
#6114 = ADVANCED_FACE('',(#6115),#6133,.F.);
#6115 = FACE_BOUND('',#6116,.F.);
#6116 = EDGE_LOOP('',(#6117,#6118,#6119,#6127));
#6117 = ORIENTED_EDGE('',*,*,#6088,.F.);
#6118 = ORIENTED_EDGE('',*,*,#5935,.T.);
#6119 = ORIENTED_EDGE('',*,*,#6120,.T.);
#6120 = EDGE_CURVE('',#5788,#6121,#6123,.T.);
#6121 = VERTEX_POINT('',#6122);
#6122 = CARTESIAN_POINT('',(-0.5,0.4,0.45));
#6123 = LINE('',#6124,#6125);
#6124 = CARTESIAN_POINT('',(-0.5,0.4,0.405));
#6125 = VECTOR('',#6126,1.);
#6126 = DIRECTION('',(0.,0.,1.));
#6127 = ORIENTED_EDGE('',*,*,#6128,.F.);
#6128 = EDGE_CURVE('',#6089,#6121,#6129,.T.);
#6129 = LINE('',#6130,#6131);
#6130 = CARTESIAN_POINT('',(-0.5,-0.4,0.45));
#6131 = VECTOR('',#6132,1.);
#6132 = DIRECTION('',(0.,1.,0.));
#6133 = PLANE('',#6134);
#6134 = AXIS2_PLACEMENT_3D('',#6135,#6136,#6137);
#6135 = CARTESIAN_POINT('',(-0.5,-0.4,0.405));
#6136 = DIRECTION('',(1.,0.,0.));
#6137 = DIRECTION('',(0.,0.,1.));
#6138 = ADVANCED_FACE('',(#6139),#6202,.T.);
#6139 = FACE_BOUND('',#6140,.T.);
#6140 = EDGE_LOOP('',(#6141,#6151,#6158,#6159,#6160,#6161,#6170,#6178,
    #6187,#6195));
#6141 = ORIENTED_EDGE('',*,*,#6142,.F.);
#6142 = EDGE_CURVE('',#6143,#6145,#6147,.T.);
#6143 = VERTEX_POINT('',#6144);
#6144 = CARTESIAN_POINT('',(0.545,0.4,-2.775557561563E-17));
#6145 = VERTEX_POINT('',#6146);
#6146 = CARTESIAN_POINT('',(0.755,0.4,-2.775557561563E-17));
#6147 = LINE('',#6148,#6149);
#6148 = CARTESIAN_POINT('',(0.5,0.4,0.));
#6149 = VECTOR('',#6150,1.);
#6150 = DIRECTION('',(1.,0.,0.));
#6151 = ORIENTED_EDGE('',*,*,#6152,.F.);
#6152 = EDGE_CURVE('',#5980,#6143,#6153,.T.);
#6153 = CIRCLE('',#6154,4.5E-02);
#6154 = AXIS2_PLACEMENT_3D('',#6155,#6156,#6157);
#6155 = CARTESIAN_POINT('',(0.545,0.4,4.5E-02));
#6156 = DIRECTION('',(0.,-1.,0.));
#6157 = DIRECTION('',(0.,0.,1.));
#6158 = ORIENTED_EDGE('',*,*,#5979,.T.);
#6159 = ORIENTED_EDGE('',*,*,#5971,.T.);
#6160 = ORIENTED_EDGE('',*,*,#5963,.F.);
#6161 = ORIENTED_EDGE('',*,*,#6162,.T.);
#6162 = EDGE_CURVE('',#5956,#6163,#6165,.T.);
#6163 = VERTEX_POINT('',#6164);
#6164 = CARTESIAN_POINT('',(0.545,0.4,0.45));
#6165 = CIRCLE('',#6166,4.5E-02);
#6166 = AXIS2_PLACEMENT_3D('',#6167,#6168,#6169);
#6167 = CARTESIAN_POINT('',(0.545,0.4,0.405));
#6168 = DIRECTION('',(0.,1.,0.));
#6169 = DIRECTION('',(0.,-0.,1.));
#6170 = ORIENTED_EDGE('',*,*,#6171,.T.);
#6171 = EDGE_CURVE('',#6163,#6172,#6174,.T.);
#6172 = VERTEX_POINT('',#6173);
#6173 = CARTESIAN_POINT('',(0.755,0.4,0.45));
#6174 = LINE('',#6175,#6176);
#6175 = CARTESIAN_POINT('',(0.5,0.4,0.45));
#6176 = VECTOR('',#6177,1.);
#6177 = DIRECTION('',(1.,0.,0.));
#6178 = ORIENTED_EDGE('',*,*,#6179,.F.);
#6179 = EDGE_CURVE('',#6180,#6172,#6182,.T.);
#6180 = VERTEX_POINT('',#6181);
#6181 = CARTESIAN_POINT('',(0.8,0.4,0.405));
#6182 = CIRCLE('',#6183,4.5E-02);
#6183 = AXIS2_PLACEMENT_3D('',#6184,#6185,#6186);
#6184 = CARTESIAN_POINT('',(0.755,0.4,0.405));
#6185 = DIRECTION('',(0.,-1.,0.));
#6186 = DIRECTION('',(0.,0.,1.));
#6187 = ORIENTED_EDGE('',*,*,#6188,.F.);
#6188 = EDGE_CURVE('',#6189,#6180,#6191,.T.);
#6189 = VERTEX_POINT('',#6190);
#6190 = CARTESIAN_POINT('',(0.8,0.4,4.5E-02));
#6191 = LINE('',#6192,#6193);
#6192 = CARTESIAN_POINT('',(0.8,0.4,0.));
#6193 = VECTOR('',#6194,1.);
#6194 = DIRECTION('',(0.,0.,1.));
#6195 = ORIENTED_EDGE('',*,*,#6196,.T.);
#6196 = EDGE_CURVE('',#6189,#6145,#6197,.T.);
#6197 = CIRCLE('',#6198,4.5E-02);
#6198 = AXIS2_PLACEMENT_3D('',#6199,#6200,#6201);
#6199 = CARTESIAN_POINT('',(0.755,0.4,4.5E-02));
#6200 = DIRECTION('',(0.,1.,0.));
#6201 = DIRECTION('',(0.,-0.,1.));
#6202 = PLANE('',#6203);
#6203 = AXIS2_PLACEMENT_3D('',#6204,#6205,#6206);
#6204 = CARTESIAN_POINT('',(0.5,0.4,0.));
#6205 = DIRECTION('',(0.,1.,0.));
#6206 = DIRECTION('',(0.,-0.,1.));
#6207 = ADVANCED_FACE('',(#6208),#6226,.T.);
#6208 = FACE_BOUND('',#6209,.T.);
#6209 = EDGE_LOOP('',(#6210,#6211,#6212,#6220));
#6210 = ORIENTED_EDGE('',*,*,#5955,.F.);
#6211 = ORIENTED_EDGE('',*,*,#6120,.T.);
#6212 = ORIENTED_EDGE('',*,*,#6213,.T.);
#6213 = EDGE_CURVE('',#6121,#6214,#6216,.T.);
#6214 = VERTEX_POINT('',#6215);
#6215 = CARTESIAN_POINT('',(0.5,0.4,0.45));
#6216 = LINE('',#6217,#6218);
#6217 = CARTESIAN_POINT('',(-0.5,0.4,0.45));
#6218 = VECTOR('',#6219,1.);
#6219 = DIRECTION('',(1.,0.,0.));
#6220 = ORIENTED_EDGE('',*,*,#6221,.F.);
#6221 = EDGE_CURVE('',#5956,#6214,#6222,.T.);
#6222 = LINE('',#6223,#6224);
#6223 = CARTESIAN_POINT('',(0.5,0.4,0.405));
#6224 = VECTOR('',#6225,1.);
#6225 = DIRECTION('',(0.,0.,1.));
#6226 = PLANE('',#6227);
#6227 = AXIS2_PLACEMENT_3D('',#6228,#6229,#6230);
#6228 = CARTESIAN_POINT('',(-0.5,0.4,0.405));
#6229 = DIRECTION('',(0.,1.,0.));
#6230 = DIRECTION('',(0.,-0.,1.));
#6231 = ADVANCED_FACE('',(#6232),#6243,.T.);
#6232 = FACE_BOUND('',#6233,.T.);
#6233 = EDGE_LOOP('',(#6234,#6235,#6236,#6242));
#6234 = ORIENTED_EDGE('',*,*,#6003,.T.);
#6235 = ORIENTED_EDGE('',*,*,#6152,.T.);
#6236 = ORIENTED_EDGE('',*,*,#6237,.F.);
#6237 = EDGE_CURVE('',#6019,#6143,#6238,.T.);
#6238 = LINE('',#6239,#6240);
#6239 = CARTESIAN_POINT('',(0.545,-0.4,-2.775557561563E-17));
#6240 = VECTOR('',#6241,1.);
#6241 = DIRECTION('',(0.,1.,0.));
#6242 = ORIENTED_EDGE('',*,*,#6028,.F.);
#6243 = CYLINDRICAL_SURFACE('',#6244,4.5E-02);
#6244 = AXIS2_PLACEMENT_3D('',#6245,#6246,#6247);
#6245 = CARTESIAN_POINT('',(0.545,-0.4,4.5E-02));
#6246 = DIRECTION('',(0.,1.,0.));
#6247 = DIRECTION('',(-1.,0.,0.));
#6248 = ADVANCED_FACE('',(#6249),#6260,.F.);
#6249 = FACE_BOUND('',#6250,.F.);
#6250 = EDGE_LOOP('',(#6251,#6252,#6253,#6254));
#6251 = ORIENTED_EDGE('',*,*,#6142,.F.);
#6252 = ORIENTED_EDGE('',*,*,#6237,.F.);
#6253 = ORIENTED_EDGE('',*,*,#6018,.T.);
#6254 = ORIENTED_EDGE('',*,*,#6255,.T.);
#6255 = EDGE_CURVE('',#6021,#6145,#6256,.T.);
#6256 = LINE('',#6257,#6258);
#6257 = CARTESIAN_POINT('',(0.755,-0.4,-2.775557561563E-17));
#6258 = VECTOR('',#6259,1.);
#6259 = DIRECTION('',(0.,1.,0.));
#6260 = PLANE('',#6261);
#6261 = AXIS2_PLACEMENT_3D('',#6262,#6263,#6264);
#6262 = CARTESIAN_POINT('',(0.5,-0.4,0.));
#6263 = DIRECTION('',(0.,0.,1.));
#6264 = DIRECTION('',(1.,0.,-0.));
#6265 = ADVANCED_FACE('',(#6266),#6277,.T.);
#6266 = FACE_BOUND('',#6267,.T.);
#6267 = EDGE_LOOP('',(#6268,#6269,#6270,#6271));
#6268 = ORIENTED_EDGE('',*,*,#6072,.T.);
#6269 = ORIENTED_EDGE('',*,*,#6255,.T.);
#6270 = ORIENTED_EDGE('',*,*,#6196,.F.);
#6271 = ORIENTED_EDGE('',*,*,#6272,.F.);
#6272 = EDGE_CURVE('',#6065,#6189,#6273,.T.);
#6273 = LINE('',#6274,#6275);
#6274 = CARTESIAN_POINT('',(0.8,-0.4,4.5E-02));
#6275 = VECTOR('',#6276,1.);
#6276 = DIRECTION('',(0.,1.,0.));
#6277 = CYLINDRICAL_SURFACE('',#6278,4.5E-02);
#6278 = AXIS2_PLACEMENT_3D('',#6279,#6280,#6281);
#6279 = CARTESIAN_POINT('',(0.755,-0.4,4.5E-02));
#6280 = DIRECTION('',(0.,1.,0.));
#6281 = DIRECTION('',(1.,0.,0.));
#6282 = ADVANCED_FACE('',(#6283),#6294,.T.);
#6283 = FACE_BOUND('',#6284,.T.);
#6284 = EDGE_LOOP('',(#6285,#6286,#6287,#6288));
#6285 = ORIENTED_EDGE('',*,*,#6064,.F.);
#6286 = ORIENTED_EDGE('',*,*,#6272,.T.);
#6287 = ORIENTED_EDGE('',*,*,#6188,.T.);
#6288 = ORIENTED_EDGE('',*,*,#6289,.F.);
#6289 = EDGE_CURVE('',#6056,#6180,#6290,.T.);
#6290 = LINE('',#6291,#6292);
#6291 = CARTESIAN_POINT('',(0.8,-0.4,0.405));
#6292 = VECTOR('',#6293,1.);
#6293 = DIRECTION('',(0.,1.,0.));
#6294 = PLANE('',#6295);
#6295 = AXIS2_PLACEMENT_3D('',#6296,#6297,#6298);
#6296 = CARTESIAN_POINT('',(0.8,-0.4,0.));
#6297 = DIRECTION('',(1.,0.,0.));
#6298 = DIRECTION('',(0.,0.,1.));
#6299 = ADVANCED_FACE('',(#6300),#6311,.T.);
#6300 = FACE_BOUND('',#6301,.T.);
#6301 = EDGE_LOOP('',(#6302,#6303,#6304,#6310));
#6302 = ORIENTED_EDGE('',*,*,#6289,.T.);
#6303 = ORIENTED_EDGE('',*,*,#6179,.T.);
#6304 = ORIENTED_EDGE('',*,*,#6305,.F.);
#6305 = EDGE_CURVE('',#6048,#6172,#6306,.T.);
#6306 = LINE('',#6307,#6308);
#6307 = CARTESIAN_POINT('',(0.755,-0.4,0.45));
#6308 = VECTOR('',#6309,1.);
#6309 = DIRECTION('',(0.,1.,0.));
#6310 = ORIENTED_EDGE('',*,*,#6055,.F.);
#6311 = CYLINDRICAL_SURFACE('',#6312,4.5E-02);
#6312 = AXIS2_PLACEMENT_3D('',#6313,#6314,#6315);
#6313 = CARTESIAN_POINT('',(0.755,-0.4,0.405));
#6314 = DIRECTION('',(0.,1.,0.));
#6315 = DIRECTION('',(1.,0.,0.));
#6316 = ADVANCED_FACE('',(#6317),#6328,.T.);
#6317 = FACE_BOUND('',#6318,.T.);
#6318 = EDGE_LOOP('',(#6319,#6320,#6326,#6327));
#6319 = ORIENTED_EDGE('',*,*,#6171,.F.);
#6320 = ORIENTED_EDGE('',*,*,#6321,.F.);
#6321 = EDGE_CURVE('',#6039,#6163,#6322,.T.);
#6322 = LINE('',#6323,#6324);
#6323 = CARTESIAN_POINT('',(0.545,-0.4,0.45));
#6324 = VECTOR('',#6325,1.);
#6325 = DIRECTION('',(0.,1.,0.));
#6326 = ORIENTED_EDGE('',*,*,#6047,.T.);
#6327 = ORIENTED_EDGE('',*,*,#6305,.T.);
#6328 = PLANE('',#6329);
#6329 = AXIS2_PLACEMENT_3D('',#6330,#6331,#6332);
#6330 = CARTESIAN_POINT('',(0.5,-0.4,0.45));
#6331 = DIRECTION('',(0.,0.,1.));
#6332 = DIRECTION('',(1.,0.,-0.));
#6333 = ADVANCED_FACE('',(#6334),#6345,.T.);
#6334 = FACE_BOUND('',#6335,.T.);
#6335 = EDGE_LOOP('',(#6336,#6337,#6338,#6339));
#6336 = ORIENTED_EDGE('',*,*,#6038,.T.);
#6337 = ORIENTED_EDGE('',*,*,#6321,.T.);
#6338 = ORIENTED_EDGE('',*,*,#6162,.F.);
#6339 = ORIENTED_EDGE('',*,*,#6340,.F.);
#6340 = EDGE_CURVE('',#5873,#5956,#6341,.T.);
#6341 = LINE('',#6342,#6343);
#6342 = CARTESIAN_POINT('',(0.5,-0.4,0.405));
#6343 = VECTOR('',#6344,1.);
#6344 = DIRECTION('',(0.,1.,0.));
#6345 = CYLINDRICAL_SURFACE('',#6346,4.5E-02);
#6346 = AXIS2_PLACEMENT_3D('',#6347,#6348,#6349);
#6347 = CARTESIAN_POINT('',(0.545,-0.4,0.405));
#6348 = DIRECTION('',(0.,1.,0.));
#6349 = DIRECTION('',(-1.,0.,0.));
#6350 = ADVANCED_FACE('',(#6351),#6362,.T.);
#6351 = FACE_BOUND('',#6352,.T.);
#6352 = EDGE_LOOP('',(#6353,#6354,#6355,#6356));
#6353 = ORIENTED_EDGE('',*,*,#6104,.F.);
#6354 = ORIENTED_EDGE('',*,*,#6340,.T.);
#6355 = ORIENTED_EDGE('',*,*,#6221,.T.);
#6356 = ORIENTED_EDGE('',*,*,#6357,.F.);
#6357 = EDGE_CURVE('',#6097,#6214,#6358,.T.);
#6358 = LINE('',#6359,#6360);
#6359 = CARTESIAN_POINT('',(0.5,-0.4,0.45));
#6360 = VECTOR('',#6361,1.);
#6361 = DIRECTION('',(0.,1.,0.));
#6362 = PLANE('',#6363);
#6363 = AXIS2_PLACEMENT_3D('',#6364,#6365,#6366);
#6364 = CARTESIAN_POINT('',(0.5,-0.4,0.405));
#6365 = DIRECTION('',(1.,0.,0.));
#6366 = DIRECTION('',(0.,0.,1.));
#6367 = ADVANCED_FACE('',(#6368),#6374,.T.);
#6368 = FACE_BOUND('',#6369,.T.);
#6369 = EDGE_LOOP('',(#6370,#6371,#6372,#6373));
#6370 = ORIENTED_EDGE('',*,*,#6128,.F.);
#6371 = ORIENTED_EDGE('',*,*,#6096,.T.);
#6372 = ORIENTED_EDGE('',*,*,#6357,.T.);
#6373 = ORIENTED_EDGE('',*,*,#6213,.F.);
#6374 = PLANE('',#6375);
#6375 = AXIS2_PLACEMENT_3D('',#6376,#6377,#6378);
#6376 = CARTESIAN_POINT('',(-0.5,-0.4,0.45));
#6377 = DIRECTION('',(0.,0.,1.));
#6378 = DIRECTION('',(1.,0.,-0.));
#6379 = ( GEOMETRIC_REPRESENTATION_CONTEXT(3) 
GLOBAL_UNCERTAINTY_ASSIGNED_CONTEXT((#6383)) 
GLOBAL_UNIT_ASSIGNED_CONTEXT((#6380,#6381,#6382)) REPRESENTATION_CONTEXT
('Context #1','3D Context with UNIT and UNCERTAINTY') );
#6380 = ( LENGTH_UNIT() NAMED_UNIT(*) SI_UNIT(.MILLI.,.METRE.) );
#6381 = ( NAMED_UNIT(*) PLANE_ANGLE_UNIT() SI_UNIT($,.RADIAN.) );
#6382 = ( NAMED_UNIT(*) SI_UNIT($,.STERADIAN.) SOLID_ANGLE_UNIT() );
#6383 = UNCERTAINTY_MEASURE_WITH_UNIT(LENGTH_MEASURE(1.E-07),#6380,
  'distance_accuracy_value','confusion accuracy');
#6384 = CONTEXT_DEPENDENT_SHAPE_REPRESENTATION(#6385,#6387);
#6385 = ( REPRESENTATION_RELATIONSHIP('','',#5588,#10) 
REPRESENTATION_RELATIONSHIP_WITH_TRANSFORMATION(#6386) 
SHAPE_REPRESENTATION_RELATIONSHIP() );
#6386 = ITEM_DEFINED_TRANSFORMATION('','',#11,#31);
#6387 = PRODUCT_DEFINITION_SHAPE('Placement','Placement of an item',
  #6388);
#6388 = NEXT_ASSEMBLY_USAGE_OCCURRENCE('5','R4','',#5,#5583,$);
#6389 = PRODUCT_RELATED_PRODUCT_CATEGORY('part',$,(#5585));
#6390 = CONTEXT_DEPENDENT_SHAPE_REPRESENTATION(#6391,#6393);
#6391 = ( REPRESENTATION_RELATIONSHIP('','',#5588,#10) 
REPRESENTATION_RELATIONSHIP_WITH_TRANSFORMATION(#6392) 
SHAPE_REPRESENTATION_RELATIONSHIP() );
#6392 = ITEM_DEFINED_TRANSFORMATION('','',#11,#35);
#6393 = PRODUCT_DEFINITION_SHAPE('Placement','Placement of an item',
  #6394);
#6394 = NEXT_ASSEMBLY_USAGE_OCCURRENCE('6','R3','',#5,#5583,$);
#6395 = CONTEXT_DEPENDENT_SHAPE_REPRESENTATION(#6396,#6398);
#6396 = ( REPRESENTATION_RELATIONSHIP('','',#80,#10) 
REPRESENTATION_RELATIONSHIP_WITH_TRANSFORMATION(#6397) 
SHAPE_REPRESENTATION_RELATIONSHIP() );
#6397 = ITEM_DEFINED_TRANSFORMATION('','',#11,#39);
#6398 = PRODUCT_DEFINITION_SHAPE('Placement','Placement of an item',
  #6399);
#6399 = NEXT_ASSEMBLY_USAGE_OCCURRENCE('7','C5','',#5,#75,$);
#6400 = SHAPE_DEFINITION_REPRESENTATION(#6401,#6407);
#6401 = PRODUCT_DEFINITION_SHAPE('','',#6402);
#6402 = PRODUCT_DEFINITION('design','',#6403,#6406);
#6403 = PRODUCT_DEFINITION_FORMATION('','',#6404);
#6404 = PRODUCT('JST_XH_B7B-XH-A_1x07_P2.50mm_Vertical',
  'JST_XH_B7B-XH-A_1x07_P2.50mm_Vertical','',(#6405));
#6405 = PRODUCT_CONTEXT('',#2,'mechanical');
#6406 = PRODUCT_DEFINITION_CONTEXT('part definition',#2,'design');
#6407 = ADVANCED_BREP_SHAPE_REPRESENTATION('',(#11,#6408),#12625);
#6408 = MANIFOLD_SOLID_BREP('',#6409);
#6409 = CLOSED_SHELL('',(#6410,#6482,#6521,#6545,#6610,#6634,#6882,#6906
    ,#6971,#6996,#7045,#7062,#7086,#7103,#7273,#7297,#7659,#7683,#7716,
    #7740,#7771,#7788,#7821,#7845,#7876,#7893,#7926,#7950,#7981,#7998,
    #8031,#8055,#8086,#8103,#8136,#8160,#8191,#8208,#8241,#8265,#8296,
    #8313,#8346,#8370,#8401,#8413,#8446,#8463,#8480,#8492,#8742,#8759,
    #8776,#8793,#8810,#8827,#8844,#8861,#8878,#8895,#8912,#8929,#8946,
    #8963,#8980,#8992,#9009,#9026,#9043,#9060,#9077,#9094,#9111,#9157,
    #9203,#9249,#9295,#9341,#9387,#9433,#9464,#9488,#9512,#9529,#9560,
    #9584,#9608,#9625,#9656,#9680,#9704,#9721,#9752,#9776,#9800,#9817,
    #9848,#9872,#9896,#9913,#9944,#9968,#9992,#10009,#10040,#10064,
    #10088,#10105,#10168,#10192,#10248,#10265,#10296,#10320,#10344,
    #10361,#10392,#10416,#10440,#10457,#10488,#10512,#10536,#10553,
    #10584,#10608,#10632,#10649,#10680,#10704,#10728,#10745,#10776,
    #10832,#10856,#10905,#10936,#10960,#10984,#11001,#11032,#11056,
    #11080,#11097,#11128,#11152,#11176,#11193,#11224,#11248,#11272,
    #11289,#11320,#11344,#11368,#11385,#11416,#11440,#11464,#11481,
    #11512,#11536,#11560,#11577,#11624,#11655,#11667,#11684,#11710,
    #11743,#11774,#11798,#11822,#11839,#11870,#11894,#11918,#11935,
    #11966,#11990,#12014,#12031,#12062,#12086,#12110,#12127,#12158,
    #12182,#12206,#12223,#12240,#12287,#12313,#12330,#12356,#12389,
    #12401,#12413,#12425,#12437,#12449,#12461,#12473,#12490,#12507,
    #12519,#12531,#12543,#12555,#12567,#12579,#12596,#12613));
#6410 = ADVANCED_FACE('',(#6411),#6477,.T.);
#6411 = FACE_BOUND('',#6412,.T.);
#6412 = EDGE_LOOP('',(#6413,#6423,#6431,#6439,#6447,#6455,#6463,#6471));
#6413 = ORIENTED_EDGE('',*,*,#6414,.T.);
#6414 = EDGE_CURVE('',#6415,#6417,#6419,.T.);
#6415 = VERTEX_POINT('',#6416);
#6416 = CARTESIAN_POINT('',(-1.8,0.5,7.));
#6417 = VERTEX_POINT('',#6418);
#6418 = CARTESIAN_POINT('',(-2.45,0.5,7.));
#6419 = LINE('',#6420,#6421);
#6420 = CARTESIAN_POINT('',(17.45,0.5,7.));
#6421 = VECTOR('',#6422,1.);
#6422 = DIRECTION('',(-1.,1.224646799147E-16,0.));
#6423 = ORIENTED_EDGE('',*,*,#6424,.T.);
#6424 = EDGE_CURVE('',#6417,#6425,#6427,.T.);
#6425 = VERTEX_POINT('',#6426);
#6426 = CARTESIAN_POINT('',(-2.45,-3.4,7.));
#6427 = LINE('',#6428,#6429);
#6428 = CARTESIAN_POINT('',(-2.45,2.35,7.));
#6429 = VECTOR('',#6430,1.);
#6430 = DIRECTION('',(-1.224646799147E-16,-1.,0.));
#6431 = ORIENTED_EDGE('',*,*,#6432,.T.);
#6432 = EDGE_CURVE('',#6425,#6433,#6435,.T.);
#6433 = VERTEX_POINT('',#6434);
#6434 = CARTESIAN_POINT('',(17.45,-3.4,7.));
#6435 = LINE('',#6436,#6437);
#6436 = CARTESIAN_POINT('',(-2.45,-3.4,7.));
#6437 = VECTOR('',#6438,1.);
#6438 = DIRECTION('',(1.,-1.224646799147E-16,0.));
#6439 = ORIENTED_EDGE('',*,*,#6440,.T.);
#6440 = EDGE_CURVE('',#6433,#6441,#6443,.T.);
#6441 = VERTEX_POINT('',#6442);
#6442 = CARTESIAN_POINT('',(17.45,0.5,7.));
#6443 = LINE('',#6444,#6445);
#6444 = CARTESIAN_POINT('',(17.45,-3.4,7.));
#6445 = VECTOR('',#6446,1.);
#6446 = DIRECTION('',(1.224646799147E-16,1.,0.));
#6447 = ORIENTED_EDGE('',*,*,#6448,.T.);
#6448 = EDGE_CURVE('',#6441,#6449,#6451,.T.);
#6449 = VERTEX_POINT('',#6450);
#6450 = CARTESIAN_POINT('',(16.8,0.5,7.));
#6451 = LINE('',#6452,#6453);
#6452 = CARTESIAN_POINT('',(17.45,0.5,7.));
#6453 = VECTOR('',#6454,1.);
#6454 = DIRECTION('',(-1.,1.224646799147E-16,0.));
#6455 = ORIENTED_EDGE('',*,*,#6456,.F.);
#6456 = EDGE_CURVE('',#6457,#6449,#6459,.T.);
#6457 = VERTEX_POINT('',#6458);
#6458 = CARTESIAN_POINT('',(16.8,-2.85,7.));
#6459 = LINE('',#6460,#6461);
#6460 = CARTESIAN_POINT('',(16.8,-2.65,7.));
#6461 = VECTOR('',#6462,1.);
#6462 = DIRECTION('',(1.224646799147E-16,1.,0.));
#6463 = ORIENTED_EDGE('',*,*,#6464,.F.);
#6464 = EDGE_CURVE('',#6465,#6457,#6467,.T.);
#6465 = VERTEX_POINT('',#6466);
#6466 = CARTESIAN_POINT('',(-1.8,-2.85,7.));
#6467 = LINE('',#6468,#6469);
#6468 = CARTESIAN_POINT('',(-1.6,-2.85,7.));
#6469 = VECTOR('',#6470,1.);
#6470 = DIRECTION('',(1.,-1.224646799147E-16,0.));
#6471 = ORIENTED_EDGE('',*,*,#6472,.F.);
#6472 = EDGE_CURVE('',#6415,#6465,#6473,.T.);
#6473 = LINE('',#6474,#6475);
#6474 = CARTESIAN_POINT('',(-1.8,0.5,7.));
#6475 = VECTOR('',#6476,1.);
#6476 = DIRECTION('',(-1.224646799147E-16,-1.,0.));
#6477 = PLANE('',#6478);
#6478 = AXIS2_PLACEMENT_3D('',#6479,#6480,#6481);
#6479 = CARTESIAN_POINT('',(7.5,-0.525,7.));
#6480 = DIRECTION('',(0.,0.,1.));
#6481 = DIRECTION('',(-1.,1.224646799147E-16,0.));
#6482 = ADVANCED_FACE('',(#6483),#6516,.T.);
#6483 = FACE_BOUND('',#6484,.T.);
#6484 = EDGE_LOOP('',(#6485,#6495,#6503,#6509,#6510));
#6485 = ORIENTED_EDGE('',*,*,#6486,.T.);
#6486 = EDGE_CURVE('',#6487,#6489,#6491,.T.);
#6487 = VERTEX_POINT('',#6488);
#6488 = CARTESIAN_POINT('',(-1.6,0.5,6.8));
#6489 = VERTEX_POINT('',#6490);
#6490 = CARTESIAN_POINT('',(-1.6,0.5,3.65));
#6491 = LINE('',#6492,#6493);
#6492 = CARTESIAN_POINT('',(-1.6,0.5,5.325));
#6493 = VECTOR('',#6494,1.);
#6494 = DIRECTION('',(-0.,0.,-1.));
#6495 = ORIENTED_EDGE('',*,*,#6496,.T.);
#6496 = EDGE_CURVE('',#6489,#6497,#6499,.T.);
#6497 = VERTEX_POINT('',#6498);
#6498 = CARTESIAN_POINT('',(-2.45,0.5,3.65));
#6499 = LINE('',#6500,#6501);
#6500 = CARTESIAN_POINT('',(17.45,0.5,3.65));
#6501 = VECTOR('',#6502,1.);
#6502 = DIRECTION('',(-1.,1.224646799147E-16,0.));
#6503 = ORIENTED_EDGE('',*,*,#6504,.T.);
#6504 = EDGE_CURVE('',#6497,#6417,#6505,.T.);
#6505 = LINE('',#6506,#6507);
#6506 = CARTESIAN_POINT('',(-2.45,0.5,1.825));
#6507 = VECTOR('',#6508,1.);
#6508 = DIRECTION('',(0.,0.,1.));
#6509 = ORIENTED_EDGE('',*,*,#6414,.F.);
#6510 = ORIENTED_EDGE('',*,*,#6511,.T.);
#6511 = EDGE_CURVE('',#6415,#6487,#6512,.T.);
#6512 = LINE('',#6513,#6514);
#6513 = CARTESIAN_POINT('',(3.9,0.5,1.3));
#6514 = VECTOR('',#6515,1.);
#6515 = DIRECTION('',(0.707106781187,-8.659560562349E-17,-0.707106781187
    ));
#6516 = PLANE('',#6517);
#6517 = AXIS2_PLACEMENT_3D('',#6518,#6519,#6520);
#6518 = CARTESIAN_POINT('',(17.45,0.5,3.65));
#6519 = DIRECTION('',(1.224646799147E-16,1.,0.));
#6520 = DIRECTION('',(0.,-0.,1.));
#6521 = ADVANCED_FACE('',(#6522),#6540,.F.);
#6522 = FACE_BOUND('',#6523,.T.);
#6523 = EDGE_LOOP('',(#6524,#6525,#6526,#6534));
#6524 = ORIENTED_EDGE('',*,*,#6511,.F.);
#6525 = ORIENTED_EDGE('',*,*,#6472,.T.);
#6526 = ORIENTED_EDGE('',*,*,#6527,.T.);
#6527 = EDGE_CURVE('',#6465,#6528,#6530,.T.);
#6528 = VERTEX_POINT('',#6529);
#6529 = CARTESIAN_POINT('',(-1.6,-2.65,6.8));
#6530 = LINE('',#6531,#6532);
#6531 = CARTESIAN_POINT('',(-1.141666666667,-2.191666666667,
    6.341666666667));
#6532 = VECTOR('',#6533,1.);
#6533 = DIRECTION('',(0.57735026919,0.57735026919,-0.57735026919));
#6534 = ORIENTED_EDGE('',*,*,#6535,.F.);
#6535 = EDGE_CURVE('',#6487,#6528,#6536,.T.);
#6536 = LINE('',#6537,#6538);
#6537 = CARTESIAN_POINT('',(-1.6,0.5,6.8));
#6538 = VECTOR('',#6539,1.);
#6539 = DIRECTION('',(-1.224646799147E-16,-1.,0.));
#6540 = PLANE('',#6541);
#6541 = AXIS2_PLACEMENT_3D('',#6542,#6543,#6544);
#6542 = CARTESIAN_POINT('',(-1.7,0.5,6.9));
#6543 = DIRECTION('',(-0.707106781187,8.659560562349E-17,-0.707106781187
    ));
#6544 = DIRECTION('',(1.224646799147E-16,1.,-2.105272540809E-29));
#6545 = ADVANCED_FACE('',(#6546),#6605,.F.);
#6546 = FACE_BOUND('',#6547,.F.);
#6547 = EDGE_LOOP('',(#6548,#6558,#6566,#6574,#6582,#6591,#6597,#6598,
    #6599));
#6548 = ORIENTED_EDGE('',*,*,#6549,.F.);
#6549 = EDGE_CURVE('',#6550,#6552,#6554,.T.);
#6550 = VERTEX_POINT('',#6551);
#6551 = CARTESIAN_POINT('',(-2.45,2.35,0.));
#6552 = VERTEX_POINT('',#6553);
#6553 = CARTESIAN_POINT('',(-2.45,-3.4,0.));
#6554 = LINE('',#6555,#6556);
#6555 = CARTESIAN_POINT('',(-2.45,2.35,0.));
#6556 = VECTOR('',#6557,1.);
#6557 = DIRECTION('',(-1.224646799147E-16,-1.,0.));
#6558 = ORIENTED_EDGE('',*,*,#6559,.T.);
#6559 = EDGE_CURVE('',#6550,#6560,#6562,.T.);
#6560 = VERTEX_POINT('',#6561);
#6561 = CARTESIAN_POINT('',(-2.45,2.35,7.));
#6562 = LINE('',#6563,#6564);
#6563 = CARTESIAN_POINT('',(-2.45,2.35,0.));
#6564 = VECTOR('',#6565,1.);
#6565 = DIRECTION('',(0.,0.,1.));
#6566 = ORIENTED_EDGE('',*,*,#6567,.T.);
#6567 = EDGE_CURVE('',#6560,#6568,#6570,.T.);
#6568 = VERTEX_POINT('',#6569);
#6569 = CARTESIAN_POINT('',(-2.45,1.5,7.));
#6570 = LINE('',#6571,#6572);
#6571 = CARTESIAN_POINT('',(-2.45,2.35,7.));
#6572 = VECTOR('',#6573,1.);
#6573 = DIRECTION('',(-1.224646799147E-16,-1.,0.));
#6574 = ORIENTED_EDGE('',*,*,#6575,.T.);
#6575 = EDGE_CURVE('',#6568,#6576,#6578,.T.);
#6576 = VERTEX_POINT('',#6577);
#6577 = CARTESIAN_POINT('',(-2.45,1.5,4.15));
#6578 = LINE('',#6579,#6580);
#6579 = CARTESIAN_POINT('',(-2.45,1.5,3.5));
#6580 = VECTOR('',#6581,1.);
#6581 = DIRECTION('',(-0.,0.,-1.));
#6582 = ORIENTED_EDGE('',*,*,#6583,.F.);
#6583 = EDGE_CURVE('',#6584,#6576,#6586,.T.);
#6584 = VERTEX_POINT('',#6585);
#6585 = CARTESIAN_POINT('',(-2.45,1.,3.65));
#6586 = CIRCLE('',#6587,0.5);
#6587 = AXIS2_PLACEMENT_3D('',#6588,#6589,#6590);
#6588 = CARTESIAN_POINT('',(-2.45,1.,4.15));
#6589 = DIRECTION('',(1.,-1.224646799147E-16,0.));
#6590 = DIRECTION('',(1.224646799147E-16,1.,0.));
#6591 = ORIENTED_EDGE('',*,*,#6592,.T.);
#6592 = EDGE_CURVE('',#6584,#6497,#6593,.T.);
#6593 = LINE('',#6594,#6595);
#6594 = CARTESIAN_POINT('',(-2.45,1.675,3.65));
#6595 = VECTOR('',#6596,1.);
#6596 = DIRECTION('',(-1.224646799147E-16,-1.,0.));
#6597 = ORIENTED_EDGE('',*,*,#6504,.T.);
#6598 = ORIENTED_EDGE('',*,*,#6424,.T.);
#6599 = ORIENTED_EDGE('',*,*,#6600,.F.);
#6600 = EDGE_CURVE('',#6552,#6425,#6601,.T.);
#6601 = LINE('',#6602,#6603);
#6602 = CARTESIAN_POINT('',(-2.45,-3.4,0.));
#6603 = VECTOR('',#6604,1.);
#6604 = DIRECTION('',(0.,0.,1.));
#6605 = PLANE('',#6606);
#6606 = AXIS2_PLACEMENT_3D('',#6607,#6608,#6609);
#6607 = CARTESIAN_POINT('',(-2.45,2.35,0.));
#6608 = DIRECTION('',(1.,-1.224646799147E-16,0.));
#6609 = DIRECTION('',(-1.224646799147E-16,-1.,0.));
#6610 = ADVANCED_FACE('',(#6611),#6629,.F.);
#6611 = FACE_BOUND('',#6612,.T.);
#6612 = EDGE_LOOP('',(#6613,#6614,#6615,#6623));
#6613 = ORIENTED_EDGE('',*,*,#6527,.F.);
#6614 = ORIENTED_EDGE('',*,*,#6464,.T.);
#6615 = ORIENTED_EDGE('',*,*,#6616,.T.);
#6616 = EDGE_CURVE('',#6457,#6617,#6619,.T.);
#6617 = VERTEX_POINT('',#6618);
#6618 = CARTESIAN_POINT('',(16.6,-2.65,6.8));
#6619 = LINE('',#6620,#6621);
#6620 = CARTESIAN_POINT('',(13.633333333333,0.316666666667,
    3.833333333333));
#6621 = VECTOR('',#6622,1.);
#6622 = DIRECTION('',(-0.57735026919,0.57735026919,-0.57735026919));
#6623 = ORIENTED_EDGE('',*,*,#6624,.F.);
#6624 = EDGE_CURVE('',#6528,#6617,#6625,.T.);
#6625 = LINE('',#6626,#6627);
#6626 = CARTESIAN_POINT('',(-1.6,-2.65,6.8));
#6627 = VECTOR('',#6628,1.);
#6628 = DIRECTION('',(1.,-1.224646799147E-16,0.));
#6629 = PLANE('',#6630);
#6630 = AXIS2_PLACEMENT_3D('',#6631,#6632,#6633);
#6631 = CARTESIAN_POINT('',(-1.6,-2.75,6.9));
#6632 = DIRECTION('',(-8.659560562349E-17,-0.707106781187,
    -0.707106781187));
#6633 = DIRECTION('',(-1.,1.224646799147E-16,-2.105272540809E-29));
#6634 = ADVANCED_FACE('',(#6635),#6877,.F.);
#6635 = FACE_BOUND('',#6636,.F.);
#6636 = EDGE_LOOP('',(#6637,#6645,#6646,#6647,#6655,#6663,#6671,#6679,
    #6687,#6695,#6703,#6711,#6719,#6727,#6735,#6743,#6751,#6759,#6767,
    #6775,#6783,#6791,#6799,#6807,#6815,#6823,#6831,#6839,#6847,#6855,
    #6863,#6871));
#6637 = ORIENTED_EDGE('',*,*,#6638,.F.);
#6638 = EDGE_CURVE('',#6552,#6639,#6641,.T.);
#6639 = VERTEX_POINT('',#6640);
#6640 = CARTESIAN_POINT('',(-0.75,-3.4,0.));
#6641 = LINE('',#6642,#6643);
#6642 = CARTESIAN_POINT('',(-2.45,-3.4,0.));
#6643 = VECTOR('',#6644,1.);
#6644 = DIRECTION('',(1.,-1.224646799147E-16,0.));
#6645 = ORIENTED_EDGE('',*,*,#6600,.T.);
#6646 = ORIENTED_EDGE('',*,*,#6432,.T.);
#6647 = ORIENTED_EDGE('',*,*,#6648,.F.);
#6648 = EDGE_CURVE('',#6649,#6433,#6651,.T.);
#6649 = VERTEX_POINT('',#6650);
#6650 = CARTESIAN_POINT('',(17.45,-3.4,0.));
#6651 = LINE('',#6652,#6653);
#6652 = CARTESIAN_POINT('',(17.45,-3.4,0.));
#6653 = VECTOR('',#6654,1.);
#6654 = DIRECTION('',(0.,0.,1.));
#6655 = ORIENTED_EDGE('',*,*,#6656,.F.);
#6656 = EDGE_CURVE('',#6657,#6649,#6659,.T.);
#6657 = VERTEX_POINT('',#6658);
#6658 = CARTESIAN_POINT('',(15.75,-3.4,0.));
#6659 = LINE('',#6660,#6661);
#6660 = CARTESIAN_POINT('',(-2.45,-3.4,0.));
#6661 = VECTOR('',#6662,1.);
#6662 = DIRECTION('',(1.,-1.224646799147E-16,0.));
#6663 = ORIENTED_EDGE('',*,*,#6664,.F.);
#6664 = EDGE_CURVE('',#6665,#6657,#6667,.T.);
#6665 = VERTEX_POINT('',#6666);
#6666 = CARTESIAN_POINT('',(15.75,-3.4,1.));
#6667 = LINE('',#6668,#6669);
#6668 = CARTESIAN_POINT('',(15.75,-3.4,1.));
#6669 = VECTOR('',#6670,1.);
#6670 = DIRECTION('',(-0.,0.,-1.));
#6671 = ORIENTED_EDGE('',*,*,#6672,.T.);
#6672 = EDGE_CURVE('',#6665,#6673,#6675,.T.);
#6673 = VERTEX_POINT('',#6674);
#6674 = CARTESIAN_POINT('',(14.25,-3.4,1.));
#6675 = LINE('',#6676,#6677);
#6676 = CARTESIAN_POINT('',(15.75,-3.4,1.));
#6677 = VECTOR('',#6678,1.);
#6678 = DIRECTION('',(-1.,1.224646799147E-16,0.));
#6679 = ORIENTED_EDGE('',*,*,#6680,.T.);
#6680 = EDGE_CURVE('',#6673,#6681,#6683,.T.);
#6681 = VERTEX_POINT('',#6682);
#6682 = CARTESIAN_POINT('',(14.25,-3.4,0.));
#6683 = LINE('',#6684,#6685);
#6684 = CARTESIAN_POINT('',(14.25,-3.4,1.));
#6685 = VECTOR('',#6686,1.);
#6686 = DIRECTION('',(-0.,0.,-1.));
#6687 = ORIENTED_EDGE('',*,*,#6688,.F.);
#6688 = EDGE_CURVE('',#6689,#6681,#6691,.T.);
#6689 = VERTEX_POINT('',#6690);
#6690 = CARTESIAN_POINT('',(13.25,-3.4,0.));
#6691 = LINE('',#6692,#6693);
#6692 = CARTESIAN_POINT('',(-2.45,-3.4,0.));
#6693 = VECTOR('',#6694,1.);
#6694 = DIRECTION('',(1.,-1.224646799147E-16,0.));
#6695 = ORIENTED_EDGE('',*,*,#6696,.F.);
#6696 = EDGE_CURVE('',#6697,#6689,#6699,.T.);
#6697 = VERTEX_POINT('',#6698);
#6698 = CARTESIAN_POINT('',(13.25,-3.4,1.));
#6699 = LINE('',#6700,#6701);
#6700 = CARTESIAN_POINT('',(13.25,-3.4,1.));
#6701 = VECTOR('',#6702,1.);
#6702 = DIRECTION('',(-0.,0.,-1.));
#6703 = ORIENTED_EDGE('',*,*,#6704,.T.);
#6704 = EDGE_CURVE('',#6697,#6705,#6707,.T.);
#6705 = VERTEX_POINT('',#6706);
#6706 = CARTESIAN_POINT('',(11.75,-3.4,1.));
#6707 = LINE('',#6708,#6709);
#6708 = CARTESIAN_POINT('',(13.25,-3.4,1.));
#6709 = VECTOR('',#6710,1.);
#6710 = DIRECTION('',(-1.,1.224646799147E-16,0.));
#6711 = ORIENTED_EDGE('',*,*,#6712,.T.);
#6712 = EDGE_CURVE('',#6705,#6713,#6715,.T.);
#6713 = VERTEX_POINT('',#6714);
#6714 = CARTESIAN_POINT('',(11.75,-3.4,0.));
#6715 = LINE('',#6716,#6717);
#6716 = CARTESIAN_POINT('',(11.75,-3.4,1.));
#6717 = VECTOR('',#6718,1.);
#6718 = DIRECTION('',(-0.,0.,-1.));
#6719 = ORIENTED_EDGE('',*,*,#6720,.F.);
#6720 = EDGE_CURVE('',#6721,#6713,#6723,.T.);
#6721 = VERTEX_POINT('',#6722);
#6722 = CARTESIAN_POINT('',(10.75,-3.4,0.));
#6723 = LINE('',#6724,#6725);
#6724 = CARTESIAN_POINT('',(-2.45,-3.4,0.));
#6725 = VECTOR('',#6726,1.);
#6726 = DIRECTION('',(1.,-1.224646799147E-16,0.));
#6727 = ORIENTED_EDGE('',*,*,#6728,.F.);
#6728 = EDGE_CURVE('',#6729,#6721,#6731,.T.);
#6729 = VERTEX_POINT('',#6730);
#6730 = CARTESIAN_POINT('',(10.75,-3.4,1.));
#6731 = LINE('',#6732,#6733);
#6732 = CARTESIAN_POINT('',(10.75,-3.4,1.));
#6733 = VECTOR('',#6734,1.);
#6734 = DIRECTION('',(-0.,0.,-1.));
#6735 = ORIENTED_EDGE('',*,*,#6736,.T.);
#6736 = EDGE_CURVE('',#6729,#6737,#6739,.T.);
#6737 = VERTEX_POINT('',#6738);
#6738 = CARTESIAN_POINT('',(9.25,-3.4,1.));
#6739 = LINE('',#6740,#6741);
#6740 = CARTESIAN_POINT('',(10.75,-3.4,1.));
#6741 = VECTOR('',#6742,1.);
#6742 = DIRECTION('',(-1.,1.224646799147E-16,0.));
#6743 = ORIENTED_EDGE('',*,*,#6744,.T.);
#6744 = EDGE_CURVE('',#6737,#6745,#6747,.T.);
#6745 = VERTEX_POINT('',#6746);
#6746 = CARTESIAN_POINT('',(9.25,-3.4,0.));
#6747 = LINE('',#6748,#6749);
#6748 = CARTESIAN_POINT('',(9.25,-3.4,1.));
#6749 = VECTOR('',#6750,1.);
#6750 = DIRECTION('',(-0.,0.,-1.));
#6751 = ORIENTED_EDGE('',*,*,#6752,.F.);
#6752 = EDGE_CURVE('',#6753,#6745,#6755,.T.);
#6753 = VERTEX_POINT('',#6754);
#6754 = CARTESIAN_POINT('',(8.25,-3.4,0.));
#6755 = LINE('',#6756,#6757);
#6756 = CARTESIAN_POINT('',(-2.45,-3.4,0.));
#6757 = VECTOR('',#6758,1.);
#6758 = DIRECTION('',(1.,-1.224646799147E-16,0.));
#6759 = ORIENTED_EDGE('',*,*,#6760,.F.);
#6760 = EDGE_CURVE('',#6761,#6753,#6763,.T.);
#6761 = VERTEX_POINT('',#6762);
#6762 = CARTESIAN_POINT('',(8.25,-3.4,1.));
#6763 = LINE('',#6764,#6765);
#6764 = CARTESIAN_POINT('',(8.25,-3.4,1.));
#6765 = VECTOR('',#6766,1.);
#6766 = DIRECTION('',(-0.,0.,-1.));
#6767 = ORIENTED_EDGE('',*,*,#6768,.T.);
#6768 = EDGE_CURVE('',#6761,#6769,#6771,.T.);
#6769 = VERTEX_POINT('',#6770);
#6770 = CARTESIAN_POINT('',(6.75,-3.4,1.));
#6771 = LINE('',#6772,#6773);
#6772 = CARTESIAN_POINT('',(8.25,-3.4,1.));
#6773 = VECTOR('',#6774,1.);
#6774 = DIRECTION('',(-1.,1.224646799147E-16,0.));
#6775 = ORIENTED_EDGE('',*,*,#6776,.T.);
#6776 = EDGE_CURVE('',#6769,#6777,#6779,.T.);
#6777 = VERTEX_POINT('',#6778);
#6778 = CARTESIAN_POINT('',(6.75,-3.4,0.));
#6779 = LINE('',#6780,#6781);
#6780 = CARTESIAN_POINT('',(6.75,-3.4,1.));
#6781 = VECTOR('',#6782,1.);
#6782 = DIRECTION('',(-0.,0.,-1.));
#6783 = ORIENTED_EDGE('',*,*,#6784,.F.);
#6784 = EDGE_CURVE('',#6785,#6777,#6787,.T.);
#6785 = VERTEX_POINT('',#6786);
#6786 = CARTESIAN_POINT('',(5.75,-3.4,0.));
#6787 = LINE('',#6788,#6789);
#6788 = CARTESIAN_POINT('',(-2.45,-3.4,0.));
#6789 = VECTOR('',#6790,1.);
#6790 = DIRECTION('',(1.,-1.224646799147E-16,0.));
#6791 = ORIENTED_EDGE('',*,*,#6792,.F.);
#6792 = EDGE_CURVE('',#6793,#6785,#6795,.T.);
#6793 = VERTEX_POINT('',#6794);
#6794 = CARTESIAN_POINT('',(5.75,-3.4,1.));
#6795 = LINE('',#6796,#6797);
#6796 = CARTESIAN_POINT('',(5.75,-3.4,1.));
#6797 = VECTOR('',#6798,1.);
#6798 = DIRECTION('',(-0.,0.,-1.));
#6799 = ORIENTED_EDGE('',*,*,#6800,.T.);
#6800 = EDGE_CURVE('',#6793,#6801,#6803,.T.);
#6801 = VERTEX_POINT('',#6802);
#6802 = CARTESIAN_POINT('',(4.25,-3.4,1.));
#6803 = LINE('',#6804,#6805);
#6804 = CARTESIAN_POINT('',(5.75,-3.4,1.));
#6805 = VECTOR('',#6806,1.);
#6806 = DIRECTION('',(-1.,1.224646799147E-16,0.));
#6807 = ORIENTED_EDGE('',*,*,#6808,.T.);
#6808 = EDGE_CURVE('',#6801,#6809,#6811,.T.);
#6809 = VERTEX_POINT('',#6810);
#6810 = CARTESIAN_POINT('',(4.25,-3.4,0.));
#6811 = LINE('',#6812,#6813);
#6812 = CARTESIAN_POINT('',(4.25,-3.4,1.));
#6813 = VECTOR('',#6814,1.);
#6814 = DIRECTION('',(-0.,0.,-1.));
#6815 = ORIENTED_EDGE('',*,*,#6816,.F.);
#6816 = EDGE_CURVE('',#6817,#6809,#6819,.T.);
#6817 = VERTEX_POINT('',#6818);
#6818 = CARTESIAN_POINT('',(3.25,-3.4,0.));
#6819 = LINE('',#6820,#6821);
#6820 = CARTESIAN_POINT('',(-2.45,-3.4,0.));
#6821 = VECTOR('',#6822,1.);
#6822 = DIRECTION('',(1.,-1.224646799147E-16,0.));
#6823 = ORIENTED_EDGE('',*,*,#6824,.F.);
#6824 = EDGE_CURVE('',#6825,#6817,#6827,.T.);
#6825 = VERTEX_POINT('',#6826);
#6826 = CARTESIAN_POINT('',(3.25,-3.4,1.));
#6827 = LINE('',#6828,#6829);
#6828 = CARTESIAN_POINT('',(3.25,-3.4,1.));
#6829 = VECTOR('',#6830,1.);
#6830 = DIRECTION('',(-0.,0.,-1.));
#6831 = ORIENTED_EDGE('',*,*,#6832,.T.);
#6832 = EDGE_CURVE('',#6825,#6833,#6835,.T.);
#6833 = VERTEX_POINT('',#6834);
#6834 = CARTESIAN_POINT('',(1.75,-3.4,1.));
#6835 = LINE('',#6836,#6837);
#6836 = CARTESIAN_POINT('',(3.25,-3.4,1.));
#6837 = VECTOR('',#6838,1.);
#6838 = DIRECTION('',(-1.,1.224646799147E-16,0.));
#6839 = ORIENTED_EDGE('',*,*,#6840,.T.);
#6840 = EDGE_CURVE('',#6833,#6841,#6843,.T.);
#6841 = VERTEX_POINT('',#6842);
#6842 = CARTESIAN_POINT('',(1.75,-3.4,0.));
#6843 = LINE('',#6844,#6845);
#6844 = CARTESIAN_POINT('',(1.75,-3.4,1.));
#6845 = VECTOR('',#6846,1.);
#6846 = DIRECTION('',(-0.,0.,-1.));
#6847 = ORIENTED_EDGE('',*,*,#6848,.F.);
#6848 = EDGE_CURVE('',#6849,#6841,#6851,.T.);
#6849 = VERTEX_POINT('',#6850);
#6850 = CARTESIAN_POINT('',(0.75,-3.4,0.));
#6851 = LINE('',#6852,#6853);
#6852 = CARTESIAN_POINT('',(-2.45,-3.4,0.));
#6853 = VECTOR('',#6854,1.);
#6854 = DIRECTION('',(1.,-1.224646799147E-16,0.));
#6855 = ORIENTED_EDGE('',*,*,#6856,.F.);
#6856 = EDGE_CURVE('',#6857,#6849,#6859,.T.);
#6857 = VERTEX_POINT('',#6858);
#6858 = CARTESIAN_POINT('',(0.75,-3.4,1.));
#6859 = LINE('',#6860,#6861);
#6860 = CARTESIAN_POINT('',(0.75,-3.4,1.));
#6861 = VECTOR('',#6862,1.);
#6862 = DIRECTION('',(-0.,0.,-1.));
#6863 = ORIENTED_EDGE('',*,*,#6864,.T.);
#6864 = EDGE_CURVE('',#6857,#6865,#6867,.T.);
#6865 = VERTEX_POINT('',#6866);
#6866 = CARTESIAN_POINT('',(-0.75,-3.4,1.));
#6867 = LINE('',#6868,#6869);
#6868 = CARTESIAN_POINT('',(0.75,-3.4,1.));
#6869 = VECTOR('',#6870,1.);
#6870 = DIRECTION('',(-1.,1.224646799147E-16,0.));
#6871 = ORIENTED_EDGE('',*,*,#6872,.T.);
#6872 = EDGE_CURVE('',#6865,#6639,#6873,.T.);
#6873 = LINE('',#6874,#6875);
#6874 = CARTESIAN_POINT('',(-0.75,-3.4,1.));
#6875 = VECTOR('',#6876,1.);
#6876 = DIRECTION('',(-0.,0.,-1.));
#6877 = PLANE('',#6878);
#6878 = AXIS2_PLACEMENT_3D('',#6879,#6880,#6881);
#6879 = CARTESIAN_POINT('',(-2.45,-3.4,0.));
#6880 = DIRECTION('',(1.224646799147E-16,1.,0.));
#6881 = DIRECTION('',(1.,-1.224646799147E-16,0.));
#6882 = ADVANCED_FACE('',(#6883),#6901,.F.);
#6883 = FACE_BOUND('',#6884,.T.);
#6884 = EDGE_LOOP('',(#6885,#6886,#6887,#6895));
#6885 = ORIENTED_EDGE('',*,*,#6616,.F.);
#6886 = ORIENTED_EDGE('',*,*,#6456,.T.);
#6887 = ORIENTED_EDGE('',*,*,#6888,.T.);
#6888 = EDGE_CURVE('',#6449,#6889,#6891,.T.);
#6889 = VERTEX_POINT('',#6890);
#6890 = CARTESIAN_POINT('',(16.6,0.5,6.8));
#6891 = LINE('',#6892,#6893);
#6892 = CARTESIAN_POINT('',(16.075,0.5,6.275));
#6893 = VECTOR('',#6894,1.);
#6894 = DIRECTION('',(-0.707106781187,8.659560562349E-17,-0.707106781187
    ));
#6895 = ORIENTED_EDGE('',*,*,#6896,.F.);
#6896 = EDGE_CURVE('',#6617,#6889,#6897,.T.);
#6897 = LINE('',#6898,#6899);
#6898 = CARTESIAN_POINT('',(16.6,-2.65,6.8));
#6899 = VECTOR('',#6900,1.);
#6900 = DIRECTION('',(1.224646799147E-16,1.,0.));
#6901 = PLANE('',#6902);
#6902 = AXIS2_PLACEMENT_3D('',#6903,#6904,#6905);
#6903 = CARTESIAN_POINT('',(16.7,-2.65,6.9));
#6904 = DIRECTION('',(0.707106781187,-8.659560562349E-17,-0.707106781187
    ));
#6905 = DIRECTION('',(-1.224646799147E-16,-1.,-2.105272540809E-29));
#6906 = ADVANCED_FACE('',(#6907),#6966,.F.);
#6907 = FACE_BOUND('',#6908,.F.);
#6908 = EDGE_LOOP('',(#6909,#6917,#6918,#6919,#6927,#6935,#6944,#6952,
    #6960));
#6909 = ORIENTED_EDGE('',*,*,#6910,.F.);
#6910 = EDGE_CURVE('',#6649,#6911,#6913,.T.);
#6911 = VERTEX_POINT('',#6912);
#6912 = CARTESIAN_POINT('',(17.45,2.35,0.));
#6913 = LINE('',#6914,#6915);
#6914 = CARTESIAN_POINT('',(17.45,-3.4,0.));
#6915 = VECTOR('',#6916,1.);
#6916 = DIRECTION('',(1.224646799147E-16,1.,0.));
#6917 = ORIENTED_EDGE('',*,*,#6648,.T.);
#6918 = ORIENTED_EDGE('',*,*,#6440,.T.);
#6919 = ORIENTED_EDGE('',*,*,#6920,.F.);
#6920 = EDGE_CURVE('',#6921,#6441,#6923,.T.);
#6921 = VERTEX_POINT('',#6922);
#6922 = CARTESIAN_POINT('',(17.45,0.5,3.65));
#6923 = LINE('',#6924,#6925);
#6924 = CARTESIAN_POINT('',(17.45,0.5,3.65));
#6925 = VECTOR('',#6926,1.);
#6926 = DIRECTION('',(0.,0.,1.));
#6927 = ORIENTED_EDGE('',*,*,#6928,.F.);
#6928 = EDGE_CURVE('',#6929,#6921,#6931,.T.);
#6929 = VERTEX_POINT('',#6930);
#6930 = CARTESIAN_POINT('',(17.45,1.,3.65));
#6931 = LINE('',#6932,#6933);
#6932 = CARTESIAN_POINT('',(17.45,1.,3.65));
#6933 = VECTOR('',#6934,1.);
#6934 = DIRECTION('',(-1.224646799147E-16,-1.,0.));
#6935 = ORIENTED_EDGE('',*,*,#6936,.F.);
#6936 = EDGE_CURVE('',#6937,#6929,#6939,.T.);
#6937 = VERTEX_POINT('',#6938);
#6938 = CARTESIAN_POINT('',(17.45,1.5,4.15));
#6939 = CIRCLE('',#6940,0.5);
#6940 = AXIS2_PLACEMENT_3D('',#6941,#6942,#6943);
#6941 = CARTESIAN_POINT('',(17.45,1.,4.15));
#6942 = DIRECTION('',(-1.,1.224646799147E-16,0.));
#6943 = DIRECTION('',(1.224646799147E-16,1.,0.));
#6944 = ORIENTED_EDGE('',*,*,#6945,.F.);
#6945 = EDGE_CURVE('',#6946,#6937,#6948,.T.);
#6946 = VERTEX_POINT('',#6947);
#6947 = CARTESIAN_POINT('',(17.45,1.5,7.));
#6948 = LINE('',#6949,#6950);
#6949 = CARTESIAN_POINT('',(17.45,1.5,7.));
#6950 = VECTOR('',#6951,1.);
#6951 = DIRECTION('',(-0.,0.,-1.));
#6952 = ORIENTED_EDGE('',*,*,#6953,.T.);
#6953 = EDGE_CURVE('',#6946,#6954,#6956,.T.);
#6954 = VERTEX_POINT('',#6955);
#6955 = CARTESIAN_POINT('',(17.45,2.35,7.));
#6956 = LINE('',#6957,#6958);
#6957 = CARTESIAN_POINT('',(17.45,-3.4,7.));
#6958 = VECTOR('',#6959,1.);
#6959 = DIRECTION('',(1.224646799147E-16,1.,0.));
#6960 = ORIENTED_EDGE('',*,*,#6961,.F.);
#6961 = EDGE_CURVE('',#6911,#6954,#6962,.T.);
#6962 = LINE('',#6963,#6964);
#6963 = CARTESIAN_POINT('',(17.45,2.35,0.));
#6964 = VECTOR('',#6965,1.);
#6965 = DIRECTION('',(0.,0.,1.));
#6966 = PLANE('',#6967);
#6967 = AXIS2_PLACEMENT_3D('',#6968,#6969,#6970);
#6968 = CARTESIAN_POINT('',(17.45,-3.4,0.));
#6969 = DIRECTION('',(-1.,1.224646799147E-16,0.));
#6970 = DIRECTION('',(1.224646799147E-16,1.,0.));
#6971 = ADVANCED_FACE('',(#6972),#6991,.T.);
#6972 = FACE_BOUND('',#6973,.T.);
#6973 = EDGE_LOOP('',(#6974,#6975,#6976,#6984,#6990));
#6974 = ORIENTED_EDGE('',*,*,#6448,.F.);
#6975 = ORIENTED_EDGE('',*,*,#6920,.F.);
#6976 = ORIENTED_EDGE('',*,*,#6977,.T.);
#6977 = EDGE_CURVE('',#6921,#6978,#6980,.T.);
#6978 = VERTEX_POINT('',#6979);
#6979 = CARTESIAN_POINT('',(16.6,0.5,3.65));
#6980 = LINE('',#6981,#6982);
#6981 = CARTESIAN_POINT('',(17.45,0.5,3.65));
#6982 = VECTOR('',#6983,1.);
#6983 = DIRECTION('',(-1.,1.224646799147E-16,0.));
#6984 = ORIENTED_EDGE('',*,*,#6985,.T.);
#6985 = EDGE_CURVE('',#6978,#6889,#6986,.T.);
#6986 = LINE('',#6987,#6988);
#6987 = CARTESIAN_POINT('',(16.6,0.5,5.325));
#6988 = VECTOR('',#6989,1.);
#6989 = DIRECTION('',(0.,0.,1.));
#6990 = ORIENTED_EDGE('',*,*,#6888,.F.);
#6991 = PLANE('',#6992);
#6992 = AXIS2_PLACEMENT_3D('',#6993,#6994,#6995);
#6993 = CARTESIAN_POINT('',(17.45,0.5,3.65));
#6994 = DIRECTION('',(1.224646799147E-16,1.,0.));
#6995 = DIRECTION('',(0.,-0.,1.));
#6996 = ADVANCED_FACE('',(#6997),#7040,.F.);
#6997 = FACE_BOUND('',#6998,.F.);
#6998 = EDGE_LOOP('',(#6999,#7000,#7008,#7017,#7025,#7033,#7039));
#6999 = ORIENTED_EDGE('',*,*,#6486,.T.);
#7000 = ORIENTED_EDGE('',*,*,#7001,.T.);
#7001 = EDGE_CURVE('',#6489,#7002,#7004,.T.);
#7002 = VERTEX_POINT('',#7003);
#7003 = CARTESIAN_POINT('',(-1.6,1.,3.65));
#7004 = LINE('',#7005,#7006);
#7005 = CARTESIAN_POINT('',(-1.6,1.25,3.65));
#7006 = VECTOR('',#7007,1.);
#7007 = DIRECTION('',(1.224646799147E-16,1.,0.));
#7008 = ORIENTED_EDGE('',*,*,#7009,.T.);
#7009 = EDGE_CURVE('',#7002,#7010,#7012,.T.);
#7010 = VERTEX_POINT('',#7011);
#7011 = CARTESIAN_POINT('',(-1.6,1.5,4.15));
#7012 = CIRCLE('',#7013,0.5);
#7013 = AXIS2_PLACEMENT_3D('',#7014,#7015,#7016);
#7014 = CARTESIAN_POINT('',(-1.6,1.,4.15));
#7015 = DIRECTION('',(1.,-1.224646799147E-16,0.));
#7016 = DIRECTION('',(1.224646799147E-16,1.,0.));
#7017 = ORIENTED_EDGE('',*,*,#7018,.T.);
#7018 = EDGE_CURVE('',#7010,#7019,#7021,.T.);
#7019 = VERTEX_POINT('',#7020);
#7020 = CARTESIAN_POINT('',(-1.6,1.5,1.85));
#7021 = LINE('',#7022,#7023);
#7022 = CARTESIAN_POINT('',(-1.6,1.5,7.));
#7023 = VECTOR('',#7024,1.);
#7024 = DIRECTION('',(0.,0.,-1.));
#7025 = ORIENTED_EDGE('',*,*,#7026,.T.);
#7026 = EDGE_CURVE('',#7019,#7027,#7029,.T.);
#7027 = VERTEX_POINT('',#7028);
#7028 = CARTESIAN_POINT('',(-1.6,-2.65,1.85));
#7029 = LINE('',#7030,#7031);
#7030 = CARTESIAN_POINT('',(-1.6,1.5,1.85));
#7031 = VECTOR('',#7032,1.);
#7032 = DIRECTION('',(-1.224646799147E-16,-1.,0.));
#7033 = ORIENTED_EDGE('',*,*,#7034,.F.);
#7034 = EDGE_CURVE('',#6528,#7027,#7035,.T.);
#7035 = LINE('',#7036,#7037);
#7036 = CARTESIAN_POINT('',(-1.6,-2.65,7.));
#7037 = VECTOR('',#7038,1.);
#7038 = DIRECTION('',(0.,0.,-1.));
#7039 = ORIENTED_EDGE('',*,*,#6535,.F.);
#7040 = PLANE('',#7041);
#7041 = AXIS2_PLACEMENT_3D('',#7042,#7043,#7044);
#7042 = CARTESIAN_POINT('',(-1.6,1.5,7.));
#7043 = DIRECTION('',(-1.,1.224646799147E-16,0.));
#7044 = DIRECTION('',(-1.224646799147E-16,-1.,0.));
#7045 = ADVANCED_FACE('',(#7046),#7057,.T.);
#7046 = FACE_BOUND('',#7047,.T.);
#7047 = EDGE_LOOP('',(#7048,#7049,#7055,#7056));
#7048 = ORIENTED_EDGE('',*,*,#7001,.T.);
#7049 = ORIENTED_EDGE('',*,*,#7050,.T.);
#7050 = EDGE_CURVE('',#7002,#6584,#7051,.T.);
#7051 = LINE('',#7052,#7053);
#7052 = CARTESIAN_POINT('',(17.45,1.,3.65));
#7053 = VECTOR('',#7054,1.);
#7054 = DIRECTION('',(-1.,1.224646799147E-16,0.));
#7055 = ORIENTED_EDGE('',*,*,#6592,.T.);
#7056 = ORIENTED_EDGE('',*,*,#6496,.F.);
#7057 = PLANE('',#7058);
#7058 = AXIS2_PLACEMENT_3D('',#7059,#7060,#7061);
#7059 = CARTESIAN_POINT('',(17.45,1.,3.65));
#7060 = DIRECTION('',(0.,0.,1.));
#7061 = DIRECTION('',(-1.224646799147E-16,-1.,0.));
#7062 = ADVANCED_FACE('',(#7063),#7081,.F.);
#7063 = FACE_BOUND('',#7064,.F.);
#7064 = EDGE_LOOP('',(#7065,#7066,#7067,#7075));
#7065 = ORIENTED_EDGE('',*,*,#6549,.T.);
#7066 = ORIENTED_EDGE('',*,*,#6638,.T.);
#7067 = ORIENTED_EDGE('',*,*,#7068,.T.);
#7068 = EDGE_CURVE('',#6639,#7069,#7071,.T.);
#7069 = VERTEX_POINT('',#7070);
#7070 = CARTESIAN_POINT('',(-0.75,2.35,0.));
#7071 = LINE('',#7072,#7073);
#7072 = CARTESIAN_POINT('',(-0.75,-3.4,0.));
#7073 = VECTOR('',#7074,1.);
#7074 = DIRECTION('',(1.224646799147E-16,1.,0.));
#7075 = ORIENTED_EDGE('',*,*,#7076,.T.);
#7076 = EDGE_CURVE('',#7069,#6550,#7077,.T.);
#7077 = LINE('',#7078,#7079);
#7078 = CARTESIAN_POINT('',(17.45,2.35,0.));
#7079 = VECTOR('',#7080,1.);
#7080 = DIRECTION('',(-1.,1.224646799147E-16,0.));
#7081 = PLANE('',#7082);
#7082 = AXIS2_PLACEMENT_3D('',#7083,#7084,#7085);
#7083 = CARTESIAN_POINT('',(7.5,-0.525,0.));
#7084 = DIRECTION('',(0.,0.,1.));
#7085 = DIRECTION('',(-1.,1.224646799147E-16,0.));
#7086 = ADVANCED_FACE('',(#7087),#7098,.F.);
#7087 = FACE_BOUND('',#7088,.F.);
#7088 = EDGE_LOOP('',(#7089,#7090,#7091,#7097));
#7089 = ORIENTED_EDGE('',*,*,#7050,.T.);
#7090 = ORIENTED_EDGE('',*,*,#6583,.T.);
#7091 = ORIENTED_EDGE('',*,*,#7092,.F.);
#7092 = EDGE_CURVE('',#7010,#6576,#7093,.T.);
#7093 = LINE('',#7094,#7095);
#7094 = CARTESIAN_POINT('',(17.45,1.5,4.15));
#7095 = VECTOR('',#7096,1.);
#7096 = DIRECTION('',(-1.,1.224646799147E-16,0.));
#7097 = ORIENTED_EDGE('',*,*,#7009,.F.);
#7098 = CYLINDRICAL_SURFACE('',#7099,0.5);
#7099 = AXIS2_PLACEMENT_3D('',#7100,#7101,#7102);
#7100 = CARTESIAN_POINT('',(17.45,1.,4.15));
#7101 = DIRECTION('',(1.,-1.224646799147E-16,-0.));
#7102 = DIRECTION('',(1.224646799147E-16,1.,0.));
#7103 = ADVANCED_FACE('',(#7104),#7268,.T.);
#7104 = FACE_BOUND('',#7105,.T.);
#7105 = EDGE_LOOP('',(#7106,#7107,#7115,#7123,#7131,#7139,#7147,#7156,
    #7164,#7172,#7180,#7188,#7196,#7205,#7213,#7221,#7229,#7237,#7243,
    #7244,#7245,#7246,#7254,#7262));
#7106 = ORIENTED_EDGE('',*,*,#6945,.F.);
#7107 = ORIENTED_EDGE('',*,*,#7108,.T.);
#7108 = EDGE_CURVE('',#6946,#7109,#7111,.T.);
#7109 = VERTEX_POINT('',#7110);
#7110 = CARTESIAN_POINT('',(15.5,1.5,7.));
#7111 = LINE('',#7112,#7113);
#7112 = CARTESIAN_POINT('',(17.45,1.5,7.));
#7113 = VECTOR('',#7114,1.);
#7114 = DIRECTION('',(-1.,1.224646799147E-16,0.));
#7115 = ORIENTED_EDGE('',*,*,#7116,.T.);
#7116 = EDGE_CURVE('',#7109,#7117,#7119,.T.);
#7117 = VERTEX_POINT('',#7118);
#7118 = CARTESIAN_POINT('',(15.5,1.5,6.1));
#7119 = LINE('',#7120,#7121);
#7120 = CARTESIAN_POINT('',(15.5,1.5,5.301521956088));
#7121 = VECTOR('',#7122,1.);
#7122 = DIRECTION('',(9.868649107779E-16,8.541649403163E-17,-1.));
#7123 = ORIENTED_EDGE('',*,*,#7124,.T.);
#7124 = EDGE_CURVE('',#7117,#7125,#7127,.T.);
#7125 = VERTEX_POINT('',#7126);
#7126 = CARTESIAN_POINT('',(15.25,1.5,5.85));
#7127 = LINE('',#7128,#7129);
#7128 = CARTESIAN_POINT('',(12.975760978044,1.5,3.575760978044));
#7129 = VECTOR('',#7130,1.);
#7130 = DIRECTION('',(-0.707106781187,1.469941877784E-16,-0.707106781187
    ));
#7131 = ORIENTED_EDGE('',*,*,#7132,.T.);
#7132 = EDGE_CURVE('',#7125,#7133,#7135,.T.);
#7133 = VERTEX_POINT('',#7134);
#7134 = CARTESIAN_POINT('',(15.5,1.5,5.6));
#7135 = LINE('',#7136,#7137);
#7136 = CARTESIAN_POINT('',(13.774239021956,1.5,7.325760978044));
#7137 = VECTOR('',#7138,1.);
#7138 = DIRECTION('',(0.707106781187,-2.619702346858E-17,-0.707106781187
    ));
#7139 = ORIENTED_EDGE('',*,*,#7140,.T.);
#7140 = EDGE_CURVE('',#7133,#7141,#7143,.T.);
#7141 = VERTEX_POINT('',#7142);
#7142 = CARTESIAN_POINT('',(15.5,1.5,3.85));
#7143 = LINE('',#7144,#7145);
#7144 = CARTESIAN_POINT('',(15.5,1.5,3.801521956088));
#7145 = VECTOR('',#7146,1.);
#7146 = DIRECTION('',(1.046050360102E-32,8.541649403163E-17,-1.));
#7147 = ORIENTED_EDGE('',*,*,#7148,.F.);
#7148 = EDGE_CURVE('',#7149,#7141,#7151,.T.);
#7149 = VERTEX_POINT('',#7150);
#7150 = CARTESIAN_POINT('',(14.75,1.5,3.1));
#7151 = CIRCLE('',#7152,0.75);
#7152 = AXIS2_PLACEMENT_3D('',#7153,#7154,#7155);
#7153 = CARTESIAN_POINT('',(14.75,1.5,3.85));
#7154 = DIRECTION('',(-1.224646799147E-16,-1.,0.));
#7155 = DIRECTION('',(-0.,0.,-1.));
#7156 = ORIENTED_EDGE('',*,*,#7157,.T.);
#7157 = EDGE_CURVE('',#7149,#7158,#7160,.T.);
#7158 = VERTEX_POINT('',#7159);
#7159 = CARTESIAN_POINT('',(14.,1.5,3.1));
#7160 = LINE('',#7161,#7162);
#7161 = CARTESIAN_POINT('',(10.75,1.5,3.1));
#7162 = VECTOR('',#7163,1.);
#7163 = DIRECTION('',(-1.,1.224646799147E-16,0.));
#7164 = ORIENTED_EDGE('',*,*,#7165,.T.);
#7165 = EDGE_CURVE('',#7158,#7166,#7168,.T.);
#7166 = VERTEX_POINT('',#7167);
#7167 = CARTESIAN_POINT('',(14.,1.5,7.));
#7168 = LINE('',#7169,#7170);
#7169 = CARTESIAN_POINT('',(14.,1.5,5.751521956088));
#7170 = VECTOR('',#7171,1.);
#7171 = DIRECTION('',(-1.046050360102E-32,-8.541649403163E-17,1.));
#7172 = ORIENTED_EDGE('',*,*,#7173,.T.);
#7173 = EDGE_CURVE('',#7166,#7174,#7176,.T.);
#7174 = VERTEX_POINT('',#7175);
#7175 = CARTESIAN_POINT('',(1.,1.5,7.));
#7176 = LINE('',#7177,#7178);
#7177 = CARTESIAN_POINT('',(17.45,1.5,7.));
#7178 = VECTOR('',#7179,1.);
#7179 = DIRECTION('',(-1.,1.224646799147E-16,0.));
#7180 = ORIENTED_EDGE('',*,*,#7181,.F.);
#7181 = EDGE_CURVE('',#7182,#7174,#7184,.T.);
#7182 = VERTEX_POINT('',#7183);
#7183 = CARTESIAN_POINT('',(1.,1.5,3.1));
#7184 = LINE('',#7185,#7186);
#7185 = CARTESIAN_POINT('',(1.,1.5,5.751521956088));
#7186 = VECTOR('',#7187,1.);
#7187 = DIRECTION('',(-1.046050360102E-32,-8.541649403163E-17,1.));
#7188 = ORIENTED_EDGE('',*,*,#7189,.F.);
#7189 = EDGE_CURVE('',#7190,#7182,#7192,.T.);
#7190 = VERTEX_POINT('',#7191);
#7191 = CARTESIAN_POINT('',(0.25,1.5,3.1));
#7192 = LINE('',#7193,#7194);
#7193 = CARTESIAN_POINT('',(4.25,1.5,3.1));
#7194 = VECTOR('',#7195,1.);
#7195 = DIRECTION('',(1.,-1.224646799147E-16,0.));
#7196 = ORIENTED_EDGE('',*,*,#7197,.F.);
#7197 = EDGE_CURVE('',#7198,#7190,#7200,.T.);
#7198 = VERTEX_POINT('',#7199);
#7199 = CARTESIAN_POINT('',(-0.5,1.5,3.85));
#7200 = CIRCLE('',#7201,0.75);
#7201 = AXIS2_PLACEMENT_3D('',#7202,#7203,#7204);
#7202 = CARTESIAN_POINT('',(0.25,1.5,3.85));
#7203 = DIRECTION('',(-1.224646799147E-16,-1.,0.));
#7204 = DIRECTION('',(-0.,0.,-1.));
#7205 = ORIENTED_EDGE('',*,*,#7206,.F.);
#7206 = EDGE_CURVE('',#7207,#7198,#7209,.T.);
#7207 = VERTEX_POINT('',#7208);
#7208 = CARTESIAN_POINT('',(-0.5,1.5,5.6));
#7209 = LINE('',#7210,#7211);
#7210 = CARTESIAN_POINT('',(-0.5,1.5,3.801521956088));
#7211 = VECTOR('',#7212,1.);
#7212 = DIRECTION('',(1.046050360102E-32,8.541649403163E-17,-1.));
#7213 = ORIENTED_EDGE('',*,*,#7214,.F.);
#7214 = EDGE_CURVE('',#7215,#7207,#7217,.T.);
#7215 = VERTEX_POINT('',#7216);
#7216 = CARTESIAN_POINT('',(-0.25,1.5,5.85));
#7217 = LINE('',#7218,#7219);
#7218 = CARTESIAN_POINT('',(1.225760978044,1.5,7.325760978044));
#7219 = VECTOR('',#7220,1.);
#7220 = DIRECTION('',(-0.707106781187,1.469941877784E-16,-0.707106781187
    ));
#7221 = ORIENTED_EDGE('',*,*,#7222,.F.);
#7222 = EDGE_CURVE('',#7223,#7215,#7225,.T.);
#7223 = VERTEX_POINT('',#7224);
#7224 = CARTESIAN_POINT('',(-0.5,1.5,6.1));
#7225 = LINE('',#7226,#7227);
#7226 = CARTESIAN_POINT('',(2.024239021956,1.5,3.575760978044));
#7227 = VECTOR('',#7228,1.);
#7228 = DIRECTION('',(0.707106781187,-2.619702346858E-17,-0.707106781187
    ));
#7229 = ORIENTED_EDGE('',*,*,#7230,.F.);
#7230 = EDGE_CURVE('',#7231,#7223,#7233,.T.);
#7231 = VERTEX_POINT('',#7232);
#7232 = CARTESIAN_POINT('',(-0.5,1.5,7.));
#7233 = LINE('',#7234,#7235);
#7234 = CARTESIAN_POINT('',(-0.5,1.5,5.301521956088));
#7235 = VECTOR('',#7236,1.);
#7236 = DIRECTION('',(1.973729821556E-15,8.541649403163E-17,-1.));
#7237 = ORIENTED_EDGE('',*,*,#7238,.T.);
#7238 = EDGE_CURVE('',#7231,#6568,#7239,.T.);
#7239 = LINE('',#7240,#7241);
#7240 = CARTESIAN_POINT('',(17.45,1.5,7.));
#7241 = VECTOR('',#7242,1.);
#7242 = DIRECTION('',(-1.,1.224646799147E-16,0.));
#7243 = ORIENTED_EDGE('',*,*,#6575,.T.);
#7244 = ORIENTED_EDGE('',*,*,#7092,.F.);
#7245 = ORIENTED_EDGE('',*,*,#7018,.T.);
#7246 = ORIENTED_EDGE('',*,*,#7247,.F.);
#7247 = EDGE_CURVE('',#7248,#7019,#7250,.T.);
#7248 = VERTEX_POINT('',#7249);
#7249 = CARTESIAN_POINT('',(16.6,1.5,1.85));
#7250 = LINE('',#7251,#7252);
#7251 = CARTESIAN_POINT('',(16.6,1.5,1.85));
#7252 = VECTOR('',#7253,1.);
#7253 = DIRECTION('',(-1.,1.224646799147E-16,0.));
#7254 = ORIENTED_EDGE('',*,*,#7255,.F.);
#7255 = EDGE_CURVE('',#7256,#7248,#7258,.T.);
#7256 = VERTEX_POINT('',#7257);
#7257 = CARTESIAN_POINT('',(16.6,1.5,4.15));
#7258 = LINE('',#7259,#7260);
#7259 = CARTESIAN_POINT('',(16.6,1.5,7.));
#7260 = VECTOR('',#7261,1.);
#7261 = DIRECTION('',(0.,0.,-1.));
#7262 = ORIENTED_EDGE('',*,*,#7263,.F.);
#7263 = EDGE_CURVE('',#6937,#7256,#7264,.T.);
#7264 = LINE('',#7265,#7266);
#7265 = CARTESIAN_POINT('',(17.45,1.5,4.15));
#7266 = VECTOR('',#7267,1.);
#7267 = DIRECTION('',(-1.,1.224646799147E-16,0.));
#7268 = PLANE('',#7269);
#7269 = AXIS2_PLACEMENT_3D('',#7270,#7271,#7272);
#7270 = CARTESIAN_POINT('',(7.5,1.5,4.503043912176));
#7271 = DIRECTION('',(-1.224646799147E-16,-1.,-8.541649403163E-17));
#7272 = DIRECTION('',(-1.046050360102E-32,-8.541649403163E-17,1.));
#7273 = ADVANCED_FACE('',(#7274),#7292,.T.);
#7274 = FACE_BOUND('',#7275,.T.);
#7275 = EDGE_LOOP('',(#7276,#7277,#7285,#7291));
#7276 = ORIENTED_EDGE('',*,*,#7238,.F.);
#7277 = ORIENTED_EDGE('',*,*,#7278,.F.);
#7278 = EDGE_CURVE('',#7279,#7231,#7281,.T.);
#7279 = VERTEX_POINT('',#7280);
#7280 = CARTESIAN_POINT('',(-0.5,2.35,7.));
#7281 = LINE('',#7282,#7283);
#7282 = CARTESIAN_POINT('',(-0.5,2.35,7.));
#7283 = VECTOR('',#7284,1.);
#7284 = DIRECTION('',(-1.224646799147E-16,-1.,0.));
#7285 = ORIENTED_EDGE('',*,*,#7286,.T.);
#7286 = EDGE_CURVE('',#7279,#6560,#7287,.T.);
#7287 = LINE('',#7288,#7289);
#7288 = CARTESIAN_POINT('',(17.45,2.35,7.));
#7289 = VECTOR('',#7290,1.);
#7290 = DIRECTION('',(-1.,1.224646799147E-16,0.));
#7291 = ORIENTED_EDGE('',*,*,#6567,.T.);
#7292 = PLANE('',#7293);
#7293 = AXIS2_PLACEMENT_3D('',#7294,#7295,#7296);
#7294 = CARTESIAN_POINT('',(7.5,-0.525,7.));
#7295 = DIRECTION('',(0.,0.,1.));
#7296 = DIRECTION('',(-1.,1.224646799147E-16,0.));
#7297 = ADVANCED_FACE('',(#7298),#7654,.F.);
#7298 = FACE_BOUND('',#7299,.F.);
#7299 = EDGE_LOOP('',(#7300,#7308,#7309,#7317,#7325,#7333,#7341,#7349,
    #7358,#7366,#7374,#7382,#7390,#7398,#7407,#7415,#7423,#7431,#7437,
    #7438,#7439,#7440,#7448,#7456,#7464,#7472,#7480,#7488,#7496,#7504,
    #7512,#7520,#7528,#7536,#7544,#7552,#7560,#7568,#7576,#7584,#7592,
    #7600,#7608,#7616,#7624,#7632,#7640,#7648));
#7300 = ORIENTED_EDGE('',*,*,#7301,.F.);
#7301 = EDGE_CURVE('',#6911,#7302,#7304,.T.);
#7302 = VERTEX_POINT('',#7303);
#7303 = CARTESIAN_POINT('',(15.75,2.35,0.));
#7304 = LINE('',#7305,#7306);
#7305 = CARTESIAN_POINT('',(17.45,2.35,0.));
#7306 = VECTOR('',#7307,1.);
#7307 = DIRECTION('',(-1.,1.224646799147E-16,0.));
#7308 = ORIENTED_EDGE('',*,*,#6961,.T.);
#7309 = ORIENTED_EDGE('',*,*,#7310,.T.);
#7310 = EDGE_CURVE('',#6954,#7311,#7313,.T.);
#7311 = VERTEX_POINT('',#7312);
#7312 = CARTESIAN_POINT('',(15.5,2.35,7.));
#7313 = LINE('',#7314,#7315);
#7314 = CARTESIAN_POINT('',(17.45,2.35,7.));
#7315 = VECTOR('',#7316,1.);
#7316 = DIRECTION('',(-1.,1.224646799147E-16,0.));
#7317 = ORIENTED_EDGE('',*,*,#7318,.F.);
#7318 = EDGE_CURVE('',#7319,#7311,#7321,.T.);
#7319 = VERTEX_POINT('',#7320);
#7320 = CARTESIAN_POINT('',(15.5,2.35,6.1));
#7321 = LINE('',#7322,#7323);
#7322 = CARTESIAN_POINT('',(15.5,2.35,6.1));
#7323 = VECTOR('',#7324,1.);
#7324 = DIRECTION('',(-9.868649107779E-16,1.208560954175E-31,1.));
#7325 = ORIENTED_EDGE('',*,*,#7326,.F.);
#7326 = EDGE_CURVE('',#7327,#7319,#7329,.T.);
#7327 = VERTEX_POINT('',#7328);
#7328 = CARTESIAN_POINT('',(15.25,2.35,5.85));
#7329 = LINE('',#7330,#7331);
#7330 = CARTESIAN_POINT('',(15.25,2.35,5.85));
#7331 = VECTOR('',#7332,1.);
#7332 = DIRECTION('',(0.707106781187,-8.659560562349E-17,0.707106781187)
  );
#7333 = ORIENTED_EDGE('',*,*,#7334,.F.);
#7334 = EDGE_CURVE('',#7335,#7327,#7337,.T.);
#7335 = VERTEX_POINT('',#7336);
#7336 = CARTESIAN_POINT('',(15.5,2.35,5.6));
#7337 = LINE('',#7338,#7339);
#7338 = CARTESIAN_POINT('',(15.5,2.35,5.6));
#7339 = VECTOR('',#7340,1.);
#7340 = DIRECTION('',(-0.707106781187,8.659560562349E-17,0.707106781187)
  );
#7341 = ORIENTED_EDGE('',*,*,#7342,.F.);
#7342 = EDGE_CURVE('',#7343,#7335,#7345,.T.);
#7343 = VERTEX_POINT('',#7344);
#7344 = CARTESIAN_POINT('',(15.5,2.35,3.85));
#7345 = LINE('',#7346,#7347);
#7346 = CARTESIAN_POINT('',(15.5,2.35,3.1));
#7347 = VECTOR('',#7348,1.);
#7348 = DIRECTION('',(0.,0.,1.));
#7349 = ORIENTED_EDGE('',*,*,#7350,.F.);
#7350 = EDGE_CURVE('',#7351,#7343,#7353,.T.);
#7351 = VERTEX_POINT('',#7352);
#7352 = CARTESIAN_POINT('',(14.75,2.35,3.1));
#7353 = CIRCLE('',#7354,0.75);
#7354 = AXIS2_PLACEMENT_3D('',#7355,#7356,#7357);
#7355 = CARTESIAN_POINT('',(14.75,2.35,3.85));
#7356 = DIRECTION('',(-1.224646799147E-16,-1.,0.));
#7357 = DIRECTION('',(0.,0.,1.));
#7358 = ORIENTED_EDGE('',*,*,#7359,.F.);
#7359 = EDGE_CURVE('',#7360,#7351,#7362,.T.);
#7360 = VERTEX_POINT('',#7361);
#7361 = CARTESIAN_POINT('',(14.,2.35,3.1));
#7362 = LINE('',#7363,#7364);
#7363 = CARTESIAN_POINT('',(14.,2.35,3.1));
#7364 = VECTOR('',#7365,1.);
#7365 = DIRECTION('',(1.,-1.224646799147E-16,0.));
#7366 = ORIENTED_EDGE('',*,*,#7367,.F.);
#7367 = EDGE_CURVE('',#7368,#7360,#7370,.T.);
#7368 = VERTEX_POINT('',#7369);
#7369 = CARTESIAN_POINT('',(14.,2.35,7.));
#7370 = LINE('',#7371,#7372);
#7371 = CARTESIAN_POINT('',(14.,2.35,7.));
#7372 = VECTOR('',#7373,1.);
#7373 = DIRECTION('',(-0.,0.,-1.));
#7374 = ORIENTED_EDGE('',*,*,#7375,.T.);
#7375 = EDGE_CURVE('',#7368,#7376,#7378,.T.);
#7376 = VERTEX_POINT('',#7377);
#7377 = CARTESIAN_POINT('',(1.,2.35,7.));
#7378 = LINE('',#7379,#7380);
#7379 = CARTESIAN_POINT('',(17.45,2.35,7.));
#7380 = VECTOR('',#7381,1.);
#7381 = DIRECTION('',(-1.,1.224646799147E-16,0.));
#7382 = ORIENTED_EDGE('',*,*,#7383,.T.);
#7383 = EDGE_CURVE('',#7376,#7384,#7386,.T.);
#7384 = VERTEX_POINT('',#7385);
#7385 = CARTESIAN_POINT('',(1.,2.35,3.1));
#7386 = LINE('',#7387,#7388);
#7387 = CARTESIAN_POINT('',(1.,2.35,7.));
#7388 = VECTOR('',#7389,1.);
#7389 = DIRECTION('',(-0.,0.,-1.));
#7390 = ORIENTED_EDGE('',*,*,#7391,.T.);
#7391 = EDGE_CURVE('',#7384,#7392,#7394,.T.);
#7392 = VERTEX_POINT('',#7393);
#7393 = CARTESIAN_POINT('',(0.25,2.35,3.1));
#7394 = LINE('',#7395,#7396);
#7395 = CARTESIAN_POINT('',(1.,2.35,3.1));
#7396 = VECTOR('',#7397,1.);
#7397 = DIRECTION('',(-1.,1.224646799147E-16,0.));
#7398 = ORIENTED_EDGE('',*,*,#7399,.T.);
#7399 = EDGE_CURVE('',#7392,#7400,#7402,.T.);
#7400 = VERTEX_POINT('',#7401);
#7401 = CARTESIAN_POINT('',(-0.5,2.35,3.85));
#7402 = CIRCLE('',#7403,0.75);
#7403 = AXIS2_PLACEMENT_3D('',#7404,#7405,#7406);
#7404 = CARTESIAN_POINT('',(0.25,2.35,3.85));
#7405 = DIRECTION('',(1.224646799147E-16,1.,-0.));
#7406 = DIRECTION('',(0.,0.,1.));
#7407 = ORIENTED_EDGE('',*,*,#7408,.T.);
#7408 = EDGE_CURVE('',#7400,#7409,#7411,.T.);
#7409 = VERTEX_POINT('',#7410);
#7410 = CARTESIAN_POINT('',(-0.5,2.35,5.6));
#7411 = LINE('',#7412,#7413);
#7412 = CARTESIAN_POINT('',(-0.5,2.35,3.1));
#7413 = VECTOR('',#7414,1.);
#7414 = DIRECTION('',(0.,0.,1.));
#7415 = ORIENTED_EDGE('',*,*,#7416,.T.);
#7416 = EDGE_CURVE('',#7409,#7417,#7419,.T.);
#7417 = VERTEX_POINT('',#7418);
#7418 = CARTESIAN_POINT('',(-0.25,2.35,5.85));
#7419 = LINE('',#7420,#7421);
#7420 = CARTESIAN_POINT('',(-0.5,2.35,5.6));
#7421 = VECTOR('',#7422,1.);
#7422 = DIRECTION('',(0.707106781187,-8.659560562349E-17,0.707106781187)
  );
#7423 = ORIENTED_EDGE('',*,*,#7424,.T.);
#7424 = EDGE_CURVE('',#7417,#7425,#7427,.T.);
#7425 = VERTEX_POINT('',#7426);
#7426 = CARTESIAN_POINT('',(-0.5,2.35,6.1));
#7427 = LINE('',#7428,#7429);
#7428 = CARTESIAN_POINT('',(-0.25,2.35,5.85));
#7429 = VECTOR('',#7430,1.);
#7430 = DIRECTION('',(-0.707106781187,8.659560562349E-17,0.707106781187)
  );
#7431 = ORIENTED_EDGE('',*,*,#7432,.T.);
#7432 = EDGE_CURVE('',#7425,#7279,#7433,.T.);
#7433 = LINE('',#7434,#7435);
#7434 = CARTESIAN_POINT('',(-0.5,2.35,6.1));
#7435 = VECTOR('',#7436,1.);
#7436 = DIRECTION('',(-1.973729821556E-15,2.41712190835E-31,1.));
#7437 = ORIENTED_EDGE('',*,*,#7286,.T.);
#7438 = ORIENTED_EDGE('',*,*,#6559,.F.);
#7439 = ORIENTED_EDGE('',*,*,#7076,.F.);
#7440 = ORIENTED_EDGE('',*,*,#7441,.T.);
#7441 = EDGE_CURVE('',#7069,#7442,#7444,.T.);
#7442 = VERTEX_POINT('',#7443);
#7443 = CARTESIAN_POINT('',(-0.75,2.35,1.));
#7444 = LINE('',#7445,#7446);
#7445 = CARTESIAN_POINT('',(-0.75,2.35,0.));
#7446 = VECTOR('',#7447,1.);
#7447 = DIRECTION('',(0.,0.,1.));
#7448 = ORIENTED_EDGE('',*,*,#7449,.F.);
#7449 = EDGE_CURVE('',#7450,#7442,#7452,.T.);
#7450 = VERTEX_POINT('',#7451);
#7451 = CARTESIAN_POINT('',(0.75,2.35,1.));
#7452 = LINE('',#7453,#7454);
#7453 = CARTESIAN_POINT('',(0.75,2.35,1.));
#7454 = VECTOR('',#7455,1.);
#7455 = DIRECTION('',(-1.,1.224646799147E-16,0.));
#7456 = ORIENTED_EDGE('',*,*,#7457,.F.);
#7457 = EDGE_CURVE('',#7458,#7450,#7460,.T.);
#7458 = VERTEX_POINT('',#7459);
#7459 = CARTESIAN_POINT('',(0.75,2.35,0.));
#7460 = LINE('',#7461,#7462);
#7461 = CARTESIAN_POINT('',(0.75,2.35,0.));
#7462 = VECTOR('',#7463,1.);
#7463 = DIRECTION('',(0.,0.,1.));
#7464 = ORIENTED_EDGE('',*,*,#7465,.F.);
#7465 = EDGE_CURVE('',#7466,#7458,#7468,.T.);
#7466 = VERTEX_POINT('',#7467);
#7467 = CARTESIAN_POINT('',(1.75,2.35,0.));
#7468 = LINE('',#7469,#7470);
#7469 = CARTESIAN_POINT('',(17.45,2.35,0.));
#7470 = VECTOR('',#7471,1.);
#7471 = DIRECTION('',(-1.,1.224646799147E-16,0.));
#7472 = ORIENTED_EDGE('',*,*,#7473,.T.);
#7473 = EDGE_CURVE('',#7466,#7474,#7476,.T.);
#7474 = VERTEX_POINT('',#7475);
#7475 = CARTESIAN_POINT('',(1.75,2.35,1.));
#7476 = LINE('',#7477,#7478);
#7477 = CARTESIAN_POINT('',(1.75,2.35,0.));
#7478 = VECTOR('',#7479,1.);
#7479 = DIRECTION('',(0.,0.,1.));
#7480 = ORIENTED_EDGE('',*,*,#7481,.F.);
#7481 = EDGE_CURVE('',#7482,#7474,#7484,.T.);
#7482 = VERTEX_POINT('',#7483);
#7483 = CARTESIAN_POINT('',(3.25,2.35,1.));
#7484 = LINE('',#7485,#7486);
#7485 = CARTESIAN_POINT('',(3.25,2.35,1.));
#7486 = VECTOR('',#7487,1.);
#7487 = DIRECTION('',(-1.,1.224646799147E-16,0.));
#7488 = ORIENTED_EDGE('',*,*,#7489,.F.);
#7489 = EDGE_CURVE('',#7490,#7482,#7492,.T.);
#7490 = VERTEX_POINT('',#7491);
#7491 = CARTESIAN_POINT('',(3.25,2.35,0.));
#7492 = LINE('',#7493,#7494);
#7493 = CARTESIAN_POINT('',(3.25,2.35,0.));
#7494 = VECTOR('',#7495,1.);
#7495 = DIRECTION('',(0.,0.,1.));
#7496 = ORIENTED_EDGE('',*,*,#7497,.F.);
#7497 = EDGE_CURVE('',#7498,#7490,#7500,.T.);
#7498 = VERTEX_POINT('',#7499);
#7499 = CARTESIAN_POINT('',(4.25,2.35,0.));
#7500 = LINE('',#7501,#7502);
#7501 = CARTESIAN_POINT('',(17.45,2.35,0.));
#7502 = VECTOR('',#7503,1.);
#7503 = DIRECTION('',(-1.,1.224646799147E-16,0.));
#7504 = ORIENTED_EDGE('',*,*,#7505,.T.);
#7505 = EDGE_CURVE('',#7498,#7506,#7508,.T.);
#7506 = VERTEX_POINT('',#7507);
#7507 = CARTESIAN_POINT('',(4.25,2.35,1.));
#7508 = LINE('',#7509,#7510);
#7509 = CARTESIAN_POINT('',(4.25,2.35,0.));
#7510 = VECTOR('',#7511,1.);
#7511 = DIRECTION('',(0.,0.,1.));
#7512 = ORIENTED_EDGE('',*,*,#7513,.F.);
#7513 = EDGE_CURVE('',#7514,#7506,#7516,.T.);
#7514 = VERTEX_POINT('',#7515);
#7515 = CARTESIAN_POINT('',(5.75,2.35,1.));
#7516 = LINE('',#7517,#7518);
#7517 = CARTESIAN_POINT('',(5.75,2.35,1.));
#7518 = VECTOR('',#7519,1.);
#7519 = DIRECTION('',(-1.,1.224646799147E-16,0.));
#7520 = ORIENTED_EDGE('',*,*,#7521,.F.);
#7521 = EDGE_CURVE('',#7522,#7514,#7524,.T.);
#7522 = VERTEX_POINT('',#7523);
#7523 = CARTESIAN_POINT('',(5.75,2.35,0.));
#7524 = LINE('',#7525,#7526);
#7525 = CARTESIAN_POINT('',(5.75,2.35,0.));
#7526 = VECTOR('',#7527,1.);
#7527 = DIRECTION('',(0.,0.,1.));
#7528 = ORIENTED_EDGE('',*,*,#7529,.F.);
#7529 = EDGE_CURVE('',#7530,#7522,#7532,.T.);
#7530 = VERTEX_POINT('',#7531);
#7531 = CARTESIAN_POINT('',(6.75,2.35,0.));
#7532 = LINE('',#7533,#7534);
#7533 = CARTESIAN_POINT('',(17.45,2.35,0.));
#7534 = VECTOR('',#7535,1.);
#7535 = DIRECTION('',(-1.,1.224646799147E-16,0.));
#7536 = ORIENTED_EDGE('',*,*,#7537,.T.);
#7537 = EDGE_CURVE('',#7530,#7538,#7540,.T.);
#7538 = VERTEX_POINT('',#7539);
#7539 = CARTESIAN_POINT('',(6.75,2.35,1.));
#7540 = LINE('',#7541,#7542);
#7541 = CARTESIAN_POINT('',(6.75,2.35,0.));
#7542 = VECTOR('',#7543,1.);
#7543 = DIRECTION('',(0.,0.,1.));
#7544 = ORIENTED_EDGE('',*,*,#7545,.F.);
#7545 = EDGE_CURVE('',#7546,#7538,#7548,.T.);
#7546 = VERTEX_POINT('',#7547);
#7547 = CARTESIAN_POINT('',(8.25,2.35,1.));
#7548 = LINE('',#7549,#7550);
#7549 = CARTESIAN_POINT('',(8.25,2.35,1.));
#7550 = VECTOR('',#7551,1.);
#7551 = DIRECTION('',(-1.,1.224646799147E-16,0.));
#7552 = ORIENTED_EDGE('',*,*,#7553,.F.);
#7553 = EDGE_CURVE('',#7554,#7546,#7556,.T.);
#7554 = VERTEX_POINT('',#7555);
#7555 = CARTESIAN_POINT('',(8.25,2.35,0.));
#7556 = LINE('',#7557,#7558);
#7557 = CARTESIAN_POINT('',(8.25,2.35,0.));
#7558 = VECTOR('',#7559,1.);
#7559 = DIRECTION('',(0.,0.,1.));
#7560 = ORIENTED_EDGE('',*,*,#7561,.F.);
#7561 = EDGE_CURVE('',#7562,#7554,#7564,.T.);
#7562 = VERTEX_POINT('',#7563);
#7563 = CARTESIAN_POINT('',(9.25,2.35,0.));
#7564 = LINE('',#7565,#7566);
#7565 = CARTESIAN_POINT('',(17.45,2.35,0.));
#7566 = VECTOR('',#7567,1.);
#7567 = DIRECTION('',(-1.,1.224646799147E-16,0.));
#7568 = ORIENTED_EDGE('',*,*,#7569,.T.);
#7569 = EDGE_CURVE('',#7562,#7570,#7572,.T.);
#7570 = VERTEX_POINT('',#7571);
#7571 = CARTESIAN_POINT('',(9.25,2.35,1.));
#7572 = LINE('',#7573,#7574);
#7573 = CARTESIAN_POINT('',(9.25,2.35,0.));
#7574 = VECTOR('',#7575,1.);
#7575 = DIRECTION('',(0.,0.,1.));
#7576 = ORIENTED_EDGE('',*,*,#7577,.F.);
#7577 = EDGE_CURVE('',#7578,#7570,#7580,.T.);
#7578 = VERTEX_POINT('',#7579);
#7579 = CARTESIAN_POINT('',(10.75,2.35,1.));
#7580 = LINE('',#7581,#7582);
#7581 = CARTESIAN_POINT('',(10.75,2.35,1.));
#7582 = VECTOR('',#7583,1.);
#7583 = DIRECTION('',(-1.,1.224646799147E-16,0.));
#7584 = ORIENTED_EDGE('',*,*,#7585,.F.);
#7585 = EDGE_CURVE('',#7586,#7578,#7588,.T.);
#7586 = VERTEX_POINT('',#7587);
#7587 = CARTESIAN_POINT('',(10.75,2.35,0.));
#7588 = LINE('',#7589,#7590);
#7589 = CARTESIAN_POINT('',(10.75,2.35,0.));
#7590 = VECTOR('',#7591,1.);
#7591 = DIRECTION('',(0.,0.,1.));
#7592 = ORIENTED_EDGE('',*,*,#7593,.F.);
#7593 = EDGE_CURVE('',#7594,#7586,#7596,.T.);
#7594 = VERTEX_POINT('',#7595);
#7595 = CARTESIAN_POINT('',(11.75,2.35,0.));
#7596 = LINE('',#7597,#7598);
#7597 = CARTESIAN_POINT('',(17.45,2.35,0.));
#7598 = VECTOR('',#7599,1.);
#7599 = DIRECTION('',(-1.,1.224646799147E-16,0.));
#7600 = ORIENTED_EDGE('',*,*,#7601,.T.);
#7601 = EDGE_CURVE('',#7594,#7602,#7604,.T.);
#7602 = VERTEX_POINT('',#7603);
#7603 = CARTESIAN_POINT('',(11.75,2.35,1.));
#7604 = LINE('',#7605,#7606);
#7605 = CARTESIAN_POINT('',(11.75,2.35,0.));
#7606 = VECTOR('',#7607,1.);
#7607 = DIRECTION('',(0.,0.,1.));
#7608 = ORIENTED_EDGE('',*,*,#7609,.F.);
#7609 = EDGE_CURVE('',#7610,#7602,#7612,.T.);
#7610 = VERTEX_POINT('',#7611);
#7611 = CARTESIAN_POINT('',(13.25,2.35,1.));
#7612 = LINE('',#7613,#7614);
#7613 = CARTESIAN_POINT('',(13.25,2.35,1.));
#7614 = VECTOR('',#7615,1.);
#7615 = DIRECTION('',(-1.,1.224646799147E-16,0.));
#7616 = ORIENTED_EDGE('',*,*,#7617,.F.);
#7617 = EDGE_CURVE('',#7618,#7610,#7620,.T.);
#7618 = VERTEX_POINT('',#7619);
#7619 = CARTESIAN_POINT('',(13.25,2.35,0.));
#7620 = LINE('',#7621,#7622);
#7621 = CARTESIAN_POINT('',(13.25,2.35,0.));
#7622 = VECTOR('',#7623,1.);
#7623 = DIRECTION('',(0.,0.,1.));
#7624 = ORIENTED_EDGE('',*,*,#7625,.F.);
#7625 = EDGE_CURVE('',#7626,#7618,#7628,.T.);
#7626 = VERTEX_POINT('',#7627);
#7627 = CARTESIAN_POINT('',(14.25,2.35,0.));
#7628 = LINE('',#7629,#7630);
#7629 = CARTESIAN_POINT('',(17.45,2.35,0.));
#7630 = VECTOR('',#7631,1.);
#7631 = DIRECTION('',(-1.,1.224646799147E-16,0.));
#7632 = ORIENTED_EDGE('',*,*,#7633,.T.);
#7633 = EDGE_CURVE('',#7626,#7634,#7636,.T.);
#7634 = VERTEX_POINT('',#7635);
#7635 = CARTESIAN_POINT('',(14.25,2.35,1.));
#7636 = LINE('',#7637,#7638);
#7637 = CARTESIAN_POINT('',(14.25,2.35,0.));
#7638 = VECTOR('',#7639,1.);
#7639 = DIRECTION('',(0.,0.,1.));
#7640 = ORIENTED_EDGE('',*,*,#7641,.F.);
#7641 = EDGE_CURVE('',#7642,#7634,#7644,.T.);
#7642 = VERTEX_POINT('',#7643);
#7643 = CARTESIAN_POINT('',(15.75,2.35,1.));
#7644 = LINE('',#7645,#7646);
#7645 = CARTESIAN_POINT('',(15.75,2.35,1.));
#7646 = VECTOR('',#7647,1.);
#7647 = DIRECTION('',(-1.,1.224646799147E-16,0.));
#7648 = ORIENTED_EDGE('',*,*,#7649,.F.);
#7649 = EDGE_CURVE('',#7302,#7642,#7650,.T.);
#7650 = LINE('',#7651,#7652);
#7651 = CARTESIAN_POINT('',(15.75,2.35,0.));
#7652 = VECTOR('',#7653,1.);
#7653 = DIRECTION('',(0.,0.,1.));
#7654 = PLANE('',#7655);
#7655 = AXIS2_PLACEMENT_3D('',#7656,#7657,#7658);
#7656 = CARTESIAN_POINT('',(17.45,2.35,0.));
#7657 = DIRECTION('',(-1.224646799147E-16,-1.,0.));
#7658 = DIRECTION('',(-1.,1.224646799147E-16,0.));
#7659 = ADVANCED_FACE('',(#7660),#7678,.F.);
#7660 = FACE_BOUND('',#7661,.F.);
#7661 = EDGE_LOOP('',(#7662,#7663,#7671,#7677));
#7662 = ORIENTED_EDGE('',*,*,#7034,.T.);
#7663 = ORIENTED_EDGE('',*,*,#7664,.T.);
#7664 = EDGE_CURVE('',#7027,#7665,#7667,.T.);
#7665 = VERTEX_POINT('',#7666);
#7666 = CARTESIAN_POINT('',(16.6,-2.65,1.85));
#7667 = LINE('',#7668,#7669);
#7668 = CARTESIAN_POINT('',(-1.6,-2.65,1.85));
#7669 = VECTOR('',#7670,1.);
#7670 = DIRECTION('',(1.,-1.224646799147E-16,0.));
#7671 = ORIENTED_EDGE('',*,*,#7672,.F.);
#7672 = EDGE_CURVE('',#6617,#7665,#7673,.T.);
#7673 = LINE('',#7674,#7675);
#7674 = CARTESIAN_POINT('',(16.6,-2.65,7.));
#7675 = VECTOR('',#7676,1.);
#7676 = DIRECTION('',(0.,0.,-1.));
#7677 = ORIENTED_EDGE('',*,*,#6624,.F.);
#7678 = PLANE('',#7679);
#7679 = AXIS2_PLACEMENT_3D('',#7680,#7681,#7682);
#7680 = CARTESIAN_POINT('',(-1.6,-2.65,7.));
#7681 = DIRECTION('',(-1.224646799147E-16,-1.,0.));
#7682 = DIRECTION('',(1.,-1.224646799147E-16,0.));
#7683 = ADVANCED_FACE('',(#7684),#7711,.T.);
#7684 = FACE_BOUND('',#7685,.T.);
#7685 = EDGE_LOOP('',(#7686,#7687,#7695,#7703,#7709,#7710));
#7686 = ORIENTED_EDGE('',*,*,#7441,.T.);
#7687 = ORIENTED_EDGE('',*,*,#7688,.T.);
#7688 = EDGE_CURVE('',#7442,#7689,#7691,.T.);
#7689 = VERTEX_POINT('',#7690);
#7690 = CARTESIAN_POINT('',(-0.75,0.5,0.3));
#7691 = LINE('',#7692,#7693);
#7692 = CARTESIAN_POINT('',(-0.75,2.35,1.));
#7693 = VECTOR('',#7694,1.);
#7694 = DIRECTION('',(-1.14539532148E-16,-0.935286257456,-0.353892097416
    ));
#7695 = ORIENTED_EDGE('',*,*,#7696,.T.);
#7696 = EDGE_CURVE('',#7689,#7697,#7699,.T.);
#7697 = VERTEX_POINT('',#7698);
#7698 = CARTESIAN_POINT('',(-0.75,-0.5,0.3));
#7699 = LINE('',#7700,#7701);
#7700 = CARTESIAN_POINT('',(-0.75,0.5,0.3));
#7701 = VECTOR('',#7702,1.);
#7702 = DIRECTION('',(-1.224646799147E-16,-1.,0.));
#7703 = ORIENTED_EDGE('',*,*,#7704,.T.);
#7704 = EDGE_CURVE('',#7697,#6865,#7705,.T.);
#7705 = LINE('',#7706,#7707);
#7706 = CARTESIAN_POINT('',(-0.75,-0.5,0.3));
#7707 = VECTOR('',#7708,1.);
#7708 = DIRECTION('',(-1.190457365237E-16,-0.972082208573,0.234640533104
    ));
#7709 = ORIENTED_EDGE('',*,*,#6872,.T.);
#7710 = ORIENTED_EDGE('',*,*,#7068,.T.);
#7711 = PLANE('',#7712);
#7712 = AXIS2_PLACEMENT_3D('',#7713,#7714,#7715);
#7713 = CARTESIAN_POINT('',(-0.75,-0.515451356496,0.330008245993));
#7714 = DIRECTION('',(1.,-1.224646799147E-16,-1.256256073143E-32));
#7715 = DIRECTION('',(-1.256256073143E-32,1.538469978883E-48,-1.));
#7716 = ADVANCED_FACE('',(#7717),#7735,.F.);
#7717 = FACE_BOUND('',#7718,.F.);
#7718 = EDGE_LOOP('',(#7719,#7727,#7728,#7729));
#7719 = ORIENTED_EDGE('',*,*,#7720,.T.);
#7720 = EDGE_CURVE('',#7721,#7697,#7723,.T.);
#7721 = VERTEX_POINT('',#7722);
#7722 = CARTESIAN_POINT('',(0.75,-0.5,0.3));
#7723 = LINE('',#7724,#7725);
#7724 = CARTESIAN_POINT('',(0.75,-0.5,0.3));
#7725 = VECTOR('',#7726,1.);
#7726 = DIRECTION('',(-1.,1.224646799147E-16,0.));
#7727 = ORIENTED_EDGE('',*,*,#7704,.T.);
#7728 = ORIENTED_EDGE('',*,*,#6864,.F.);
#7729 = ORIENTED_EDGE('',*,*,#7730,.F.);
#7730 = EDGE_CURVE('',#7721,#6857,#7731,.T.);
#7731 = LINE('',#7732,#7733);
#7732 = CARTESIAN_POINT('',(0.75,-0.5,0.3));
#7733 = VECTOR('',#7734,1.);
#7734 = DIRECTION('',(-1.190457365237E-16,-0.972082208573,0.234640533104
    ));
#7735 = PLANE('',#7736);
#7736 = AXIS2_PLACEMENT_3D('',#7737,#7738,#7739);
#7737 = CARTESIAN_POINT('',(0.75,-0.5,0.3));
#7738 = DIRECTION('',(2.87351777816E-17,0.234640533104,0.972082208573));
#7739 = DIRECTION('',(-1.190457365237E-16,-0.972082208573,0.234640533104
    ));
#7740 = ADVANCED_FACE('',(#7741),#7766,.F.);
#7741 = FACE_BOUND('',#7742,.F.);
#7742 = EDGE_LOOP('',(#7743,#7744,#7752,#7758,#7759,#7760));
#7743 = ORIENTED_EDGE('',*,*,#7457,.T.);
#7744 = ORIENTED_EDGE('',*,*,#7745,.T.);
#7745 = EDGE_CURVE('',#7450,#7746,#7748,.T.);
#7746 = VERTEX_POINT('',#7747);
#7747 = CARTESIAN_POINT('',(0.75,0.5,0.3));
#7748 = LINE('',#7749,#7750);
#7749 = CARTESIAN_POINT('',(0.75,2.35,1.));
#7750 = VECTOR('',#7751,1.);
#7751 = DIRECTION('',(-1.14539532148E-16,-0.935286257456,-0.353892097416
    ));
#7752 = ORIENTED_EDGE('',*,*,#7753,.T.);
#7753 = EDGE_CURVE('',#7746,#7721,#7754,.T.);
#7754 = LINE('',#7755,#7756);
#7755 = CARTESIAN_POINT('',(0.75,0.5,0.3));
#7756 = VECTOR('',#7757,1.);
#7757 = DIRECTION('',(-1.224646799147E-16,-1.,0.));
#7758 = ORIENTED_EDGE('',*,*,#7730,.T.);
#7759 = ORIENTED_EDGE('',*,*,#6856,.T.);
#7760 = ORIENTED_EDGE('',*,*,#7761,.T.);
#7761 = EDGE_CURVE('',#6849,#7458,#7762,.T.);
#7762 = LINE('',#7763,#7764);
#7763 = CARTESIAN_POINT('',(0.75,-3.4,0.));
#7764 = VECTOR('',#7765,1.);
#7765 = DIRECTION('',(1.224646799147E-16,1.,0.));
#7766 = PLANE('',#7767);
#7767 = AXIS2_PLACEMENT_3D('',#7768,#7769,#7770);
#7768 = CARTESIAN_POINT('',(0.75,-0.515451356496,0.330008245993));
#7769 = DIRECTION('',(1.,-1.224646799147E-16,-1.256256073143E-32));
#7770 = DIRECTION('',(-1.256256073143E-32,1.538469978883E-48,-1.));
#7771 = ADVANCED_FACE('',(#7772),#7783,.F.);
#7772 = FACE_BOUND('',#7773,.F.);
#7773 = EDGE_LOOP('',(#7774,#7775,#7776,#7782));
#7774 = ORIENTED_EDGE('',*,*,#7761,.F.);
#7775 = ORIENTED_EDGE('',*,*,#6848,.T.);
#7776 = ORIENTED_EDGE('',*,*,#7777,.T.);
#7777 = EDGE_CURVE('',#6841,#7466,#7778,.T.);
#7778 = LINE('',#7779,#7780);
#7779 = CARTESIAN_POINT('',(1.75,-3.4,0.));
#7780 = VECTOR('',#7781,1.);
#7781 = DIRECTION('',(1.224646799147E-16,1.,0.));
#7782 = ORIENTED_EDGE('',*,*,#7465,.T.);
#7783 = PLANE('',#7784);
#7784 = AXIS2_PLACEMENT_3D('',#7785,#7786,#7787);
#7785 = CARTESIAN_POINT('',(7.5,-0.525,0.));
#7786 = DIRECTION('',(0.,0.,1.));
#7787 = DIRECTION('',(-1.,1.224646799147E-16,0.));
#7788 = ADVANCED_FACE('',(#7789),#7816,.T.);
#7789 = FACE_BOUND('',#7790,.T.);
#7790 = EDGE_LOOP('',(#7791,#7792,#7800,#7808,#7814,#7815));
#7791 = ORIENTED_EDGE('',*,*,#7473,.T.);
#7792 = ORIENTED_EDGE('',*,*,#7793,.T.);
#7793 = EDGE_CURVE('',#7474,#7794,#7796,.T.);
#7794 = VERTEX_POINT('',#7795);
#7795 = CARTESIAN_POINT('',(1.75,0.5,0.3));
#7796 = LINE('',#7797,#7798);
#7797 = CARTESIAN_POINT('',(1.75,2.35,1.));
#7798 = VECTOR('',#7799,1.);
#7799 = DIRECTION('',(-1.14539532148E-16,-0.935286257456,-0.353892097416
    ));
#7800 = ORIENTED_EDGE('',*,*,#7801,.T.);
#7801 = EDGE_CURVE('',#7794,#7802,#7804,.T.);
#7802 = VERTEX_POINT('',#7803);
#7803 = CARTESIAN_POINT('',(1.75,-0.5,0.3));
#7804 = LINE('',#7805,#7806);
#7805 = CARTESIAN_POINT('',(1.75,0.5,0.3));
#7806 = VECTOR('',#7807,1.);
#7807 = DIRECTION('',(-1.224646799147E-16,-1.,0.));
#7808 = ORIENTED_EDGE('',*,*,#7809,.T.);
#7809 = EDGE_CURVE('',#7802,#6833,#7810,.T.);
#7810 = LINE('',#7811,#7812);
#7811 = CARTESIAN_POINT('',(1.75,-0.5,0.3));
#7812 = VECTOR('',#7813,1.);
#7813 = DIRECTION('',(-1.190457365237E-16,-0.972082208573,0.234640533104
    ));
#7814 = ORIENTED_EDGE('',*,*,#6840,.T.);
#7815 = ORIENTED_EDGE('',*,*,#7777,.T.);
#7816 = PLANE('',#7817);
#7817 = AXIS2_PLACEMENT_3D('',#7818,#7819,#7820);
#7818 = CARTESIAN_POINT('',(1.75,-0.515451356496,0.330008245993));
#7819 = DIRECTION('',(1.,-1.224646799147E-16,-1.256256073143E-32));
#7820 = DIRECTION('',(-1.256256073143E-32,1.538469978883E-48,-1.));
#7821 = ADVANCED_FACE('',(#7822),#7840,.F.);
#7822 = FACE_BOUND('',#7823,.F.);
#7823 = EDGE_LOOP('',(#7824,#7832,#7833,#7834));
#7824 = ORIENTED_EDGE('',*,*,#7825,.T.);
#7825 = EDGE_CURVE('',#7826,#7802,#7828,.T.);
#7826 = VERTEX_POINT('',#7827);
#7827 = CARTESIAN_POINT('',(3.25,-0.5,0.3));
#7828 = LINE('',#7829,#7830);
#7829 = CARTESIAN_POINT('',(3.25,-0.5,0.3));
#7830 = VECTOR('',#7831,1.);
#7831 = DIRECTION('',(-1.,1.224646799147E-16,0.));
#7832 = ORIENTED_EDGE('',*,*,#7809,.T.);
#7833 = ORIENTED_EDGE('',*,*,#6832,.F.);
#7834 = ORIENTED_EDGE('',*,*,#7835,.F.);
#7835 = EDGE_CURVE('',#7826,#6825,#7836,.T.);
#7836 = LINE('',#7837,#7838);
#7837 = CARTESIAN_POINT('',(3.25,-0.5,0.3));
#7838 = VECTOR('',#7839,1.);
#7839 = DIRECTION('',(-1.190457365237E-16,-0.972082208573,0.234640533104
    ));
#7840 = PLANE('',#7841);
#7841 = AXIS2_PLACEMENT_3D('',#7842,#7843,#7844);
#7842 = CARTESIAN_POINT('',(3.25,-0.5,0.3));
#7843 = DIRECTION('',(2.87351777816E-17,0.234640533104,0.972082208573));
#7844 = DIRECTION('',(-1.190457365237E-16,-0.972082208573,0.234640533104
    ));
#7845 = ADVANCED_FACE('',(#7846),#7871,.F.);
#7846 = FACE_BOUND('',#7847,.F.);
#7847 = EDGE_LOOP('',(#7848,#7849,#7857,#7863,#7864,#7865));
#7848 = ORIENTED_EDGE('',*,*,#7489,.T.);
#7849 = ORIENTED_EDGE('',*,*,#7850,.T.);
#7850 = EDGE_CURVE('',#7482,#7851,#7853,.T.);
#7851 = VERTEX_POINT('',#7852);
#7852 = CARTESIAN_POINT('',(3.25,0.5,0.3));
#7853 = LINE('',#7854,#7855);
#7854 = CARTESIAN_POINT('',(3.25,2.35,1.));
#7855 = VECTOR('',#7856,1.);
#7856 = DIRECTION('',(-1.14539532148E-16,-0.935286257456,-0.353892097416
    ));
#7857 = ORIENTED_EDGE('',*,*,#7858,.T.);
#7858 = EDGE_CURVE('',#7851,#7826,#7859,.T.);
#7859 = LINE('',#7860,#7861);
#7860 = CARTESIAN_POINT('',(3.25,0.5,0.3));
#7861 = VECTOR('',#7862,1.);
#7862 = DIRECTION('',(-1.224646799147E-16,-1.,0.));
#7863 = ORIENTED_EDGE('',*,*,#7835,.T.);
#7864 = ORIENTED_EDGE('',*,*,#6824,.T.);
#7865 = ORIENTED_EDGE('',*,*,#7866,.T.);
#7866 = EDGE_CURVE('',#6817,#7490,#7867,.T.);
#7867 = LINE('',#7868,#7869);
#7868 = CARTESIAN_POINT('',(3.25,-3.4,0.));
#7869 = VECTOR('',#7870,1.);
#7870 = DIRECTION('',(1.224646799147E-16,1.,0.));
#7871 = PLANE('',#7872);
#7872 = AXIS2_PLACEMENT_3D('',#7873,#7874,#7875);
#7873 = CARTESIAN_POINT('',(3.25,-0.515451356496,0.330008245993));
#7874 = DIRECTION('',(1.,-1.224646799147E-16,-1.256256073143E-32));
#7875 = DIRECTION('',(-1.256256073143E-32,1.538469978883E-48,-1.));
#7876 = ADVANCED_FACE('',(#7877),#7888,.F.);
#7877 = FACE_BOUND('',#7878,.F.);
#7878 = EDGE_LOOP('',(#7879,#7880,#7886,#7887));
#7879 = ORIENTED_EDGE('',*,*,#6816,.T.);
#7880 = ORIENTED_EDGE('',*,*,#7881,.T.);
#7881 = EDGE_CURVE('',#6809,#7498,#7882,.T.);
#7882 = LINE('',#7883,#7884);
#7883 = CARTESIAN_POINT('',(4.25,-3.4,0.));
#7884 = VECTOR('',#7885,1.);
#7885 = DIRECTION('',(1.224646799147E-16,1.,0.));
#7886 = ORIENTED_EDGE('',*,*,#7497,.T.);
#7887 = ORIENTED_EDGE('',*,*,#7866,.F.);
#7888 = PLANE('',#7889);
#7889 = AXIS2_PLACEMENT_3D('',#7890,#7891,#7892);
#7890 = CARTESIAN_POINT('',(7.5,-0.525,0.));
#7891 = DIRECTION('',(0.,0.,1.));
#7892 = DIRECTION('',(-1.,1.224646799147E-16,0.));
#7893 = ADVANCED_FACE('',(#7894),#7921,.T.);
#7894 = FACE_BOUND('',#7895,.T.);
#7895 = EDGE_LOOP('',(#7896,#7897,#7905,#7913,#7919,#7920));
#7896 = ORIENTED_EDGE('',*,*,#7505,.T.);
#7897 = ORIENTED_EDGE('',*,*,#7898,.T.);
#7898 = EDGE_CURVE('',#7506,#7899,#7901,.T.);
#7899 = VERTEX_POINT('',#7900);
#7900 = CARTESIAN_POINT('',(4.25,0.5,0.3));
#7901 = LINE('',#7902,#7903);
#7902 = CARTESIAN_POINT('',(4.25,2.35,1.));
#7903 = VECTOR('',#7904,1.);
#7904 = DIRECTION('',(-1.14539532148E-16,-0.935286257456,-0.353892097416
    ));
#7905 = ORIENTED_EDGE('',*,*,#7906,.T.);
#7906 = EDGE_CURVE('',#7899,#7907,#7909,.T.);
#7907 = VERTEX_POINT('',#7908);
#7908 = CARTESIAN_POINT('',(4.25,-0.5,0.3));
#7909 = LINE('',#7910,#7911);
#7910 = CARTESIAN_POINT('',(4.25,0.5,0.3));
#7911 = VECTOR('',#7912,1.);
#7912 = DIRECTION('',(-1.224646799147E-16,-1.,0.));
#7913 = ORIENTED_EDGE('',*,*,#7914,.T.);
#7914 = EDGE_CURVE('',#7907,#6801,#7915,.T.);
#7915 = LINE('',#7916,#7917);
#7916 = CARTESIAN_POINT('',(4.25,-0.5,0.3));
#7917 = VECTOR('',#7918,1.);
#7918 = DIRECTION('',(-1.190457365237E-16,-0.972082208573,0.234640533104
    ));
#7919 = ORIENTED_EDGE('',*,*,#6808,.T.);
#7920 = ORIENTED_EDGE('',*,*,#7881,.T.);
#7921 = PLANE('',#7922);
#7922 = AXIS2_PLACEMENT_3D('',#7923,#7924,#7925);
#7923 = CARTESIAN_POINT('',(4.25,-0.515451356496,0.330008245993));
#7924 = DIRECTION('',(1.,-1.224646799147E-16,-1.256256073143E-32));
#7925 = DIRECTION('',(-1.256256073143E-32,1.538469978883E-48,-1.));
#7926 = ADVANCED_FACE('',(#7927),#7945,.F.);
#7927 = FACE_BOUND('',#7928,.F.);
#7928 = EDGE_LOOP('',(#7929,#7937,#7938,#7939));
#7929 = ORIENTED_EDGE('',*,*,#7930,.T.);
#7930 = EDGE_CURVE('',#7931,#7907,#7933,.T.);
#7931 = VERTEX_POINT('',#7932);
#7932 = CARTESIAN_POINT('',(5.75,-0.5,0.3));
#7933 = LINE('',#7934,#7935);
#7934 = CARTESIAN_POINT('',(5.75,-0.5,0.3));
#7935 = VECTOR('',#7936,1.);
#7936 = DIRECTION('',(-1.,1.224646799147E-16,0.));
#7937 = ORIENTED_EDGE('',*,*,#7914,.T.);
#7938 = ORIENTED_EDGE('',*,*,#6800,.F.);
#7939 = ORIENTED_EDGE('',*,*,#7940,.F.);
#7940 = EDGE_CURVE('',#7931,#6793,#7941,.T.);
#7941 = LINE('',#7942,#7943);
#7942 = CARTESIAN_POINT('',(5.75,-0.5,0.3));
#7943 = VECTOR('',#7944,1.);
#7944 = DIRECTION('',(-1.190457365237E-16,-0.972082208573,0.234640533104
    ));
#7945 = PLANE('',#7946);
#7946 = AXIS2_PLACEMENT_3D('',#7947,#7948,#7949);
#7947 = CARTESIAN_POINT('',(5.75,-0.5,0.3));
#7948 = DIRECTION('',(2.87351777816E-17,0.234640533104,0.972082208573));
#7949 = DIRECTION('',(-1.190457365237E-16,-0.972082208573,0.234640533104
    ));
#7950 = ADVANCED_FACE('',(#7951),#7976,.F.);
#7951 = FACE_BOUND('',#7952,.F.);
#7952 = EDGE_LOOP('',(#7953,#7954,#7962,#7968,#7969,#7970));
#7953 = ORIENTED_EDGE('',*,*,#7521,.T.);
#7954 = ORIENTED_EDGE('',*,*,#7955,.T.);
#7955 = EDGE_CURVE('',#7514,#7956,#7958,.T.);
#7956 = VERTEX_POINT('',#7957);
#7957 = CARTESIAN_POINT('',(5.75,0.5,0.3));
#7958 = LINE('',#7959,#7960);
#7959 = CARTESIAN_POINT('',(5.75,2.35,1.));
#7960 = VECTOR('',#7961,1.);
#7961 = DIRECTION('',(-1.14539532148E-16,-0.935286257456,-0.353892097416
    ));
#7962 = ORIENTED_EDGE('',*,*,#7963,.T.);
#7963 = EDGE_CURVE('',#7956,#7931,#7964,.T.);
#7964 = LINE('',#7965,#7966);
#7965 = CARTESIAN_POINT('',(5.75,0.5,0.3));
#7966 = VECTOR('',#7967,1.);
#7967 = DIRECTION('',(-1.224646799147E-16,-1.,0.));
#7968 = ORIENTED_EDGE('',*,*,#7940,.T.);
#7969 = ORIENTED_EDGE('',*,*,#6792,.T.);
#7970 = ORIENTED_EDGE('',*,*,#7971,.T.);
#7971 = EDGE_CURVE('',#6785,#7522,#7972,.T.);
#7972 = LINE('',#7973,#7974);
#7973 = CARTESIAN_POINT('',(5.75,-3.4,0.));
#7974 = VECTOR('',#7975,1.);
#7975 = DIRECTION('',(1.224646799147E-16,1.,0.));
#7976 = PLANE('',#7977);
#7977 = AXIS2_PLACEMENT_3D('',#7978,#7979,#7980);
#7978 = CARTESIAN_POINT('',(5.75,-0.515451356496,0.330008245993));
#7979 = DIRECTION('',(1.,-1.224646799147E-16,-1.256256073143E-32));
#7980 = DIRECTION('',(-1.256256073143E-32,1.538469978883E-48,-1.));
#7981 = ADVANCED_FACE('',(#7982),#7993,.F.);
#7982 = FACE_BOUND('',#7983,.F.);
#7983 = EDGE_LOOP('',(#7984,#7990,#7991,#7992));
#7984 = ORIENTED_EDGE('',*,*,#7985,.T.);
#7985 = EDGE_CURVE('',#6777,#7530,#7986,.T.);
#7986 = LINE('',#7987,#7988);
#7987 = CARTESIAN_POINT('',(6.75,-3.4,0.));
#7988 = VECTOR('',#7989,1.);
#7989 = DIRECTION('',(1.224646799147E-16,1.,0.));
#7990 = ORIENTED_EDGE('',*,*,#7529,.T.);
#7991 = ORIENTED_EDGE('',*,*,#7971,.F.);
#7992 = ORIENTED_EDGE('',*,*,#6784,.T.);
#7993 = PLANE('',#7994);
#7994 = AXIS2_PLACEMENT_3D('',#7995,#7996,#7997);
#7995 = CARTESIAN_POINT('',(7.5,-0.525,0.));
#7996 = DIRECTION('',(0.,0.,1.));
#7997 = DIRECTION('',(-1.,1.224646799147E-16,0.));
#7998 = ADVANCED_FACE('',(#7999),#8026,.T.);
#7999 = FACE_BOUND('',#8000,.T.);
#8000 = EDGE_LOOP('',(#8001,#8002,#8010,#8018,#8024,#8025));
#8001 = ORIENTED_EDGE('',*,*,#7537,.T.);
#8002 = ORIENTED_EDGE('',*,*,#8003,.T.);
#8003 = EDGE_CURVE('',#7538,#8004,#8006,.T.);
#8004 = VERTEX_POINT('',#8005);
#8005 = CARTESIAN_POINT('',(6.75,0.5,0.3));
#8006 = LINE('',#8007,#8008);
#8007 = CARTESIAN_POINT('',(6.75,2.35,1.));
#8008 = VECTOR('',#8009,1.);
#8009 = DIRECTION('',(-1.14539532148E-16,-0.935286257456,-0.353892097416
    ));
#8010 = ORIENTED_EDGE('',*,*,#8011,.T.);
#8011 = EDGE_CURVE('',#8004,#8012,#8014,.T.);
#8012 = VERTEX_POINT('',#8013);
#8013 = CARTESIAN_POINT('',(6.75,-0.5,0.3));
#8014 = LINE('',#8015,#8016);
#8015 = CARTESIAN_POINT('',(6.75,0.5,0.3));
#8016 = VECTOR('',#8017,1.);
#8017 = DIRECTION('',(-1.224646799147E-16,-1.,0.));
#8018 = ORIENTED_EDGE('',*,*,#8019,.T.);
#8019 = EDGE_CURVE('',#8012,#6769,#8020,.T.);
#8020 = LINE('',#8021,#8022);
#8021 = CARTESIAN_POINT('',(6.75,-0.5,0.3));
#8022 = VECTOR('',#8023,1.);
#8023 = DIRECTION('',(-1.190457365237E-16,-0.972082208573,0.234640533104
    ));
#8024 = ORIENTED_EDGE('',*,*,#6776,.T.);
#8025 = ORIENTED_EDGE('',*,*,#7985,.T.);
#8026 = PLANE('',#8027);
#8027 = AXIS2_PLACEMENT_3D('',#8028,#8029,#8030);
#8028 = CARTESIAN_POINT('',(6.75,-0.515451356496,0.330008245993));
#8029 = DIRECTION('',(1.,-1.224646799147E-16,-1.256256073143E-32));
#8030 = DIRECTION('',(-1.256256073143E-32,1.538469978883E-48,-1.));
#8031 = ADVANCED_FACE('',(#8032),#8050,.F.);
#8032 = FACE_BOUND('',#8033,.F.);
#8033 = EDGE_LOOP('',(#8034,#8042,#8043,#8044));
#8034 = ORIENTED_EDGE('',*,*,#8035,.T.);
#8035 = EDGE_CURVE('',#8036,#8012,#8038,.T.);
#8036 = VERTEX_POINT('',#8037);
#8037 = CARTESIAN_POINT('',(8.25,-0.5,0.3));
#8038 = LINE('',#8039,#8040);
#8039 = CARTESIAN_POINT('',(8.25,-0.5,0.3));
#8040 = VECTOR('',#8041,1.);
#8041 = DIRECTION('',(-1.,1.224646799147E-16,0.));
#8042 = ORIENTED_EDGE('',*,*,#8019,.T.);
#8043 = ORIENTED_EDGE('',*,*,#6768,.F.);
#8044 = ORIENTED_EDGE('',*,*,#8045,.F.);
#8045 = EDGE_CURVE('',#8036,#6761,#8046,.T.);
#8046 = LINE('',#8047,#8048);
#8047 = CARTESIAN_POINT('',(8.25,-0.5,0.3));
#8048 = VECTOR('',#8049,1.);
#8049 = DIRECTION('',(-1.190457365237E-16,-0.972082208573,0.234640533104
    ));
#8050 = PLANE('',#8051);
#8051 = AXIS2_PLACEMENT_3D('',#8052,#8053,#8054);
#8052 = CARTESIAN_POINT('',(8.25,-0.5,0.3));
#8053 = DIRECTION('',(2.87351777816E-17,0.234640533104,0.972082208573));
#8054 = DIRECTION('',(-1.190457365237E-16,-0.972082208573,0.234640533104
    ));
#8055 = ADVANCED_FACE('',(#8056),#8081,.F.);
#8056 = FACE_BOUND('',#8057,.F.);
#8057 = EDGE_LOOP('',(#8058,#8059,#8067,#8073,#8074,#8075));
#8058 = ORIENTED_EDGE('',*,*,#7553,.T.);
#8059 = ORIENTED_EDGE('',*,*,#8060,.T.);
#8060 = EDGE_CURVE('',#7546,#8061,#8063,.T.);
#8061 = VERTEX_POINT('',#8062);
#8062 = CARTESIAN_POINT('',(8.25,0.5,0.3));
#8063 = LINE('',#8064,#8065);
#8064 = CARTESIAN_POINT('',(8.25,2.35,1.));
#8065 = VECTOR('',#8066,1.);
#8066 = DIRECTION('',(-1.14539532148E-16,-0.935286257456,-0.353892097416
    ));
#8067 = ORIENTED_EDGE('',*,*,#8068,.T.);
#8068 = EDGE_CURVE('',#8061,#8036,#8069,.T.);
#8069 = LINE('',#8070,#8071);
#8070 = CARTESIAN_POINT('',(8.25,0.5,0.3));
#8071 = VECTOR('',#8072,1.);
#8072 = DIRECTION('',(-1.224646799147E-16,-1.,0.));
#8073 = ORIENTED_EDGE('',*,*,#8045,.T.);
#8074 = ORIENTED_EDGE('',*,*,#6760,.T.);
#8075 = ORIENTED_EDGE('',*,*,#8076,.T.);
#8076 = EDGE_CURVE('',#6753,#7554,#8077,.T.);
#8077 = LINE('',#8078,#8079);
#8078 = CARTESIAN_POINT('',(8.25,-3.4,0.));
#8079 = VECTOR('',#8080,1.);
#8080 = DIRECTION('',(1.224646799147E-16,1.,0.));
#8081 = PLANE('',#8082);
#8082 = AXIS2_PLACEMENT_3D('',#8083,#8084,#8085);
#8083 = CARTESIAN_POINT('',(8.25,-0.515451356496,0.330008245993));
#8084 = DIRECTION('',(1.,-1.224646799147E-16,-1.256256073143E-32));
#8085 = DIRECTION('',(-1.256256073143E-32,1.538469978883E-48,-1.));
#8086 = ADVANCED_FACE('',(#8087),#8098,.F.);
#8087 = FACE_BOUND('',#8088,.F.);
#8088 = EDGE_LOOP('',(#8089,#8090,#8091,#8092));
#8089 = ORIENTED_EDGE('',*,*,#7561,.T.);
#8090 = ORIENTED_EDGE('',*,*,#8076,.F.);
#8091 = ORIENTED_EDGE('',*,*,#6752,.T.);
#8092 = ORIENTED_EDGE('',*,*,#8093,.T.);
#8093 = EDGE_CURVE('',#6745,#7562,#8094,.T.);
#8094 = LINE('',#8095,#8096);
#8095 = CARTESIAN_POINT('',(9.25,-3.4,0.));
#8096 = VECTOR('',#8097,1.);
#8097 = DIRECTION('',(1.224646799147E-16,1.,0.));
#8098 = PLANE('',#8099);
#8099 = AXIS2_PLACEMENT_3D('',#8100,#8101,#8102);
#8100 = CARTESIAN_POINT('',(7.5,-0.525,0.));
#8101 = DIRECTION('',(0.,0.,1.));
#8102 = DIRECTION('',(-1.,1.224646799147E-16,0.));
#8103 = ADVANCED_FACE('',(#8104),#8131,.T.);
#8104 = FACE_BOUND('',#8105,.T.);
#8105 = EDGE_LOOP('',(#8106,#8107,#8115,#8123,#8129,#8130));
#8106 = ORIENTED_EDGE('',*,*,#7569,.T.);
#8107 = ORIENTED_EDGE('',*,*,#8108,.T.);
#8108 = EDGE_CURVE('',#7570,#8109,#8111,.T.);
#8109 = VERTEX_POINT('',#8110);
#8110 = CARTESIAN_POINT('',(9.25,0.5,0.3));
#8111 = LINE('',#8112,#8113);
#8112 = CARTESIAN_POINT('',(9.25,2.35,1.));
#8113 = VECTOR('',#8114,1.);
#8114 = DIRECTION('',(-1.14539532148E-16,-0.935286257456,-0.353892097416
    ));
#8115 = ORIENTED_EDGE('',*,*,#8116,.T.);
#8116 = EDGE_CURVE('',#8109,#8117,#8119,.T.);
#8117 = VERTEX_POINT('',#8118);
#8118 = CARTESIAN_POINT('',(9.25,-0.5,0.3));
#8119 = LINE('',#8120,#8121);
#8120 = CARTESIAN_POINT('',(9.25,0.5,0.3));
#8121 = VECTOR('',#8122,1.);
#8122 = DIRECTION('',(-1.224646799147E-16,-1.,0.));
#8123 = ORIENTED_EDGE('',*,*,#8124,.T.);
#8124 = EDGE_CURVE('',#8117,#6737,#8125,.T.);
#8125 = LINE('',#8126,#8127);
#8126 = CARTESIAN_POINT('',(9.25,-0.5,0.3));
#8127 = VECTOR('',#8128,1.);
#8128 = DIRECTION('',(-1.190457365237E-16,-0.972082208573,0.234640533104
    ));
#8129 = ORIENTED_EDGE('',*,*,#6744,.T.);
#8130 = ORIENTED_EDGE('',*,*,#8093,.T.);
#8131 = PLANE('',#8132);
#8132 = AXIS2_PLACEMENT_3D('',#8133,#8134,#8135);
#8133 = CARTESIAN_POINT('',(9.25,-0.515451356496,0.330008245993));
#8134 = DIRECTION('',(1.,-1.224646799147E-16,-1.256256073143E-32));
#8135 = DIRECTION('',(-1.256256073143E-32,1.538469978883E-48,-1.));
#8136 = ADVANCED_FACE('',(#8137),#8155,.F.);
#8137 = FACE_BOUND('',#8138,.F.);
#8138 = EDGE_LOOP('',(#8139,#8147,#8148,#8149));
#8139 = ORIENTED_EDGE('',*,*,#8140,.T.);
#8140 = EDGE_CURVE('',#8141,#8117,#8143,.T.);
#8141 = VERTEX_POINT('',#8142);
#8142 = CARTESIAN_POINT('',(10.75,-0.5,0.3));
#8143 = LINE('',#8144,#8145);
#8144 = CARTESIAN_POINT('',(10.75,-0.5,0.3));
#8145 = VECTOR('',#8146,1.);
#8146 = DIRECTION('',(-1.,1.224646799147E-16,0.));
#8147 = ORIENTED_EDGE('',*,*,#8124,.T.);
#8148 = ORIENTED_EDGE('',*,*,#6736,.F.);
#8149 = ORIENTED_EDGE('',*,*,#8150,.F.);
#8150 = EDGE_CURVE('',#8141,#6729,#8151,.T.);
#8151 = LINE('',#8152,#8153);
#8152 = CARTESIAN_POINT('',(10.75,-0.5,0.3));
#8153 = VECTOR('',#8154,1.);
#8154 = DIRECTION('',(-1.190457365237E-16,-0.972082208573,0.234640533104
    ));
#8155 = PLANE('',#8156);
#8156 = AXIS2_PLACEMENT_3D('',#8157,#8158,#8159);
#8157 = CARTESIAN_POINT('',(10.75,-0.5,0.3));
#8158 = DIRECTION('',(2.87351777816E-17,0.234640533104,0.972082208573));
#8159 = DIRECTION('',(-1.190457365237E-16,-0.972082208573,0.234640533104
    ));
#8160 = ADVANCED_FACE('',(#8161),#8186,.F.);
#8161 = FACE_BOUND('',#8162,.F.);
#8162 = EDGE_LOOP('',(#8163,#8164,#8172,#8178,#8179,#8180));
#8163 = ORIENTED_EDGE('',*,*,#7585,.T.);
#8164 = ORIENTED_EDGE('',*,*,#8165,.T.);
#8165 = EDGE_CURVE('',#7578,#8166,#8168,.T.);
#8166 = VERTEX_POINT('',#8167);
#8167 = CARTESIAN_POINT('',(10.75,0.5,0.3));
#8168 = LINE('',#8169,#8170);
#8169 = CARTESIAN_POINT('',(10.75,2.35,1.));
#8170 = VECTOR('',#8171,1.);
#8171 = DIRECTION('',(-1.14539532148E-16,-0.935286257456,-0.353892097416
    ));
#8172 = ORIENTED_EDGE('',*,*,#8173,.T.);
#8173 = EDGE_CURVE('',#8166,#8141,#8174,.T.);
#8174 = LINE('',#8175,#8176);
#8175 = CARTESIAN_POINT('',(10.75,0.5,0.3));
#8176 = VECTOR('',#8177,1.);
#8177 = DIRECTION('',(-1.224646799147E-16,-1.,0.));
#8178 = ORIENTED_EDGE('',*,*,#8150,.T.);
#8179 = ORIENTED_EDGE('',*,*,#6728,.T.);
#8180 = ORIENTED_EDGE('',*,*,#8181,.T.);
#8181 = EDGE_CURVE('',#6721,#7586,#8182,.T.);
#8182 = LINE('',#8183,#8184);
#8183 = CARTESIAN_POINT('',(10.75,-3.4,0.));
#8184 = VECTOR('',#8185,1.);
#8185 = DIRECTION('',(1.224646799147E-16,1.,0.));
#8186 = PLANE('',#8187);
#8187 = AXIS2_PLACEMENT_3D('',#8188,#8189,#8190);
#8188 = CARTESIAN_POINT('',(10.75,-0.515451356496,0.330008245993));
#8189 = DIRECTION('',(1.,-1.224646799147E-16,-1.256256073143E-32));
#8190 = DIRECTION('',(-1.256256073143E-32,1.538469978883E-48,-1.));
#8191 = ADVANCED_FACE('',(#8192),#8203,.F.);
#8192 = FACE_BOUND('',#8193,.F.);
#8193 = EDGE_LOOP('',(#8194,#8195,#8196,#8202));
#8194 = ORIENTED_EDGE('',*,*,#8181,.F.);
#8195 = ORIENTED_EDGE('',*,*,#6720,.T.);
#8196 = ORIENTED_EDGE('',*,*,#8197,.T.);
#8197 = EDGE_CURVE('',#6713,#7594,#8198,.T.);
#8198 = LINE('',#8199,#8200);
#8199 = CARTESIAN_POINT('',(11.75,-3.4,0.));
#8200 = VECTOR('',#8201,1.);
#8201 = DIRECTION('',(1.224646799147E-16,1.,0.));
#8202 = ORIENTED_EDGE('',*,*,#7593,.T.);
#8203 = PLANE('',#8204);
#8204 = AXIS2_PLACEMENT_3D('',#8205,#8206,#8207);
#8205 = CARTESIAN_POINT('',(7.5,-0.525,0.));
#8206 = DIRECTION('',(0.,0.,1.));
#8207 = DIRECTION('',(-1.,1.224646799147E-16,0.));
#8208 = ADVANCED_FACE('',(#8209),#8236,.T.);
#8209 = FACE_BOUND('',#8210,.T.);
#8210 = EDGE_LOOP('',(#8211,#8212,#8220,#8228,#8234,#8235));
#8211 = ORIENTED_EDGE('',*,*,#7601,.T.);
#8212 = ORIENTED_EDGE('',*,*,#8213,.T.);
#8213 = EDGE_CURVE('',#7602,#8214,#8216,.T.);
#8214 = VERTEX_POINT('',#8215);
#8215 = CARTESIAN_POINT('',(11.75,0.5,0.3));
#8216 = LINE('',#8217,#8218);
#8217 = CARTESIAN_POINT('',(11.75,2.35,1.));
#8218 = VECTOR('',#8219,1.);
#8219 = DIRECTION('',(-1.14539532148E-16,-0.935286257456,-0.353892097416
    ));
#8220 = ORIENTED_EDGE('',*,*,#8221,.T.);
#8221 = EDGE_CURVE('',#8214,#8222,#8224,.T.);
#8222 = VERTEX_POINT('',#8223);
#8223 = CARTESIAN_POINT('',(11.75,-0.5,0.3));
#8224 = LINE('',#8225,#8226);
#8225 = CARTESIAN_POINT('',(11.75,0.5,0.3));
#8226 = VECTOR('',#8227,1.);
#8227 = DIRECTION('',(-1.224646799147E-16,-1.,0.));
#8228 = ORIENTED_EDGE('',*,*,#8229,.T.);
#8229 = EDGE_CURVE('',#8222,#6705,#8230,.T.);
#8230 = LINE('',#8231,#8232);
#8231 = CARTESIAN_POINT('',(11.75,-0.5,0.3));
#8232 = VECTOR('',#8233,1.);
#8233 = DIRECTION('',(-1.190457365237E-16,-0.972082208573,0.234640533104
    ));
#8234 = ORIENTED_EDGE('',*,*,#6712,.T.);
#8235 = ORIENTED_EDGE('',*,*,#8197,.T.);
#8236 = PLANE('',#8237);
#8237 = AXIS2_PLACEMENT_3D('',#8238,#8239,#8240);
#8238 = CARTESIAN_POINT('',(11.75,-0.515451356496,0.330008245993));
#8239 = DIRECTION('',(1.,-1.224646799147E-16,-1.256256073143E-32));
#8240 = DIRECTION('',(-1.256256073143E-32,1.538469978883E-48,-1.));
#8241 = ADVANCED_FACE('',(#8242),#8260,.F.);
#8242 = FACE_BOUND('',#8243,.F.);
#8243 = EDGE_LOOP('',(#8244,#8252,#8253,#8254));
#8244 = ORIENTED_EDGE('',*,*,#8245,.T.);
#8245 = EDGE_CURVE('',#8246,#8222,#8248,.T.);
#8246 = VERTEX_POINT('',#8247);
#8247 = CARTESIAN_POINT('',(13.25,-0.5,0.3));
#8248 = LINE('',#8249,#8250);
#8249 = CARTESIAN_POINT('',(13.25,-0.5,0.3));
#8250 = VECTOR('',#8251,1.);
#8251 = DIRECTION('',(-1.,1.224646799147E-16,0.));
#8252 = ORIENTED_EDGE('',*,*,#8229,.T.);
#8253 = ORIENTED_EDGE('',*,*,#6704,.F.);
#8254 = ORIENTED_EDGE('',*,*,#8255,.F.);
#8255 = EDGE_CURVE('',#8246,#6697,#8256,.T.);
#8256 = LINE('',#8257,#8258);
#8257 = CARTESIAN_POINT('',(13.25,-0.5,0.3));
#8258 = VECTOR('',#8259,1.);
#8259 = DIRECTION('',(-1.190457365237E-16,-0.972082208573,0.234640533104
    ));
#8260 = PLANE('',#8261);
#8261 = AXIS2_PLACEMENT_3D('',#8262,#8263,#8264);
#8262 = CARTESIAN_POINT('',(13.25,-0.5,0.3));
#8263 = DIRECTION('',(2.87351777816E-17,0.234640533104,0.972082208573));
#8264 = DIRECTION('',(-1.190457365237E-16,-0.972082208573,0.234640533104
    ));
#8265 = ADVANCED_FACE('',(#8266),#8291,.F.);
#8266 = FACE_BOUND('',#8267,.F.);
#8267 = EDGE_LOOP('',(#8268,#8269,#8277,#8283,#8284,#8285));
#8268 = ORIENTED_EDGE('',*,*,#7617,.T.);
#8269 = ORIENTED_EDGE('',*,*,#8270,.T.);
#8270 = EDGE_CURVE('',#7610,#8271,#8273,.T.);
#8271 = VERTEX_POINT('',#8272);
#8272 = CARTESIAN_POINT('',(13.25,0.5,0.3));
#8273 = LINE('',#8274,#8275);
#8274 = CARTESIAN_POINT('',(13.25,2.35,1.));
#8275 = VECTOR('',#8276,1.);
#8276 = DIRECTION('',(-1.14539532148E-16,-0.935286257456,-0.353892097416
    ));
#8277 = ORIENTED_EDGE('',*,*,#8278,.T.);
#8278 = EDGE_CURVE('',#8271,#8246,#8279,.T.);
#8279 = LINE('',#8280,#8281);
#8280 = CARTESIAN_POINT('',(13.25,0.5,0.3));
#8281 = VECTOR('',#8282,1.);
#8282 = DIRECTION('',(-1.224646799147E-16,-1.,0.));
#8283 = ORIENTED_EDGE('',*,*,#8255,.T.);
#8284 = ORIENTED_EDGE('',*,*,#6696,.T.);
#8285 = ORIENTED_EDGE('',*,*,#8286,.T.);
#8286 = EDGE_CURVE('',#6689,#7618,#8287,.T.);
#8287 = LINE('',#8288,#8289);
#8288 = CARTESIAN_POINT('',(13.25,-3.4,0.));
#8289 = VECTOR('',#8290,1.);
#8290 = DIRECTION('',(1.224646799147E-16,1.,0.));
#8291 = PLANE('',#8292);
#8292 = AXIS2_PLACEMENT_3D('',#8293,#8294,#8295);
#8293 = CARTESIAN_POINT('',(13.25,-0.515451356496,0.330008245993));
#8294 = DIRECTION('',(1.,-1.224646799147E-16,-1.256256073143E-32));
#8295 = DIRECTION('',(-1.256256073143E-32,1.538469978883E-48,-1.));
#8296 = ADVANCED_FACE('',(#8297),#8308,.F.);
#8297 = FACE_BOUND('',#8298,.F.);
#8298 = EDGE_LOOP('',(#8299,#8300,#8306,#8307));
#8299 = ORIENTED_EDGE('',*,*,#6688,.T.);
#8300 = ORIENTED_EDGE('',*,*,#8301,.T.);
#8301 = EDGE_CURVE('',#6681,#7626,#8302,.T.);
#8302 = LINE('',#8303,#8304);
#8303 = CARTESIAN_POINT('',(14.25,-3.4,0.));
#8304 = VECTOR('',#8305,1.);
#8305 = DIRECTION('',(1.224646799147E-16,1.,0.));
#8306 = ORIENTED_EDGE('',*,*,#7625,.T.);
#8307 = ORIENTED_EDGE('',*,*,#8286,.F.);
#8308 = PLANE('',#8309);
#8309 = AXIS2_PLACEMENT_3D('',#8310,#8311,#8312);
#8310 = CARTESIAN_POINT('',(7.5,-0.525,0.));
#8311 = DIRECTION('',(0.,0.,1.));
#8312 = DIRECTION('',(-1.,1.224646799147E-16,0.));
#8313 = ADVANCED_FACE('',(#8314),#8341,.T.);
#8314 = FACE_BOUND('',#8315,.T.);
#8315 = EDGE_LOOP('',(#8316,#8317,#8325,#8333,#8339,#8340));
#8316 = ORIENTED_EDGE('',*,*,#7633,.T.);
#8317 = ORIENTED_EDGE('',*,*,#8318,.T.);
#8318 = EDGE_CURVE('',#7634,#8319,#8321,.T.);
#8319 = VERTEX_POINT('',#8320);
#8320 = CARTESIAN_POINT('',(14.25,0.5,0.3));
#8321 = LINE('',#8322,#8323);
#8322 = CARTESIAN_POINT('',(14.25,2.35,1.));
#8323 = VECTOR('',#8324,1.);
#8324 = DIRECTION('',(-1.14539532148E-16,-0.935286257456,-0.353892097416
    ));
#8325 = ORIENTED_EDGE('',*,*,#8326,.T.);
#8326 = EDGE_CURVE('',#8319,#8327,#8329,.T.);
#8327 = VERTEX_POINT('',#8328);
#8328 = CARTESIAN_POINT('',(14.25,-0.5,0.3));
#8329 = LINE('',#8330,#8331);
#8330 = CARTESIAN_POINT('',(14.25,0.5,0.3));
#8331 = VECTOR('',#8332,1.);
#8332 = DIRECTION('',(-1.224646799147E-16,-1.,0.));
#8333 = ORIENTED_EDGE('',*,*,#8334,.T.);
#8334 = EDGE_CURVE('',#8327,#6673,#8335,.T.);
#8335 = LINE('',#8336,#8337);
#8336 = CARTESIAN_POINT('',(14.25,-0.5,0.3));
#8337 = VECTOR('',#8338,1.);
#8338 = DIRECTION('',(-1.190457365237E-16,-0.972082208573,0.234640533104
    ));
#8339 = ORIENTED_EDGE('',*,*,#6680,.T.);
#8340 = ORIENTED_EDGE('',*,*,#8301,.T.);
#8341 = PLANE('',#8342);
#8342 = AXIS2_PLACEMENT_3D('',#8343,#8344,#8345);
#8343 = CARTESIAN_POINT('',(14.25,-0.515451356496,0.330008245993));
#8344 = DIRECTION('',(1.,-1.224646799147E-16,-1.256256073143E-32));
#8345 = DIRECTION('',(-1.256256073143E-32,1.538469978883E-48,-1.));
#8346 = ADVANCED_FACE('',(#8347),#8365,.F.);
#8347 = FACE_BOUND('',#8348,.F.);
#8348 = EDGE_LOOP('',(#8349,#8357,#8358,#8359));
#8349 = ORIENTED_EDGE('',*,*,#8350,.T.);
#8350 = EDGE_CURVE('',#8351,#8327,#8353,.T.);
#8351 = VERTEX_POINT('',#8352);
#8352 = CARTESIAN_POINT('',(15.75,-0.5,0.3));
#8353 = LINE('',#8354,#8355);
#8354 = CARTESIAN_POINT('',(15.75,-0.5,0.3));
#8355 = VECTOR('',#8356,1.);
#8356 = DIRECTION('',(-1.,1.224646799147E-16,0.));
#8357 = ORIENTED_EDGE('',*,*,#8334,.T.);
#8358 = ORIENTED_EDGE('',*,*,#6672,.F.);
#8359 = ORIENTED_EDGE('',*,*,#8360,.F.);
#8360 = EDGE_CURVE('',#8351,#6665,#8361,.T.);
#8361 = LINE('',#8362,#8363);
#8362 = CARTESIAN_POINT('',(15.75,-0.5,0.3));
#8363 = VECTOR('',#8364,1.);
#8364 = DIRECTION('',(-1.190457365237E-16,-0.972082208573,0.234640533104
    ));
#8365 = PLANE('',#8366);
#8366 = AXIS2_PLACEMENT_3D('',#8367,#8368,#8369);
#8367 = CARTESIAN_POINT('',(15.75,-0.5,0.3));
#8368 = DIRECTION('',(2.87351777816E-17,0.234640533104,0.972082208573));
#8369 = DIRECTION('',(-1.190457365237E-16,-0.972082208573,0.234640533104
    ));
#8370 = ADVANCED_FACE('',(#8371),#8396,.F.);
#8371 = FACE_BOUND('',#8372,.F.);
#8372 = EDGE_LOOP('',(#8373,#8374,#8382,#8388,#8389,#8390));
#8373 = ORIENTED_EDGE('',*,*,#7649,.T.);
#8374 = ORIENTED_EDGE('',*,*,#8375,.T.);
#8375 = EDGE_CURVE('',#7642,#8376,#8378,.T.);
#8376 = VERTEX_POINT('',#8377);
#8377 = CARTESIAN_POINT('',(15.75,0.5,0.3));
#8378 = LINE('',#8379,#8380);
#8379 = CARTESIAN_POINT('',(15.75,2.35,1.));
#8380 = VECTOR('',#8381,1.);
#8381 = DIRECTION('',(-1.14539532148E-16,-0.935286257456,-0.353892097416
    ));
#8382 = ORIENTED_EDGE('',*,*,#8383,.T.);
#8383 = EDGE_CURVE('',#8376,#8351,#8384,.T.);
#8384 = LINE('',#8385,#8386);
#8385 = CARTESIAN_POINT('',(15.75,0.5,0.3));
#8386 = VECTOR('',#8387,1.);
#8387 = DIRECTION('',(-1.224646799147E-16,-1.,0.));
#8388 = ORIENTED_EDGE('',*,*,#8360,.T.);
#8389 = ORIENTED_EDGE('',*,*,#6664,.T.);
#8390 = ORIENTED_EDGE('',*,*,#8391,.T.);
#8391 = EDGE_CURVE('',#6657,#7302,#8392,.T.);
#8392 = LINE('',#8393,#8394);
#8393 = CARTESIAN_POINT('',(15.75,-3.4,0.));
#8394 = VECTOR('',#8395,1.);
#8395 = DIRECTION('',(1.224646799147E-16,1.,0.));
#8396 = PLANE('',#8397);
#8397 = AXIS2_PLACEMENT_3D('',#8398,#8399,#8400);
#8398 = CARTESIAN_POINT('',(15.75,-0.515451356496,0.330008245993));
#8399 = DIRECTION('',(1.,-1.224646799147E-16,-1.256256073143E-32));
#8400 = DIRECTION('',(-1.256256073143E-32,1.538469978883E-48,-1.));
#8401 = ADVANCED_FACE('',(#8402),#8408,.F.);
#8402 = FACE_BOUND('',#8403,.F.);
#8403 = EDGE_LOOP('',(#8404,#8405,#8406,#8407));
#8404 = ORIENTED_EDGE('',*,*,#6910,.T.);
#8405 = ORIENTED_EDGE('',*,*,#7301,.T.);
#8406 = ORIENTED_EDGE('',*,*,#8391,.F.);
#8407 = ORIENTED_EDGE('',*,*,#6656,.T.);
#8408 = PLANE('',#8409);
#8409 = AXIS2_PLACEMENT_3D('',#8410,#8411,#8412);
#8410 = CARTESIAN_POINT('',(7.5,-0.525,0.));
#8411 = DIRECTION('',(0.,0.,1.));
#8412 = DIRECTION('',(-1.,1.224646799147E-16,0.));
#8413 = ADVANCED_FACE('',(#8414),#8441,.F.);
#8414 = FACE_BOUND('',#8415,.F.);
#8415 = EDGE_LOOP('',(#8416,#8417,#8418,#8419,#8425,#8426,#8435));
#8416 = ORIENTED_EDGE('',*,*,#6985,.T.);
#8417 = ORIENTED_EDGE('',*,*,#6896,.F.);
#8418 = ORIENTED_EDGE('',*,*,#7672,.T.);
#8419 = ORIENTED_EDGE('',*,*,#8420,.T.);
#8420 = EDGE_CURVE('',#7665,#7248,#8421,.T.);
#8421 = LINE('',#8422,#8423);
#8422 = CARTESIAN_POINT('',(16.6,-2.65,1.85));
#8423 = VECTOR('',#8424,1.);
#8424 = DIRECTION('',(1.224646799147E-16,1.,0.));
#8425 = ORIENTED_EDGE('',*,*,#7255,.F.);
#8426 = ORIENTED_EDGE('',*,*,#8427,.F.);
#8427 = EDGE_CURVE('',#8428,#7256,#8430,.T.);
#8428 = VERTEX_POINT('',#8429);
#8429 = CARTESIAN_POINT('',(16.6,1.,3.65));
#8430 = CIRCLE('',#8431,0.5);
#8431 = AXIS2_PLACEMENT_3D('',#8432,#8433,#8434);
#8432 = CARTESIAN_POINT('',(16.6,1.,4.15));
#8433 = DIRECTION('',(1.,-1.224646799147E-16,0.));
#8434 = DIRECTION('',(1.224646799147E-16,1.,0.));
#8435 = ORIENTED_EDGE('',*,*,#8436,.T.);
#8436 = EDGE_CURVE('',#8428,#6978,#8437,.T.);
#8437 = LINE('',#8438,#8439);
#8438 = CARTESIAN_POINT('',(16.6,-0.825,3.65));
#8439 = VECTOR('',#8440,1.);
#8440 = DIRECTION('',(-1.224646799147E-16,-1.,0.));
#8441 = PLANE('',#8442);
#8442 = AXIS2_PLACEMENT_3D('',#8443,#8444,#8445);
#8443 = CARTESIAN_POINT('',(16.6,-2.65,7.));
#8444 = DIRECTION('',(1.,-1.224646799147E-16,0.));
#8445 = DIRECTION('',(1.224646799147E-16,1.,0.));
#8446 = ADVANCED_FACE('',(#8447),#8458,.T.);
#8447 = FACE_BOUND('',#8448,.T.);
#8448 = EDGE_LOOP('',(#8449,#8450,#8451,#8452));
#8449 = ORIENTED_EDGE('',*,*,#7108,.F.);
#8450 = ORIENTED_EDGE('',*,*,#6953,.T.);
#8451 = ORIENTED_EDGE('',*,*,#7310,.T.);
#8452 = ORIENTED_EDGE('',*,*,#8453,.T.);
#8453 = EDGE_CURVE('',#7311,#7109,#8454,.T.);
#8454 = LINE('',#8455,#8456);
#8455 = CARTESIAN_POINT('',(15.5,2.35,7.));
#8456 = VECTOR('',#8457,1.);
#8457 = DIRECTION('',(-1.224646799147E-16,-1.,0.));
#8458 = PLANE('',#8459);
#8459 = AXIS2_PLACEMENT_3D('',#8460,#8461,#8462);
#8460 = CARTESIAN_POINT('',(7.5,-0.525,7.));
#8461 = DIRECTION('',(0.,0.,1.));
#8462 = DIRECTION('',(-1.,1.224646799147E-16,0.));
#8463 = ADVANCED_FACE('',(#8464),#8475,.F.);
#8464 = FACE_BOUND('',#8465,.F.);
#8465 = EDGE_LOOP('',(#8466,#8472,#8473,#8474));
#8466 = ORIENTED_EDGE('',*,*,#8467,.T.);
#8467 = EDGE_CURVE('',#6929,#8428,#8468,.T.);
#8468 = LINE('',#8469,#8470);
#8469 = CARTESIAN_POINT('',(17.45,1.,3.65));
#8470 = VECTOR('',#8471,1.);
#8471 = DIRECTION('',(-1.,1.224646799147E-16,0.));
#8472 = ORIENTED_EDGE('',*,*,#8427,.T.);
#8473 = ORIENTED_EDGE('',*,*,#7263,.F.);
#8474 = ORIENTED_EDGE('',*,*,#6936,.T.);
#8475 = CYLINDRICAL_SURFACE('',#8476,0.5);
#8476 = AXIS2_PLACEMENT_3D('',#8477,#8478,#8479);
#8477 = CARTESIAN_POINT('',(17.45,1.,4.15));
#8478 = DIRECTION('',(1.,-1.224646799147E-16,-0.));
#8479 = DIRECTION('',(1.224646799147E-16,1.,0.));
#8480 = ADVANCED_FACE('',(#8481),#8487,.T.);
#8481 = FACE_BOUND('',#8482,.T.);
#8482 = EDGE_LOOP('',(#8483,#8484,#8485,#8486));
#8483 = ORIENTED_EDGE('',*,*,#6928,.F.);
#8484 = ORIENTED_EDGE('',*,*,#8467,.T.);
#8485 = ORIENTED_EDGE('',*,*,#8436,.T.);
#8486 = ORIENTED_EDGE('',*,*,#6977,.F.);
#8487 = PLANE('',#8488);
#8488 = AXIS2_PLACEMENT_3D('',#8489,#8490,#8491);
#8489 = CARTESIAN_POINT('',(17.45,1.,3.65));
#8490 = DIRECTION('',(0.,0.,1.));
#8491 = DIRECTION('',(-1.224646799147E-16,-1.,0.));
#8492 = ADVANCED_FACE('',(#8493,#8499,#8533,#8567,#8601,#8635,#8669,
    #8703),#8737,.T.);
#8493 = FACE_BOUND('',#8494,.T.);
#8494 = EDGE_LOOP('',(#8495,#8496,#8497,#8498));
#8495 = ORIENTED_EDGE('',*,*,#7247,.T.);
#8496 = ORIENTED_EDGE('',*,*,#7026,.T.);
#8497 = ORIENTED_EDGE('',*,*,#7664,.T.);
#8498 = ORIENTED_EDGE('',*,*,#8420,.T.);
#8499 = FACE_BOUND('',#8500,.T.);
#8500 = EDGE_LOOP('',(#8501,#8511,#8519,#8527));
#8501 = ORIENTED_EDGE('',*,*,#8502,.T.);
#8502 = EDGE_CURVE('',#8503,#8505,#8507,.T.);
#8503 = VERTEX_POINT('',#8504);
#8504 = CARTESIAN_POINT('',(9.68,0.32,1.85));
#8505 = VERTEX_POINT('',#8506);
#8506 = CARTESIAN_POINT('',(10.32,0.32,1.85));
#8507 = LINE('',#8508,#8509);
#8508 = CARTESIAN_POINT('',(8.91,0.32,1.85));
#8509 = VECTOR('',#8510,1.);
#8510 = DIRECTION('',(1.,-1.224646799147E-16,-4.654389882564E-32));
#8511 = ORIENTED_EDGE('',*,*,#8512,.T.);
#8512 = EDGE_CURVE('',#8505,#8513,#8515,.T.);
#8513 = VERTEX_POINT('',#8514);
#8514 = CARTESIAN_POINT('',(10.32,-0.32,1.85));
#8515 = LINE('',#8516,#8517);
#8516 = CARTESIAN_POINT('',(10.32,-0.2875,1.85));
#8517 = VECTOR('',#8518,1.);
#8518 = DIRECTION('',(-1.224646799147E-16,-1.,0.));
#8519 = ORIENTED_EDGE('',*,*,#8520,.T.);
#8520 = EDGE_CURVE('',#8513,#8521,#8523,.T.);
#8521 = VERTEX_POINT('',#8522);
#8522 = CARTESIAN_POINT('',(9.68,-0.32,1.85));
#8523 = LINE('',#8524,#8525);
#8524 = CARTESIAN_POINT('',(8.91,-0.32,1.85));
#8525 = VECTOR('',#8526,1.);
#8526 = DIRECTION('',(-1.,1.224646799147E-16,4.654389882564E-32));
#8527 = ORIENTED_EDGE('',*,*,#8528,.F.);
#8528 = EDGE_CURVE('',#8503,#8521,#8529,.T.);
#8529 = LINE('',#8530,#8531);
#8530 = CARTESIAN_POINT('',(9.68,-0.2875,1.85));
#8531 = VECTOR('',#8532,1.);
#8532 = DIRECTION('',(-1.224646799147E-16,-1.,0.));
#8533 = FACE_BOUND('',#8534,.T.);
#8534 = EDGE_LOOP('',(#8535,#8545,#8553,#8561));
#8535 = ORIENTED_EDGE('',*,*,#8536,.T.);
#8536 = EDGE_CURVE('',#8537,#8539,#8541,.T.);
#8537 = VERTEX_POINT('',#8538);
#8538 = CARTESIAN_POINT('',(7.18,0.32,1.85));
#8539 = VERTEX_POINT('',#8540);
#8540 = CARTESIAN_POINT('',(7.82,0.32,1.85));
#8541 = LINE('',#8542,#8543);
#8542 = CARTESIAN_POINT('',(7.66,0.32,1.85));
#8543 = VECTOR('',#8544,1.);
#8544 = DIRECTION('',(1.,-1.224646799147E-16,-4.654389882564E-32));
#8545 = ORIENTED_EDGE('',*,*,#8546,.T.);
#8546 = EDGE_CURVE('',#8539,#8547,#8549,.T.);
#8547 = VERTEX_POINT('',#8548);
#8548 = CARTESIAN_POINT('',(7.82,-0.32,1.85));
#8549 = LINE('',#8550,#8551);
#8550 = CARTESIAN_POINT('',(7.82,-0.2875,1.85));
#8551 = VECTOR('',#8552,1.);
#8552 = DIRECTION('',(-1.224646799147E-16,-1.,0.));
#8553 = ORIENTED_EDGE('',*,*,#8554,.T.);
#8554 = EDGE_CURVE('',#8547,#8555,#8557,.T.);
#8555 = VERTEX_POINT('',#8556);
#8556 = CARTESIAN_POINT('',(7.18,-0.32,1.85));
#8557 = LINE('',#8558,#8559);
#8558 = CARTESIAN_POINT('',(7.66,-0.32,1.85));
#8559 = VECTOR('',#8560,1.);
#8560 = DIRECTION('',(-1.,1.224646799147E-16,4.654389882564E-32));
#8561 = ORIENTED_EDGE('',*,*,#8562,.F.);
#8562 = EDGE_CURVE('',#8537,#8555,#8563,.T.);
#8563 = LINE('',#8564,#8565);
#8564 = CARTESIAN_POINT('',(7.18,-0.2875,1.85));
#8565 = VECTOR('',#8566,1.);
#8566 = DIRECTION('',(-1.224646799147E-16,-1.,0.));
#8567 = FACE_BOUND('',#8568,.T.);
#8568 = EDGE_LOOP('',(#8569,#8579,#8587,#8595));
#8569 = ORIENTED_EDGE('',*,*,#8570,.F.);
#8570 = EDGE_CURVE('',#8571,#8573,#8575,.T.);
#8571 = VERTEX_POINT('',#8572);
#8572 = CARTESIAN_POINT('',(4.68,0.32,1.85));
#8573 = VERTEX_POINT('',#8574);
#8574 = CARTESIAN_POINT('',(4.68,-0.32,1.85));
#8575 = LINE('',#8576,#8577);
#8576 = CARTESIAN_POINT('',(4.68,-0.2875,1.85));
#8577 = VECTOR('',#8578,1.);
#8578 = DIRECTION('',(-1.224646799147E-16,-1.,0.));
#8579 = ORIENTED_EDGE('',*,*,#8580,.T.);
#8580 = EDGE_CURVE('',#8571,#8581,#8583,.T.);
#8581 = VERTEX_POINT('',#8582);
#8582 = CARTESIAN_POINT('',(5.32,0.32,1.85));
#8583 = LINE('',#8584,#8585);
#8584 = CARTESIAN_POINT('',(6.41,0.32,1.85));
#8585 = VECTOR('',#8586,1.);
#8586 = DIRECTION('',(1.,-1.224646799147E-16,-4.654389882564E-32));
#8587 = ORIENTED_EDGE('',*,*,#8588,.T.);
#8588 = EDGE_CURVE('',#8581,#8589,#8591,.T.);
#8589 = VERTEX_POINT('',#8590);
#8590 = CARTESIAN_POINT('',(5.32,-0.32,1.85));
#8591 = LINE('',#8592,#8593);
#8592 = CARTESIAN_POINT('',(5.32,-0.2875,1.85));
#8593 = VECTOR('',#8594,1.);
#8594 = DIRECTION('',(-1.224646799147E-16,-1.,0.));
#8595 = ORIENTED_EDGE('',*,*,#8596,.T.);
#8596 = EDGE_CURVE('',#8589,#8573,#8597,.T.);
#8597 = LINE('',#8598,#8599);
#8598 = CARTESIAN_POINT('',(6.41,-0.32,1.85));
#8599 = VECTOR('',#8600,1.);
#8600 = DIRECTION('',(-1.,1.224646799147E-16,4.654389882564E-32));
#8601 = FACE_BOUND('',#8602,.T.);
#8602 = EDGE_LOOP('',(#8603,#8613,#8621,#8629));
#8603 = ORIENTED_EDGE('',*,*,#8604,.F.);
#8604 = EDGE_CURVE('',#8605,#8607,#8609,.T.);
#8605 = VERTEX_POINT('',#8606);
#8606 = CARTESIAN_POINT('',(2.18,0.32,1.85));
#8607 = VERTEX_POINT('',#8608);
#8608 = CARTESIAN_POINT('',(2.18,-0.32,1.85));
#8609 = LINE('',#8610,#8611);
#8610 = CARTESIAN_POINT('',(2.18,-0.2875,1.85));
#8611 = VECTOR('',#8612,1.);
#8612 = DIRECTION('',(-1.224646799147E-16,-1.,0.));
#8613 = ORIENTED_EDGE('',*,*,#8614,.T.);
#8614 = EDGE_CURVE('',#8605,#8615,#8617,.T.);
#8615 = VERTEX_POINT('',#8616);
#8616 = CARTESIAN_POINT('',(2.82,0.32,1.85));
#8617 = LINE('',#8618,#8619);
#8618 = CARTESIAN_POINT('',(5.16,0.32,1.85));
#8619 = VECTOR('',#8620,1.);
#8620 = DIRECTION('',(1.,-1.224646799147E-16,-4.654389882564E-32));
#8621 = ORIENTED_EDGE('',*,*,#8622,.T.);
#8622 = EDGE_CURVE('',#8615,#8623,#8625,.T.);
#8623 = VERTEX_POINT('',#8624);
#8624 = CARTESIAN_POINT('',(2.82,-0.32,1.85));
#8625 = LINE('',#8626,#8627);
#8626 = CARTESIAN_POINT('',(2.82,-0.2875,1.85));
#8627 = VECTOR('',#8628,1.);
#8628 = DIRECTION('',(-1.224646799147E-16,-1.,0.));
#8629 = ORIENTED_EDGE('',*,*,#8630,.T.);
#8630 = EDGE_CURVE('',#8623,#8607,#8631,.T.);
#8631 = LINE('',#8632,#8633);
#8632 = CARTESIAN_POINT('',(5.16,-0.32,1.85));
#8633 = VECTOR('',#8634,1.);
#8634 = DIRECTION('',(-1.,1.224646799147E-16,4.654389882564E-32));
#8635 = FACE_BOUND('',#8636,.T.);
#8636 = EDGE_LOOP('',(#8637,#8647,#8655,#8663));
#8637 = ORIENTED_EDGE('',*,*,#8638,.F.);
#8638 = EDGE_CURVE('',#8639,#8641,#8643,.T.);
#8639 = VERTEX_POINT('',#8640);
#8640 = CARTESIAN_POINT('',(12.18,0.32,1.85));
#8641 = VERTEX_POINT('',#8642);
#8642 = CARTESIAN_POINT('',(12.18,-0.32,1.85));
#8643 = LINE('',#8644,#8645);
#8644 = CARTESIAN_POINT('',(12.18,-0.2875,1.85));
#8645 = VECTOR('',#8646,1.);
#8646 = DIRECTION('',(-1.224646799147E-16,-1.,0.));
#8647 = ORIENTED_EDGE('',*,*,#8648,.T.);
#8648 = EDGE_CURVE('',#8639,#8649,#8651,.T.);
#8649 = VERTEX_POINT('',#8650);
#8650 = CARTESIAN_POINT('',(12.82,0.32,1.85));
#8651 = LINE('',#8652,#8653);
#8652 = CARTESIAN_POINT('',(10.16,0.32,1.85));
#8653 = VECTOR('',#8654,1.);
#8654 = DIRECTION('',(1.,-1.224646799147E-16,-4.654389882564E-32));
#8655 = ORIENTED_EDGE('',*,*,#8656,.T.);
#8656 = EDGE_CURVE('',#8649,#8657,#8659,.T.);
#8657 = VERTEX_POINT('',#8658);
#8658 = CARTESIAN_POINT('',(12.82,-0.32,1.85));
#8659 = LINE('',#8660,#8661);
#8660 = CARTESIAN_POINT('',(12.82,-0.2875,1.85));
#8661 = VECTOR('',#8662,1.);
#8662 = DIRECTION('',(-1.224646799147E-16,-1.,0.));
#8663 = ORIENTED_EDGE('',*,*,#8664,.T.);
#8664 = EDGE_CURVE('',#8657,#8641,#8665,.T.);
#8665 = LINE('',#8666,#8667);
#8666 = CARTESIAN_POINT('',(10.16,-0.32,1.85));
#8667 = VECTOR('',#8668,1.);
#8668 = DIRECTION('',(-1.,1.224646799147E-16,4.654389882564E-32));
#8669 = FACE_BOUND('',#8670,.T.);
#8670 = EDGE_LOOP('',(#8671,#8681,#8689,#8697));
#8671 = ORIENTED_EDGE('',*,*,#8672,.T.);
#8672 = EDGE_CURVE('',#8673,#8675,#8677,.T.);
#8673 = VERTEX_POINT('',#8674);
#8674 = CARTESIAN_POINT('',(14.68,0.32,1.85));
#8675 = VERTEX_POINT('',#8676);
#8676 = CARTESIAN_POINT('',(15.32,0.32,1.85));
#8677 = LINE('',#8678,#8679);
#8678 = CARTESIAN_POINT('',(11.41,0.32,1.85));
#8679 = VECTOR('',#8680,1.);
#8680 = DIRECTION('',(1.,-1.224646799147E-16,-4.654389882564E-32));
#8681 = ORIENTED_EDGE('',*,*,#8682,.T.);
#8682 = EDGE_CURVE('',#8675,#8683,#8685,.T.);
#8683 = VERTEX_POINT('',#8684);
#8684 = CARTESIAN_POINT('',(15.32,-0.32,1.85));
#8685 = LINE('',#8686,#8687);
#8686 = CARTESIAN_POINT('',(15.32,-0.26920299558,1.85));
#8687 = VECTOR('',#8688,1.);
#8688 = DIRECTION('',(-1.224646799147E-16,-1.,0.));
#8689 = ORIENTED_EDGE('',*,*,#8690,.T.);
#8690 = EDGE_CURVE('',#8683,#8691,#8693,.T.);
#8691 = VERTEX_POINT('',#8692);
#8692 = CARTESIAN_POINT('',(14.68,-0.32,1.85));
#8693 = LINE('',#8694,#8695);
#8694 = CARTESIAN_POINT('',(11.41,-0.32,1.85));
#8695 = VECTOR('',#8696,1.);
#8696 = DIRECTION('',(-1.,1.224646799147E-16,4.654389882564E-32));
#8697 = ORIENTED_EDGE('',*,*,#8698,.F.);
#8698 = EDGE_CURVE('',#8673,#8691,#8699,.T.);
#8699 = LINE('',#8700,#8701);
#8700 = CARTESIAN_POINT('',(14.68,-0.26920299558,1.85));
#8701 = VECTOR('',#8702,1.);
#8702 = DIRECTION('',(-1.224646799147E-16,-1.,0.));
#8703 = FACE_BOUND('',#8704,.T.);
#8704 = EDGE_LOOP('',(#8705,#8715,#8723,#8731));
#8705 = ORIENTED_EDGE('',*,*,#8706,.F.);
#8706 = EDGE_CURVE('',#8707,#8709,#8711,.T.);
#8707 = VERTEX_POINT('',#8708);
#8708 = CARTESIAN_POINT('',(-0.32,0.32,1.85));
#8709 = VERTEX_POINT('',#8710);
#8710 = CARTESIAN_POINT('',(-0.32,-0.32,1.85));
#8711 = LINE('',#8712,#8713);
#8712 = CARTESIAN_POINT('',(-0.32,-0.26920299558,1.85));
#8713 = VECTOR('',#8714,1.);
#8714 = DIRECTION('',(-1.224646799147E-16,-1.,0.));
#8715 = ORIENTED_EDGE('',*,*,#8716,.T.);
#8716 = EDGE_CURVE('',#8707,#8717,#8719,.T.);
#8717 = VERTEX_POINT('',#8718);
#8718 = CARTESIAN_POINT('',(0.32,0.32,1.85));
#8719 = LINE('',#8720,#8721);
#8720 = CARTESIAN_POINT('',(3.91,0.32,1.85));
#8721 = VECTOR('',#8722,1.);
#8722 = DIRECTION('',(1.,-1.224646799147E-16,-4.654389882564E-32));
#8723 = ORIENTED_EDGE('',*,*,#8724,.T.);
#8724 = EDGE_CURVE('',#8717,#8725,#8727,.T.);
#8725 = VERTEX_POINT('',#8726);
#8726 = CARTESIAN_POINT('',(0.32,-0.32,1.85));
#8727 = LINE('',#8728,#8729);
#8728 = CARTESIAN_POINT('',(0.32,-0.26920299558,1.85));
#8729 = VECTOR('',#8730,1.);
#8730 = DIRECTION('',(-1.224646799147E-16,-1.,0.));
#8731 = ORIENTED_EDGE('',*,*,#8732,.T.);
#8732 = EDGE_CURVE('',#8725,#8709,#8733,.T.);
#8733 = LINE('',#8734,#8735);
#8734 = CARTESIAN_POINT('',(3.91,-0.32,1.85));
#8735 = VECTOR('',#8736,1.);
#8736 = DIRECTION('',(-1.,1.224646799147E-16,4.654389882564E-32));
#8737 = PLANE('',#8738);
#8738 = AXIS2_PLACEMENT_3D('',#8739,#8740,#8741);
#8739 = CARTESIAN_POINT('',(7.5,-0.575,1.85));
#8740 = DIRECTION('',(4.654389882564E-32,-5.699983671665E-48,1.));
#8741 = DIRECTION('',(-1.,1.224646799147E-16,4.654389882564E-32));
#8742 = ADVANCED_FACE('',(#8743),#8754,.F.);
#8743 = FACE_BOUND('',#8744,.F.);
#8744 = EDGE_LOOP('',(#8745,#8746,#8752,#8753));
#8745 = ORIENTED_EDGE('',*,*,#7432,.F.);
#8746 = ORIENTED_EDGE('',*,*,#8747,.T.);
#8747 = EDGE_CURVE('',#7425,#7223,#8748,.T.);
#8748 = LINE('',#8749,#8750);
#8749 = CARTESIAN_POINT('',(-0.5,2.35,6.1));
#8750 = VECTOR('',#8751,1.);
#8751 = DIRECTION('',(-1.224646799147E-16,-1.,0.));
#8752 = ORIENTED_EDGE('',*,*,#7230,.F.);
#8753 = ORIENTED_EDGE('',*,*,#7278,.F.);
#8754 = PLANE('',#8755);
#8755 = AXIS2_PLACEMENT_3D('',#8756,#8757,#8758);
#8756 = CARTESIAN_POINT('',(-0.5,2.35,6.1));
#8757 = DIRECTION('',(-1.,1.224646799147E-16,-1.973729821556E-15));
#8758 = DIRECTION('',(-1.973729821556E-15,2.41712190835E-31,1.));
#8759 = ADVANCED_FACE('',(#8760),#8771,.F.);
#8760 = FACE_BOUND('',#8761,.F.);
#8761 = EDGE_LOOP('',(#8762,#8763,#8769,#8770));
#8762 = ORIENTED_EDGE('',*,*,#7424,.F.);
#8763 = ORIENTED_EDGE('',*,*,#8764,.T.);
#8764 = EDGE_CURVE('',#7417,#7215,#8765,.T.);
#8765 = LINE('',#8766,#8767);
#8766 = CARTESIAN_POINT('',(-0.25,2.35,5.85));
#8767 = VECTOR('',#8768,1.);
#8768 = DIRECTION('',(-1.224646799147E-16,-1.,0.));
#8769 = ORIENTED_EDGE('',*,*,#7222,.F.);
#8770 = ORIENTED_EDGE('',*,*,#8747,.F.);
#8771 = PLANE('',#8772);
#8772 = AXIS2_PLACEMENT_3D('',#8773,#8774,#8775);
#8773 = CARTESIAN_POINT('',(-0.25,2.35,5.85));
#8774 = DIRECTION('',(-0.707106781187,8.659560562349E-17,-0.707106781187
    ));
#8775 = DIRECTION('',(-0.707106781187,8.659560562349E-17,0.707106781187)
  );
#8776 = ADVANCED_FACE('',(#8777),#8788,.F.);
#8777 = FACE_BOUND('',#8778,.F.);
#8778 = EDGE_LOOP('',(#8779,#8780,#8786,#8787));
#8779 = ORIENTED_EDGE('',*,*,#7416,.F.);
#8780 = ORIENTED_EDGE('',*,*,#8781,.T.);
#8781 = EDGE_CURVE('',#7409,#7207,#8782,.T.);
#8782 = LINE('',#8783,#8784);
#8783 = CARTESIAN_POINT('',(-0.5,2.35,5.6));
#8784 = VECTOR('',#8785,1.);
#8785 = DIRECTION('',(-1.224646799147E-16,-1.,0.));
#8786 = ORIENTED_EDGE('',*,*,#7214,.F.);
#8787 = ORIENTED_EDGE('',*,*,#8764,.F.);
#8788 = PLANE('',#8789);
#8789 = AXIS2_PLACEMENT_3D('',#8790,#8791,#8792);
#8790 = CARTESIAN_POINT('',(-0.5,2.35,5.6));
#8791 = DIRECTION('',(-0.707106781187,8.659560562349E-17,0.707106781187)
  );
#8792 = DIRECTION('',(0.707106781187,-8.659560562349E-17,0.707106781187)
  );
#8793 = ADVANCED_FACE('',(#8794),#8805,.F.);
#8794 = FACE_BOUND('',#8795,.F.);
#8795 = EDGE_LOOP('',(#8796,#8797,#8803,#8804));
#8796 = ORIENTED_EDGE('',*,*,#7408,.F.);
#8797 = ORIENTED_EDGE('',*,*,#8798,.T.);
#8798 = EDGE_CURVE('',#7400,#7198,#8799,.T.);
#8799 = LINE('',#8800,#8801);
#8800 = CARTESIAN_POINT('',(-0.5,2.35,3.85));
#8801 = VECTOR('',#8802,1.);
#8802 = DIRECTION('',(-1.224646799147E-16,-1.,0.));
#8803 = ORIENTED_EDGE('',*,*,#7206,.F.);
#8804 = ORIENTED_EDGE('',*,*,#8781,.F.);
#8805 = PLANE('',#8806);
#8806 = AXIS2_PLACEMENT_3D('',#8807,#8808,#8809);
#8807 = CARTESIAN_POINT('',(-0.5,2.35,3.1));
#8808 = DIRECTION('',(-1.,1.224646799147E-16,0.));
#8809 = DIRECTION('',(0.,0.,1.));
#8810 = ADVANCED_FACE('',(#8811),#8822,.F.);
#8811 = FACE_BOUND('',#8812,.F.);
#8812 = EDGE_LOOP('',(#8813,#8814,#8815,#8816));
#8813 = ORIENTED_EDGE('',*,*,#7197,.F.);
#8814 = ORIENTED_EDGE('',*,*,#8798,.F.);
#8815 = ORIENTED_EDGE('',*,*,#7399,.F.);
#8816 = ORIENTED_EDGE('',*,*,#8817,.T.);
#8817 = EDGE_CURVE('',#7392,#7190,#8818,.T.);
#8818 = LINE('',#8819,#8820);
#8819 = CARTESIAN_POINT('',(0.25,2.35,3.1));
#8820 = VECTOR('',#8821,1.);
#8821 = DIRECTION('',(-1.224646799147E-16,-1.,0.));
#8822 = CYLINDRICAL_SURFACE('',#8823,0.75);
#8823 = AXIS2_PLACEMENT_3D('',#8824,#8825,#8826);
#8824 = CARTESIAN_POINT('',(0.25,2.35,3.85));
#8825 = DIRECTION('',(-1.224646799147E-16,-1.,0.));
#8826 = DIRECTION('',(-0.,0.,-1.));
#8827 = ADVANCED_FACE('',(#8828),#8839,.F.);
#8828 = FACE_BOUND('',#8829,.F.);
#8829 = EDGE_LOOP('',(#8830,#8831,#8832,#8838));
#8830 = ORIENTED_EDGE('',*,*,#8817,.F.);
#8831 = ORIENTED_EDGE('',*,*,#7391,.F.);
#8832 = ORIENTED_EDGE('',*,*,#8833,.T.);
#8833 = EDGE_CURVE('',#7384,#7182,#8834,.T.);
#8834 = LINE('',#8835,#8836);
#8835 = CARTESIAN_POINT('',(1.,2.35,3.1));
#8836 = VECTOR('',#8837,1.);
#8837 = DIRECTION('',(-1.224646799147E-16,-1.,0.));
#8838 = ORIENTED_EDGE('',*,*,#7189,.F.);
#8839 = PLANE('',#8840);
#8840 = AXIS2_PLACEMENT_3D('',#8841,#8842,#8843);
#8841 = CARTESIAN_POINT('',(1.,2.35,3.1));
#8842 = DIRECTION('',(-0.,0.,-1.));
#8843 = DIRECTION('',(-1.,1.224646799147E-16,0.));
#8844 = ADVANCED_FACE('',(#8845),#8856,.F.);
#8845 = FACE_BOUND('',#8846,.F.);
#8846 = EDGE_LOOP('',(#8847,#8848,#8854,#8855));
#8847 = ORIENTED_EDGE('',*,*,#7383,.F.);
#8848 = ORIENTED_EDGE('',*,*,#8849,.T.);
#8849 = EDGE_CURVE('',#7376,#7174,#8850,.T.);
#8850 = LINE('',#8851,#8852);
#8851 = CARTESIAN_POINT('',(1.,2.35,7.));
#8852 = VECTOR('',#8853,1.);
#8853 = DIRECTION('',(-1.224646799147E-16,-1.,0.));
#8854 = ORIENTED_EDGE('',*,*,#7181,.F.);
#8855 = ORIENTED_EDGE('',*,*,#8833,.F.);
#8856 = PLANE('',#8857);
#8857 = AXIS2_PLACEMENT_3D('',#8858,#8859,#8860);
#8858 = CARTESIAN_POINT('',(1.,2.35,7.));
#8859 = DIRECTION('',(1.,-1.224646799147E-16,0.));
#8860 = DIRECTION('',(0.,-0.,-1.));
#8861 = ADVANCED_FACE('',(#8862),#8873,.T.);
#8862 = FACE_BOUND('',#8863,.T.);
#8863 = EDGE_LOOP('',(#8864,#8865,#8871,#8872));
#8864 = ORIENTED_EDGE('',*,*,#7173,.F.);
#8865 = ORIENTED_EDGE('',*,*,#8866,.F.);
#8866 = EDGE_CURVE('',#7368,#7166,#8867,.T.);
#8867 = LINE('',#8868,#8869);
#8868 = CARTESIAN_POINT('',(14.,2.35,7.));
#8869 = VECTOR('',#8870,1.);
#8870 = DIRECTION('',(-1.224646799147E-16,-1.,0.));
#8871 = ORIENTED_EDGE('',*,*,#7375,.T.);
#8872 = ORIENTED_EDGE('',*,*,#8849,.T.);
#8873 = PLANE('',#8874);
#8874 = AXIS2_PLACEMENT_3D('',#8875,#8876,#8877);
#8875 = CARTESIAN_POINT('',(7.5,-0.525,7.));
#8876 = DIRECTION('',(0.,0.,1.));
#8877 = DIRECTION('',(-1.,1.224646799147E-16,0.));
#8878 = ADVANCED_FACE('',(#8879),#8890,.T.);
#8879 = FACE_BOUND('',#8880,.T.);
#8880 = EDGE_LOOP('',(#8881,#8882,#8883,#8884));
#8881 = ORIENTED_EDGE('',*,*,#7367,.F.);
#8882 = ORIENTED_EDGE('',*,*,#8866,.T.);
#8883 = ORIENTED_EDGE('',*,*,#7165,.F.);
#8884 = ORIENTED_EDGE('',*,*,#8885,.F.);
#8885 = EDGE_CURVE('',#7360,#7158,#8886,.T.);
#8886 = LINE('',#8887,#8888);
#8887 = CARTESIAN_POINT('',(14.,2.35,3.1));
#8888 = VECTOR('',#8889,1.);
#8889 = DIRECTION('',(-1.224646799147E-16,-1.,0.));
#8890 = PLANE('',#8891);
#8891 = AXIS2_PLACEMENT_3D('',#8892,#8893,#8894);
#8892 = CARTESIAN_POINT('',(14.,2.35,7.));
#8893 = DIRECTION('',(1.,-1.224646799147E-16,0.));
#8894 = DIRECTION('',(0.,-0.,-1.));
#8895 = ADVANCED_FACE('',(#8896),#8907,.T.);
#8896 = FACE_BOUND('',#8897,.T.);
#8897 = EDGE_LOOP('',(#8898,#8904,#8905,#8906));
#8898 = ORIENTED_EDGE('',*,*,#8899,.F.);
#8899 = EDGE_CURVE('',#7351,#7149,#8900,.T.);
#8900 = LINE('',#8901,#8902);
#8901 = CARTESIAN_POINT('',(14.75,2.35,3.1));
#8902 = VECTOR('',#8903,1.);
#8903 = DIRECTION('',(-1.224646799147E-16,-1.,0.));
#8904 = ORIENTED_EDGE('',*,*,#7359,.F.);
#8905 = ORIENTED_EDGE('',*,*,#8885,.T.);
#8906 = ORIENTED_EDGE('',*,*,#7157,.F.);
#8907 = PLANE('',#8908);
#8908 = AXIS2_PLACEMENT_3D('',#8909,#8910,#8911);
#8909 = CARTESIAN_POINT('',(14.,2.35,3.1));
#8910 = DIRECTION('',(0.,0.,1.));
#8911 = DIRECTION('',(1.,-1.224646799147E-16,0.));
#8912 = ADVANCED_FACE('',(#8913),#8924,.F.);
#8913 = FACE_BOUND('',#8914,.F.);
#8914 = EDGE_LOOP('',(#8915,#8916,#8917,#8923));
#8915 = ORIENTED_EDGE('',*,*,#8899,.F.);
#8916 = ORIENTED_EDGE('',*,*,#7350,.T.);
#8917 = ORIENTED_EDGE('',*,*,#8918,.T.);
#8918 = EDGE_CURVE('',#7343,#7141,#8919,.T.);
#8919 = LINE('',#8920,#8921);
#8920 = CARTESIAN_POINT('',(15.5,2.35,3.85));
#8921 = VECTOR('',#8922,1.);
#8922 = DIRECTION('',(-1.224646799147E-16,-1.,0.));
#8923 = ORIENTED_EDGE('',*,*,#7148,.F.);
#8924 = CYLINDRICAL_SURFACE('',#8925,0.75);
#8925 = AXIS2_PLACEMENT_3D('',#8926,#8927,#8928);
#8926 = CARTESIAN_POINT('',(14.75,2.35,3.85));
#8927 = DIRECTION('',(-1.224646799147E-16,-1.,0.));
#8928 = DIRECTION('',(0.,-0.,-1.));
#8929 = ADVANCED_FACE('',(#8930),#8941,.T.);
#8930 = FACE_BOUND('',#8931,.T.);
#8931 = EDGE_LOOP('',(#8932,#8933,#8934,#8935));
#8932 = ORIENTED_EDGE('',*,*,#7342,.F.);
#8933 = ORIENTED_EDGE('',*,*,#8918,.T.);
#8934 = ORIENTED_EDGE('',*,*,#7140,.F.);
#8935 = ORIENTED_EDGE('',*,*,#8936,.F.);
#8936 = EDGE_CURVE('',#7335,#7133,#8937,.T.);
#8937 = LINE('',#8938,#8939);
#8938 = CARTESIAN_POINT('',(15.5,2.35,5.6));
#8939 = VECTOR('',#8940,1.);
#8940 = DIRECTION('',(-1.224646799147E-16,-1.,0.));
#8941 = PLANE('',#8942);
#8942 = AXIS2_PLACEMENT_3D('',#8943,#8944,#8945);
#8943 = CARTESIAN_POINT('',(15.5,2.35,3.1));
#8944 = DIRECTION('',(-1.,1.224646799147E-16,0.));
#8945 = DIRECTION('',(0.,0.,1.));
#8946 = ADVANCED_FACE('',(#8947),#8958,.T.);
#8947 = FACE_BOUND('',#8948,.T.);
#8948 = EDGE_LOOP('',(#8949,#8950,#8951,#8952));
#8949 = ORIENTED_EDGE('',*,*,#7334,.F.);
#8950 = ORIENTED_EDGE('',*,*,#8936,.T.);
#8951 = ORIENTED_EDGE('',*,*,#7132,.F.);
#8952 = ORIENTED_EDGE('',*,*,#8953,.F.);
#8953 = EDGE_CURVE('',#7327,#7125,#8954,.T.);
#8954 = LINE('',#8955,#8956);
#8955 = CARTESIAN_POINT('',(15.25,2.35,5.85));
#8956 = VECTOR('',#8957,1.);
#8957 = DIRECTION('',(-1.224646799147E-16,-1.,0.));
#8958 = PLANE('',#8959);
#8959 = AXIS2_PLACEMENT_3D('',#8960,#8961,#8962);
#8960 = CARTESIAN_POINT('',(15.5,2.35,5.6));
#8961 = DIRECTION('',(-0.707106781187,8.659560562349E-17,-0.707106781187
    ));
#8962 = DIRECTION('',(-0.707106781187,8.659560562349E-17,0.707106781187)
  );
#8963 = ADVANCED_FACE('',(#8964),#8975,.T.);
#8964 = FACE_BOUND('',#8965,.T.);
#8965 = EDGE_LOOP('',(#8966,#8967,#8968,#8969));
#8966 = ORIENTED_EDGE('',*,*,#7326,.F.);
#8967 = ORIENTED_EDGE('',*,*,#8953,.T.);
#8968 = ORIENTED_EDGE('',*,*,#7124,.F.);
#8969 = ORIENTED_EDGE('',*,*,#8970,.F.);
#8970 = EDGE_CURVE('',#7319,#7117,#8971,.T.);
#8971 = LINE('',#8972,#8973);
#8972 = CARTESIAN_POINT('',(15.5,2.35,6.1));
#8973 = VECTOR('',#8974,1.);
#8974 = DIRECTION('',(-1.224646799147E-16,-1.,0.));
#8975 = PLANE('',#8976);
#8976 = AXIS2_PLACEMENT_3D('',#8977,#8978,#8979);
#8977 = CARTESIAN_POINT('',(15.25,2.35,5.85));
#8978 = DIRECTION('',(-0.707106781187,8.659560562349E-17,0.707106781187)
  );
#8979 = DIRECTION('',(0.707106781187,-8.659560562349E-17,0.707106781187)
  );
#8980 = ADVANCED_FACE('',(#8981),#8987,.T.);
#8981 = FACE_BOUND('',#8982,.T.);
#8982 = EDGE_LOOP('',(#8983,#8984,#8985,#8986));
#8983 = ORIENTED_EDGE('',*,*,#7318,.F.);
#8984 = ORIENTED_EDGE('',*,*,#8970,.T.);
#8985 = ORIENTED_EDGE('',*,*,#7116,.F.);
#8986 = ORIENTED_EDGE('',*,*,#8453,.F.);
#8987 = PLANE('',#8988);
#8988 = AXIS2_PLACEMENT_3D('',#8989,#8990,#8991);
#8989 = CARTESIAN_POINT('',(15.5,2.35,6.1));
#8990 = DIRECTION('',(-1.,1.224646799147E-16,-9.868649107779E-16));
#8991 = DIRECTION('',(-9.868649107779E-16,1.208560954175E-31,1.));
#8992 = ADVANCED_FACE('',(#8993),#9004,.F.);
#8993 = FACE_BOUND('',#8994,.F.);
#8994 = EDGE_LOOP('',(#8995,#8996,#8997,#9003));
#8995 = ORIENTED_EDGE('',*,*,#7641,.T.);
#8996 = ORIENTED_EDGE('',*,*,#8318,.T.);
#8997 = ORIENTED_EDGE('',*,*,#8998,.F.);
#8998 = EDGE_CURVE('',#8376,#8319,#8999,.T.);
#8999 = LINE('',#9000,#9001);
#9000 = CARTESIAN_POINT('',(15.75,0.5,0.3));
#9001 = VECTOR('',#9002,1.);
#9002 = DIRECTION('',(-1.,1.224646799147E-16,0.));
#9003 = ORIENTED_EDGE('',*,*,#8375,.F.);
#9004 = PLANE('',#9005);
#9005 = AXIS2_PLACEMENT_3D('',#9006,#9007,#9008);
#9006 = CARTESIAN_POINT('',(15.75,2.35,1.));
#9007 = DIRECTION('',(-4.33392824344E-17,-0.353892097416,0.935286257456)
  );
#9008 = DIRECTION('',(-1.14539532148E-16,-0.935286257456,-0.353892097416
    ));
#9009 = ADVANCED_FACE('',(#9010),#9021,.F.);
#9010 = FACE_BOUND('',#9011,.F.);
#9011 = EDGE_LOOP('',(#9012,#9013,#9014,#9020));
#9012 = ORIENTED_EDGE('',*,*,#7609,.T.);
#9013 = ORIENTED_EDGE('',*,*,#8213,.T.);
#9014 = ORIENTED_EDGE('',*,*,#9015,.F.);
#9015 = EDGE_CURVE('',#8271,#8214,#9016,.T.);
#9016 = LINE('',#9017,#9018);
#9017 = CARTESIAN_POINT('',(13.25,0.5,0.3));
#9018 = VECTOR('',#9019,1.);
#9019 = DIRECTION('',(-1.,1.224646799147E-16,0.));
#9020 = ORIENTED_EDGE('',*,*,#8270,.F.);
#9021 = PLANE('',#9022);
#9022 = AXIS2_PLACEMENT_3D('',#9023,#9024,#9025);
#9023 = CARTESIAN_POINT('',(13.25,2.35,1.));
#9024 = DIRECTION('',(-4.33392824344E-17,-0.353892097416,0.935286257456)
  );
#9025 = DIRECTION('',(-1.14539532148E-16,-0.935286257456,-0.353892097416
    ));
#9026 = ADVANCED_FACE('',(#9027),#9038,.F.);
#9027 = FACE_BOUND('',#9028,.F.);
#9028 = EDGE_LOOP('',(#9029,#9030,#9031,#9037));
#9029 = ORIENTED_EDGE('',*,*,#7577,.T.);
#9030 = ORIENTED_EDGE('',*,*,#8108,.T.);
#9031 = ORIENTED_EDGE('',*,*,#9032,.F.);
#9032 = EDGE_CURVE('',#8166,#8109,#9033,.T.);
#9033 = LINE('',#9034,#9035);
#9034 = CARTESIAN_POINT('',(10.75,0.5,0.3));
#9035 = VECTOR('',#9036,1.);
#9036 = DIRECTION('',(-1.,1.224646799147E-16,0.));
#9037 = ORIENTED_EDGE('',*,*,#8165,.F.);
#9038 = PLANE('',#9039);
#9039 = AXIS2_PLACEMENT_3D('',#9040,#9041,#9042);
#9040 = CARTESIAN_POINT('',(10.75,2.35,1.));
#9041 = DIRECTION('',(-4.33392824344E-17,-0.353892097416,0.935286257456)
  );
#9042 = DIRECTION('',(-1.14539532148E-16,-0.935286257456,-0.353892097416
    ));
#9043 = ADVANCED_FACE('',(#9044),#9055,.F.);
#9044 = FACE_BOUND('',#9045,.F.);
#9045 = EDGE_LOOP('',(#9046,#9047,#9048,#9054));
#9046 = ORIENTED_EDGE('',*,*,#7545,.T.);
#9047 = ORIENTED_EDGE('',*,*,#8003,.T.);
#9048 = ORIENTED_EDGE('',*,*,#9049,.F.);
#9049 = EDGE_CURVE('',#8061,#8004,#9050,.T.);
#9050 = LINE('',#9051,#9052);
#9051 = CARTESIAN_POINT('',(8.25,0.5,0.3));
#9052 = VECTOR('',#9053,1.);
#9053 = DIRECTION('',(-1.,1.224646799147E-16,0.));
#9054 = ORIENTED_EDGE('',*,*,#8060,.F.);
#9055 = PLANE('',#9056);
#9056 = AXIS2_PLACEMENT_3D('',#9057,#9058,#9059);
#9057 = CARTESIAN_POINT('',(8.25,2.35,1.));
#9058 = DIRECTION('',(-4.33392824344E-17,-0.353892097416,0.935286257456)
  );
#9059 = DIRECTION('',(-1.14539532148E-16,-0.935286257456,-0.353892097416
    ));
#9060 = ADVANCED_FACE('',(#9061),#9072,.F.);
#9061 = FACE_BOUND('',#9062,.F.);
#9062 = EDGE_LOOP('',(#9063,#9064,#9065,#9071));
#9063 = ORIENTED_EDGE('',*,*,#7513,.T.);
#9064 = ORIENTED_EDGE('',*,*,#7898,.T.);
#9065 = ORIENTED_EDGE('',*,*,#9066,.F.);
#9066 = EDGE_CURVE('',#7956,#7899,#9067,.T.);
#9067 = LINE('',#9068,#9069);
#9068 = CARTESIAN_POINT('',(5.75,0.5,0.3));
#9069 = VECTOR('',#9070,1.);
#9070 = DIRECTION('',(-1.,1.224646799147E-16,0.));
#9071 = ORIENTED_EDGE('',*,*,#7955,.F.);
#9072 = PLANE('',#9073);
#9073 = AXIS2_PLACEMENT_3D('',#9074,#9075,#9076);
#9074 = CARTESIAN_POINT('',(5.75,2.35,1.));
#9075 = DIRECTION('',(-4.33392824344E-17,-0.353892097416,0.935286257456)
  );
#9076 = DIRECTION('',(-1.14539532148E-16,-0.935286257456,-0.353892097416
    ));
#9077 = ADVANCED_FACE('',(#9078),#9089,.F.);
#9078 = FACE_BOUND('',#9079,.F.);
#9079 = EDGE_LOOP('',(#9080,#9081,#9082,#9088));
#9080 = ORIENTED_EDGE('',*,*,#7481,.T.);
#9081 = ORIENTED_EDGE('',*,*,#7793,.T.);
#9082 = ORIENTED_EDGE('',*,*,#9083,.F.);
#9083 = EDGE_CURVE('',#7851,#7794,#9084,.T.);
#9084 = LINE('',#9085,#9086);
#9085 = CARTESIAN_POINT('',(3.25,0.5,0.3));
#9086 = VECTOR('',#9087,1.);
#9087 = DIRECTION('',(-1.,1.224646799147E-16,0.));
#9088 = ORIENTED_EDGE('',*,*,#7850,.F.);
#9089 = PLANE('',#9090);
#9090 = AXIS2_PLACEMENT_3D('',#9091,#9092,#9093);
#9091 = CARTESIAN_POINT('',(3.25,2.35,1.));
#9092 = DIRECTION('',(-4.33392824344E-17,-0.353892097416,0.935286257456)
  );
#9093 = DIRECTION('',(-1.14539532148E-16,-0.935286257456,-0.353892097416
    ));
#9094 = ADVANCED_FACE('',(#9095),#9106,.F.);
#9095 = FACE_BOUND('',#9096,.F.);
#9096 = EDGE_LOOP('',(#9097,#9098,#9099,#9105));
#9097 = ORIENTED_EDGE('',*,*,#7449,.T.);
#9098 = ORIENTED_EDGE('',*,*,#7688,.T.);
#9099 = ORIENTED_EDGE('',*,*,#9100,.F.);
#9100 = EDGE_CURVE('',#7746,#7689,#9101,.T.);
#9101 = LINE('',#9102,#9103);
#9102 = CARTESIAN_POINT('',(0.75,0.5,0.3));
#9103 = VECTOR('',#9104,1.);
#9104 = DIRECTION('',(-1.,1.224646799147E-16,0.));
#9105 = ORIENTED_EDGE('',*,*,#7745,.F.);
#9106 = PLANE('',#9107);
#9107 = AXIS2_PLACEMENT_3D('',#9108,#9109,#9110);
#9108 = CARTESIAN_POINT('',(0.75,2.35,1.));
#9109 = DIRECTION('',(-4.33392824344E-17,-0.353892097416,0.935286257456)
  );
#9110 = DIRECTION('',(-1.14539532148E-16,-0.935286257456,-0.353892097416
    ));
#9111 = ADVANCED_FACE('',(#9112,#9118),#9152,.F.);
#9112 = FACE_BOUND('',#9113,.F.);
#9113 = EDGE_LOOP('',(#9114,#9115,#9116,#9117));
#9114 = ORIENTED_EDGE('',*,*,#9100,.T.);
#9115 = ORIENTED_EDGE('',*,*,#7696,.T.);
#9116 = ORIENTED_EDGE('',*,*,#7720,.F.);
#9117 = ORIENTED_EDGE('',*,*,#7753,.F.);
#9118 = FACE_BOUND('',#9119,.F.);
#9119 = EDGE_LOOP('',(#9120,#9130,#9138,#9146));
#9120 = ORIENTED_EDGE('',*,*,#9121,.F.);
#9121 = EDGE_CURVE('',#9122,#9124,#9126,.T.);
#9122 = VERTEX_POINT('',#9123);
#9123 = CARTESIAN_POINT('',(-0.32,0.32,0.3));
#9124 = VERTEX_POINT('',#9125);
#9125 = CARTESIAN_POINT('',(-0.32,-0.32,0.3));
#9126 = LINE('',#9127,#9128);
#9127 = CARTESIAN_POINT('',(-0.32,0.26829700442,0.3));
#9128 = VECTOR('',#9129,1.);
#9129 = DIRECTION('',(-1.224646799147E-16,-1.,0.));
#9130 = ORIENTED_EDGE('',*,*,#9131,.T.);
#9131 = EDGE_CURVE('',#9122,#9132,#9134,.T.);
#9132 = VERTEX_POINT('',#9133);
#9133 = CARTESIAN_POINT('',(0.32,0.32,0.3));
#9134 = LINE('',#9135,#9136);
#9135 = CARTESIAN_POINT('',(0.535,0.32,0.3));
#9136 = VECTOR('',#9137,1.);
#9137 = DIRECTION('',(1.,-1.224646799147E-16,0.));
#9138 = ORIENTED_EDGE('',*,*,#9139,.T.);
#9139 = EDGE_CURVE('',#9132,#9140,#9142,.T.);
#9140 = VERTEX_POINT('',#9141);
#9141 = CARTESIAN_POINT('',(0.32,-0.32,0.3));
#9142 = LINE('',#9143,#9144);
#9143 = CARTESIAN_POINT('',(0.32,0.26829700442,0.3));
#9144 = VECTOR('',#9145,1.);
#9145 = DIRECTION('',(-1.224646799147E-16,-1.,0.));
#9146 = ORIENTED_EDGE('',*,*,#9147,.T.);
#9147 = EDGE_CURVE('',#9140,#9124,#9148,.T.);
#9148 = LINE('',#9149,#9150);
#9149 = CARTESIAN_POINT('',(0.535,-0.32,0.3));
#9150 = VECTOR('',#9151,1.);
#9151 = DIRECTION('',(-1.,1.224646799147E-16,0.));
#9152 = PLANE('',#9153);
#9153 = AXIS2_PLACEMENT_3D('',#9154,#9155,#9156);
#9154 = CARTESIAN_POINT('',(0.75,0.5,0.3));
#9155 = DIRECTION('',(0.,0.,1.));
#9156 = DIRECTION('',(-1.224646799147E-16,-1.,0.));
#9157 = ADVANCED_FACE('',(#9158,#9164),#9198,.F.);
#9158 = FACE_BOUND('',#9159,.F.);
#9159 = EDGE_LOOP('',(#9160,#9161,#9162,#9163));
#9160 = ORIENTED_EDGE('',*,*,#9083,.T.);
#9161 = ORIENTED_EDGE('',*,*,#7801,.T.);
#9162 = ORIENTED_EDGE('',*,*,#7825,.F.);
#9163 = ORIENTED_EDGE('',*,*,#7858,.F.);
#9164 = FACE_BOUND('',#9165,.F.);
#9165 = EDGE_LOOP('',(#9166,#9176,#9184,#9192));
#9166 = ORIENTED_EDGE('',*,*,#9167,.F.);
#9167 = EDGE_CURVE('',#9168,#9170,#9172,.T.);
#9168 = VERTEX_POINT('',#9169);
#9169 = CARTESIAN_POINT('',(2.18,0.32,0.3));
#9170 = VERTEX_POINT('',#9171);
#9171 = CARTESIAN_POINT('',(2.18,-0.32,0.3));
#9172 = LINE('',#9173,#9174);
#9173 = CARTESIAN_POINT('',(2.18,0.25,0.3));
#9174 = VECTOR('',#9175,1.);
#9175 = DIRECTION('',(-1.224646799147E-16,-1.,0.));
#9176 = ORIENTED_EDGE('',*,*,#9177,.T.);
#9177 = EDGE_CURVE('',#9168,#9178,#9180,.T.);
#9178 = VERTEX_POINT('',#9179);
#9179 = CARTESIAN_POINT('',(2.82,0.32,0.3));
#9180 = LINE('',#9181,#9182);
#9181 = CARTESIAN_POINT('',(3.035,0.32,0.3));
#9182 = VECTOR('',#9183,1.);
#9183 = DIRECTION('',(1.,-1.224646799147E-16,0.));
#9184 = ORIENTED_EDGE('',*,*,#9185,.T.);
#9185 = EDGE_CURVE('',#9178,#9186,#9188,.T.);
#9186 = VERTEX_POINT('',#9187);
#9187 = CARTESIAN_POINT('',(2.82,-0.32,0.3));
#9188 = LINE('',#9189,#9190);
#9189 = CARTESIAN_POINT('',(2.82,0.25,0.3));
#9190 = VECTOR('',#9191,1.);
#9191 = DIRECTION('',(-1.224646799147E-16,-1.,0.));
#9192 = ORIENTED_EDGE('',*,*,#9193,.T.);
#9193 = EDGE_CURVE('',#9186,#9170,#9194,.T.);
#9194 = LINE('',#9195,#9196);
#9195 = CARTESIAN_POINT('',(3.035,-0.32,0.3));
#9196 = VECTOR('',#9197,1.);
#9197 = DIRECTION('',(-1.,1.224646799147E-16,0.));
#9198 = PLANE('',#9199);
#9199 = AXIS2_PLACEMENT_3D('',#9200,#9201,#9202);
#9200 = CARTESIAN_POINT('',(3.25,0.5,0.3));
#9201 = DIRECTION('',(0.,0.,1.));
#9202 = DIRECTION('',(-1.224646799147E-16,-1.,0.));
#9203 = ADVANCED_FACE('',(#9204,#9210),#9244,.F.);
#9204 = FACE_BOUND('',#9205,.F.);
#9205 = EDGE_LOOP('',(#9206,#9207,#9208,#9209));
#9206 = ORIENTED_EDGE('',*,*,#9066,.T.);
#9207 = ORIENTED_EDGE('',*,*,#7906,.T.);
#9208 = ORIENTED_EDGE('',*,*,#7930,.F.);
#9209 = ORIENTED_EDGE('',*,*,#7963,.F.);
#9210 = FACE_BOUND('',#9211,.F.);
#9211 = EDGE_LOOP('',(#9212,#9222,#9230,#9238));
#9212 = ORIENTED_EDGE('',*,*,#9213,.F.);
#9213 = EDGE_CURVE('',#9214,#9216,#9218,.T.);
#9214 = VERTEX_POINT('',#9215);
#9215 = CARTESIAN_POINT('',(4.68,0.32,0.3));
#9216 = VERTEX_POINT('',#9217);
#9217 = CARTESIAN_POINT('',(4.68,-0.32,0.3));
#9218 = LINE('',#9219,#9220);
#9219 = CARTESIAN_POINT('',(4.68,0.25,0.3));
#9220 = VECTOR('',#9221,1.);
#9221 = DIRECTION('',(-1.224646799147E-16,-1.,0.));
#9222 = ORIENTED_EDGE('',*,*,#9223,.T.);
#9223 = EDGE_CURVE('',#9214,#9224,#9226,.T.);
#9224 = VERTEX_POINT('',#9225);
#9225 = CARTESIAN_POINT('',(5.32,0.32,0.3));
#9226 = LINE('',#9227,#9228);
#9227 = CARTESIAN_POINT('',(5.535,0.32,0.3));
#9228 = VECTOR('',#9229,1.);
#9229 = DIRECTION('',(1.,-1.224646799147E-16,0.));
#9230 = ORIENTED_EDGE('',*,*,#9231,.T.);
#9231 = EDGE_CURVE('',#9224,#9232,#9234,.T.);
#9232 = VERTEX_POINT('',#9233);
#9233 = CARTESIAN_POINT('',(5.32,-0.32,0.3));
#9234 = LINE('',#9235,#9236);
#9235 = CARTESIAN_POINT('',(5.32,0.25,0.3));
#9236 = VECTOR('',#9237,1.);
#9237 = DIRECTION('',(-1.224646799147E-16,-1.,0.));
#9238 = ORIENTED_EDGE('',*,*,#9239,.T.);
#9239 = EDGE_CURVE('',#9232,#9216,#9240,.T.);
#9240 = LINE('',#9241,#9242);
#9241 = CARTESIAN_POINT('',(5.535,-0.32,0.3));
#9242 = VECTOR('',#9243,1.);
#9243 = DIRECTION('',(-1.,1.224646799147E-16,0.));
#9244 = PLANE('',#9245);
#9245 = AXIS2_PLACEMENT_3D('',#9246,#9247,#9248);
#9246 = CARTESIAN_POINT('',(5.75,0.5,0.3));
#9247 = DIRECTION('',(0.,0.,1.));
#9248 = DIRECTION('',(-1.224646799147E-16,-1.,0.));
#9249 = ADVANCED_FACE('',(#9250,#9256),#9290,.F.);
#9250 = FACE_BOUND('',#9251,.F.);
#9251 = EDGE_LOOP('',(#9252,#9253,#9254,#9255));
#9252 = ORIENTED_EDGE('',*,*,#9049,.T.);
#9253 = ORIENTED_EDGE('',*,*,#8011,.T.);
#9254 = ORIENTED_EDGE('',*,*,#8035,.F.);
#9255 = ORIENTED_EDGE('',*,*,#8068,.F.);
#9256 = FACE_BOUND('',#9257,.F.);
#9257 = EDGE_LOOP('',(#9258,#9268,#9276,#9284));
#9258 = ORIENTED_EDGE('',*,*,#9259,.T.);
#9259 = EDGE_CURVE('',#9260,#9262,#9264,.T.);
#9260 = VERTEX_POINT('',#9261);
#9261 = CARTESIAN_POINT('',(7.18,0.32,0.3));
#9262 = VERTEX_POINT('',#9263);
#9263 = CARTESIAN_POINT('',(7.82,0.32,0.3));
#9264 = LINE('',#9265,#9266);
#9265 = CARTESIAN_POINT('',(8.035,0.32,0.3));
#9266 = VECTOR('',#9267,1.);
#9267 = DIRECTION('',(1.,-1.224646799147E-16,0.));
#9268 = ORIENTED_EDGE('',*,*,#9269,.T.);
#9269 = EDGE_CURVE('',#9262,#9270,#9272,.T.);
#9270 = VERTEX_POINT('',#9271);
#9271 = CARTESIAN_POINT('',(7.82,-0.32,0.3));
#9272 = LINE('',#9273,#9274);
#9273 = CARTESIAN_POINT('',(7.82,0.25,0.3));
#9274 = VECTOR('',#9275,1.);
#9275 = DIRECTION('',(-1.224646799147E-16,-1.,0.));
#9276 = ORIENTED_EDGE('',*,*,#9277,.T.);
#9277 = EDGE_CURVE('',#9270,#9278,#9280,.T.);
#9278 = VERTEX_POINT('',#9279);
#9279 = CARTESIAN_POINT('',(7.18,-0.32,0.3));
#9280 = LINE('',#9281,#9282);
#9281 = CARTESIAN_POINT('',(8.035,-0.32,0.3));
#9282 = VECTOR('',#9283,1.);
#9283 = DIRECTION('',(-1.,1.224646799147E-16,0.));
#9284 = ORIENTED_EDGE('',*,*,#9285,.F.);
#9285 = EDGE_CURVE('',#9260,#9278,#9286,.T.);
#9286 = LINE('',#9287,#9288);
#9287 = CARTESIAN_POINT('',(7.18,0.25,0.3));
#9288 = VECTOR('',#9289,1.);
#9289 = DIRECTION('',(-1.224646799147E-16,-1.,0.));
#9290 = PLANE('',#9291);
#9291 = AXIS2_PLACEMENT_3D('',#9292,#9293,#9294);
#9292 = CARTESIAN_POINT('',(8.25,0.5,0.3));
#9293 = DIRECTION('',(0.,0.,1.));
#9294 = DIRECTION('',(-1.224646799147E-16,-1.,0.));
#9295 = ADVANCED_FACE('',(#9296,#9302),#9336,.F.);
#9296 = FACE_BOUND('',#9297,.F.);
#9297 = EDGE_LOOP('',(#9298,#9299,#9300,#9301));
#9298 = ORIENTED_EDGE('',*,*,#9032,.T.);
#9299 = ORIENTED_EDGE('',*,*,#8116,.T.);
#9300 = ORIENTED_EDGE('',*,*,#8140,.F.);
#9301 = ORIENTED_EDGE('',*,*,#8173,.F.);
#9302 = FACE_BOUND('',#9303,.F.);
#9303 = EDGE_LOOP('',(#9304,#9314,#9322,#9330));
#9304 = ORIENTED_EDGE('',*,*,#9305,.T.);
#9305 = EDGE_CURVE('',#9306,#9308,#9310,.T.);
#9306 = VERTEX_POINT('',#9307);
#9307 = CARTESIAN_POINT('',(9.68,0.32,0.3));
#9308 = VERTEX_POINT('',#9309);
#9309 = CARTESIAN_POINT('',(10.32,0.32,0.3));
#9310 = LINE('',#9311,#9312);
#9311 = CARTESIAN_POINT('',(10.535,0.32,0.3));
#9312 = VECTOR('',#9313,1.);
#9313 = DIRECTION('',(1.,-1.224646799147E-16,0.));
#9314 = ORIENTED_EDGE('',*,*,#9315,.T.);
#9315 = EDGE_CURVE('',#9308,#9316,#9318,.T.);
#9316 = VERTEX_POINT('',#9317);
#9317 = CARTESIAN_POINT('',(10.32,-0.32,0.3));
#9318 = LINE('',#9319,#9320);
#9319 = CARTESIAN_POINT('',(10.32,0.25,0.3));
#9320 = VECTOR('',#9321,1.);
#9321 = DIRECTION('',(-1.224646799147E-16,-1.,0.));
#9322 = ORIENTED_EDGE('',*,*,#9323,.T.);
#9323 = EDGE_CURVE('',#9316,#9324,#9326,.T.);
#9324 = VERTEX_POINT('',#9325);
#9325 = CARTESIAN_POINT('',(9.68,-0.32,0.3));
#9326 = LINE('',#9327,#9328);
#9327 = CARTESIAN_POINT('',(10.535,-0.32,0.3));
#9328 = VECTOR('',#9329,1.);
#9329 = DIRECTION('',(-1.,1.224646799147E-16,0.));
#9330 = ORIENTED_EDGE('',*,*,#9331,.F.);
#9331 = EDGE_CURVE('',#9306,#9324,#9332,.T.);
#9332 = LINE('',#9333,#9334);
#9333 = CARTESIAN_POINT('',(9.68,0.25,0.3));
#9334 = VECTOR('',#9335,1.);
#9335 = DIRECTION('',(-1.224646799147E-16,-1.,0.));
#9336 = PLANE('',#9337);
#9337 = AXIS2_PLACEMENT_3D('',#9338,#9339,#9340);
#9338 = CARTESIAN_POINT('',(10.75,0.5,0.3));
#9339 = DIRECTION('',(0.,0.,1.));
#9340 = DIRECTION('',(-1.224646799147E-16,-1.,0.));
#9341 = ADVANCED_FACE('',(#9342,#9348),#9382,.F.);
#9342 = FACE_BOUND('',#9343,.F.);
#9343 = EDGE_LOOP('',(#9344,#9345,#9346,#9347));
#9344 = ORIENTED_EDGE('',*,*,#9015,.T.);
#9345 = ORIENTED_EDGE('',*,*,#8221,.T.);
#9346 = ORIENTED_EDGE('',*,*,#8245,.F.);
#9347 = ORIENTED_EDGE('',*,*,#8278,.F.);
#9348 = FACE_BOUND('',#9349,.F.);
#9349 = EDGE_LOOP('',(#9350,#9360,#9368,#9376));
#9350 = ORIENTED_EDGE('',*,*,#9351,.F.);
#9351 = EDGE_CURVE('',#9352,#9354,#9356,.T.);
#9352 = VERTEX_POINT('',#9353);
#9353 = CARTESIAN_POINT('',(12.18,0.32,0.3));
#9354 = VERTEX_POINT('',#9355);
#9355 = CARTESIAN_POINT('',(12.18,-0.32,0.3));
#9356 = LINE('',#9357,#9358);
#9357 = CARTESIAN_POINT('',(12.18,0.25,0.3));
#9358 = VECTOR('',#9359,1.);
#9359 = DIRECTION('',(-1.224646799147E-16,-1.,0.));
#9360 = ORIENTED_EDGE('',*,*,#9361,.T.);
#9361 = EDGE_CURVE('',#9352,#9362,#9364,.T.);
#9362 = VERTEX_POINT('',#9363);
#9363 = CARTESIAN_POINT('',(12.82,0.32,0.3));
#9364 = LINE('',#9365,#9366);
#9365 = CARTESIAN_POINT('',(13.035,0.32,0.3));
#9366 = VECTOR('',#9367,1.);
#9367 = DIRECTION('',(1.,-1.224646799147E-16,0.));
#9368 = ORIENTED_EDGE('',*,*,#9369,.T.);
#9369 = EDGE_CURVE('',#9362,#9370,#9372,.T.);
#9370 = VERTEX_POINT('',#9371);
#9371 = CARTESIAN_POINT('',(12.82,-0.32,0.3));
#9372 = LINE('',#9373,#9374);
#9373 = CARTESIAN_POINT('',(12.82,0.25,0.3));
#9374 = VECTOR('',#9375,1.);
#9375 = DIRECTION('',(-1.224646799147E-16,-1.,0.));
#9376 = ORIENTED_EDGE('',*,*,#9377,.T.);
#9377 = EDGE_CURVE('',#9370,#9354,#9378,.T.);
#9378 = LINE('',#9379,#9380);
#9379 = CARTESIAN_POINT('',(13.035,-0.32,0.3));
#9380 = VECTOR('',#9381,1.);
#9381 = DIRECTION('',(-1.,1.224646799147E-16,0.));
#9382 = PLANE('',#9383);
#9383 = AXIS2_PLACEMENT_3D('',#9384,#9385,#9386);
#9384 = CARTESIAN_POINT('',(13.25,0.5,0.3));
#9385 = DIRECTION('',(0.,0.,1.));
#9386 = DIRECTION('',(-1.224646799147E-16,-1.,0.));
#9387 = ADVANCED_FACE('',(#9388,#9394),#9428,.F.);
#9388 = FACE_BOUND('',#9389,.F.);
#9389 = EDGE_LOOP('',(#9390,#9391,#9392,#9393));
#9390 = ORIENTED_EDGE('',*,*,#8998,.T.);
#9391 = ORIENTED_EDGE('',*,*,#8326,.T.);
#9392 = ORIENTED_EDGE('',*,*,#8350,.F.);
#9393 = ORIENTED_EDGE('',*,*,#8383,.F.);
#9394 = FACE_BOUND('',#9395,.F.);
#9395 = EDGE_LOOP('',(#9396,#9406,#9414,#9422));
#9396 = ORIENTED_EDGE('',*,*,#9397,.T.);
#9397 = EDGE_CURVE('',#9398,#9400,#9402,.T.);
#9398 = VERTEX_POINT('',#9399);
#9399 = CARTESIAN_POINT('',(14.68,0.32,0.3));
#9400 = VERTEX_POINT('',#9401);
#9401 = CARTESIAN_POINT('',(15.32,0.32,0.3));
#9402 = LINE('',#9403,#9404);
#9403 = CARTESIAN_POINT('',(15.535,0.32,0.3));
#9404 = VECTOR('',#9405,1.);
#9405 = DIRECTION('',(1.,-1.224646799147E-16,0.));
#9406 = ORIENTED_EDGE('',*,*,#9407,.T.);
#9407 = EDGE_CURVE('',#9400,#9408,#9410,.T.);
#9408 = VERTEX_POINT('',#9409);
#9409 = CARTESIAN_POINT('',(15.32,-0.32,0.3));
#9410 = LINE('',#9411,#9412);
#9411 = CARTESIAN_POINT('',(15.32,0.26829700442,0.3));
#9412 = VECTOR('',#9413,1.);
#9413 = DIRECTION('',(-1.224646799147E-16,-1.,0.));
#9414 = ORIENTED_EDGE('',*,*,#9415,.T.);
#9415 = EDGE_CURVE('',#9408,#9416,#9418,.T.);
#9416 = VERTEX_POINT('',#9417);
#9417 = CARTESIAN_POINT('',(14.68,-0.32,0.3));
#9418 = LINE('',#9419,#9420);
#9419 = CARTESIAN_POINT('',(15.535,-0.32,0.3));
#9420 = VECTOR('',#9421,1.);
#9421 = DIRECTION('',(-1.,1.224646799147E-16,0.));
#9422 = ORIENTED_EDGE('',*,*,#9423,.F.);
#9423 = EDGE_CURVE('',#9398,#9416,#9424,.T.);
#9424 = LINE('',#9425,#9426);
#9425 = CARTESIAN_POINT('',(14.68,0.26829700442,0.3));
#9426 = VECTOR('',#9427,1.);
#9427 = DIRECTION('',(-1.224646799147E-16,-1.,0.));
#9428 = PLANE('',#9429);
#9429 = AXIS2_PLACEMENT_3D('',#9430,#9431,#9432);
#9430 = CARTESIAN_POINT('',(15.75,0.5,0.3));
#9431 = DIRECTION('',(0.,0.,1.));
#9432 = DIRECTION('',(-1.224646799147E-16,-1.,0.));
#9433 = ADVANCED_FACE('',(#9434),#9459,.F.);
#9434 = FACE_BOUND('',#9435,.F.);
#9435 = EDGE_LOOP('',(#9436,#9444,#9452,#9458));
#9436 = ORIENTED_EDGE('',*,*,#9437,.F.);
#9437 = EDGE_CURVE('',#9438,#8505,#9440,.T.);
#9438 = VERTEX_POINT('',#9439);
#9439 = CARTESIAN_POINT('',(10.32,0.32,6.3));
#9440 = LINE('',#9441,#9442);
#9441 = CARTESIAN_POINT('',(10.32,0.32,6.5));
#9442 = VECTOR('',#9443,1.);
#9443 = DIRECTION('',(-0.,0.,-1.));
#9444 = ORIENTED_EDGE('',*,*,#9445,.T.);
#9445 = EDGE_CURVE('',#9438,#9446,#9448,.T.);
#9446 = VERTEX_POINT('',#9447);
#9447 = CARTESIAN_POINT('',(9.68,0.32,6.3));
#9448 = LINE('',#9449,#9450);
#9449 = CARTESIAN_POINT('',(10.32,0.32,6.3));
#9450 = VECTOR('',#9451,1.);
#9451 = DIRECTION('',(-1.,1.224646799147E-16,0.));
#9452 = ORIENTED_EDGE('',*,*,#9453,.T.);
#9453 = EDGE_CURVE('',#9446,#8503,#9454,.T.);
#9454 = LINE('',#9455,#9456);
#9455 = CARTESIAN_POINT('',(9.68,0.32,6.5));
#9456 = VECTOR('',#9457,1.);
#9457 = DIRECTION('',(-0.,0.,-1.));
#9458 = ORIENTED_EDGE('',*,*,#8502,.T.);
#9459 = PLANE('',#9460);
#9460 = AXIS2_PLACEMENT_3D('',#9461,#9462,#9463);
#9461 = CARTESIAN_POINT('',(10.32,0.32,6.5));
#9462 = DIRECTION('',(-1.224646799147E-16,-1.,0.));
#9463 = DIRECTION('',(-0.,0.,-1.));
#9464 = ADVANCED_FACE('',(#9465),#9483,.T.);
#9465 = FACE_BOUND('',#9466,.T.);
#9466 = EDGE_LOOP('',(#9467,#9468,#9476,#9482));
#9467 = ORIENTED_EDGE('',*,*,#8528,.T.);
#9468 = ORIENTED_EDGE('',*,*,#9469,.T.);
#9469 = EDGE_CURVE('',#8521,#9470,#9472,.T.);
#9470 = VERTEX_POINT('',#9471);
#9471 = CARTESIAN_POINT('',(9.68,-0.32,6.3));
#9472 = LINE('',#9473,#9474);
#9473 = CARTESIAN_POINT('',(9.68,-0.32,-3.4));
#9474 = VECTOR('',#9475,1.);
#9475 = DIRECTION('',(0.,0.,1.));
#9476 = ORIENTED_EDGE('',*,*,#9477,.T.);
#9477 = EDGE_CURVE('',#9470,#9446,#9478,.T.);
#9478 = LINE('',#9479,#9480);
#9479 = CARTESIAN_POINT('',(9.68,-0.32,6.3));
#9480 = VECTOR('',#9481,1.);
#9481 = DIRECTION('',(1.224646799147E-16,1.,0.));
#9482 = ORIENTED_EDGE('',*,*,#9453,.T.);
#9483 = PLANE('',#9484);
#9484 = AXIS2_PLACEMENT_3D('',#9485,#9486,#9487);
#9485 = CARTESIAN_POINT('',(9.68,-2.669730022141E-16,1.55));
#9486 = DIRECTION('',(-1.,1.224646799147E-16,0.));
#9487 = DIRECTION('',(0.,0.,1.));
#9488 = ADVANCED_FACE('',(#9489),#9507,.F.);
#9489 = FACE_BOUND('',#9490,.F.);
#9490 = EDGE_LOOP('',(#9491,#9499,#9500,#9501));
#9491 = ORIENTED_EDGE('',*,*,#9492,.F.);
#9492 = EDGE_CURVE('',#8513,#9493,#9495,.T.);
#9493 = VERTEX_POINT('',#9494);
#9494 = CARTESIAN_POINT('',(10.32,-0.32,6.3));
#9495 = LINE('',#9496,#9497);
#9496 = CARTESIAN_POINT('',(10.32,-0.32,-3.4));
#9497 = VECTOR('',#9498,1.);
#9498 = DIRECTION('',(0.,0.,1.));
#9499 = ORIENTED_EDGE('',*,*,#8520,.T.);
#9500 = ORIENTED_EDGE('',*,*,#9469,.T.);
#9501 = ORIENTED_EDGE('',*,*,#9502,.F.);
#9502 = EDGE_CURVE('',#9493,#9470,#9503,.T.);
#9503 = LINE('',#9504,#9505);
#9504 = CARTESIAN_POINT('',(10.32,-0.32,6.3));
#9505 = VECTOR('',#9506,1.);
#9506 = DIRECTION('',(-1.,1.224646799147E-16,0.));
#9507 = PLANE('',#9508);
#9508 = AXIS2_PLACEMENT_3D('',#9509,#9510,#9511);
#9509 = CARTESIAN_POINT('',(10.32,-0.32,-3.4));
#9510 = DIRECTION('',(1.224646799147E-16,1.,0.));
#9511 = DIRECTION('',(0.,-0.,1.));
#9512 = ADVANCED_FACE('',(#9513),#9524,.F.);
#9513 = FACE_BOUND('',#9514,.F.);
#9514 = EDGE_LOOP('',(#9515,#9516,#9517,#9523));
#9515 = ORIENTED_EDGE('',*,*,#8512,.T.);
#9516 = ORIENTED_EDGE('',*,*,#9492,.T.);
#9517 = ORIENTED_EDGE('',*,*,#9518,.T.);
#9518 = EDGE_CURVE('',#9493,#9438,#9519,.T.);
#9519 = LINE('',#9520,#9521);
#9520 = CARTESIAN_POINT('',(10.32,-0.32,6.3));
#9521 = VECTOR('',#9522,1.);
#9522 = DIRECTION('',(1.224646799147E-16,1.,0.));
#9523 = ORIENTED_EDGE('',*,*,#9437,.T.);
#9524 = PLANE('',#9525);
#9525 = AXIS2_PLACEMENT_3D('',#9526,#9527,#9528);
#9526 = CARTESIAN_POINT('',(10.32,-3.453503973596E-16,1.55));
#9527 = DIRECTION('',(-1.,1.224646799147E-16,0.));
#9528 = DIRECTION('',(0.,0.,1.));
#9529 = ADVANCED_FACE('',(#9530),#9555,.F.);
#9530 = FACE_BOUND('',#9531,.F.);
#9531 = EDGE_LOOP('',(#9532,#9540,#9548,#9554));
#9532 = ORIENTED_EDGE('',*,*,#9533,.F.);
#9533 = EDGE_CURVE('',#9534,#8539,#9536,.T.);
#9534 = VERTEX_POINT('',#9535);
#9535 = CARTESIAN_POINT('',(7.82,0.32,6.3));
#9536 = LINE('',#9537,#9538);
#9537 = CARTESIAN_POINT('',(7.82,0.32,6.5));
#9538 = VECTOR('',#9539,1.);
#9539 = DIRECTION('',(-0.,0.,-1.));
#9540 = ORIENTED_EDGE('',*,*,#9541,.T.);
#9541 = EDGE_CURVE('',#9534,#9542,#9544,.T.);
#9542 = VERTEX_POINT('',#9543);
#9543 = CARTESIAN_POINT('',(7.18,0.32,6.3));
#9544 = LINE('',#9545,#9546);
#9545 = CARTESIAN_POINT('',(7.82,0.32,6.3));
#9546 = VECTOR('',#9547,1.);
#9547 = DIRECTION('',(-1.,1.224646799147E-16,0.));
#9548 = ORIENTED_EDGE('',*,*,#9549,.T.);
#9549 = EDGE_CURVE('',#9542,#8537,#9550,.T.);
#9550 = LINE('',#9551,#9552);
#9551 = CARTESIAN_POINT('',(7.18,0.32,6.5));
#9552 = VECTOR('',#9553,1.);
#9553 = DIRECTION('',(-0.,0.,-1.));
#9554 = ORIENTED_EDGE('',*,*,#8536,.T.);
#9555 = PLANE('',#9556);
#9556 = AXIS2_PLACEMENT_3D('',#9557,#9558,#9559);
#9557 = CARTESIAN_POINT('',(7.82,0.32,6.5));
#9558 = DIRECTION('',(-1.224646799147E-16,-1.,0.));
#9559 = DIRECTION('',(-0.,0.,-1.));
#9560 = ADVANCED_FACE('',(#9561),#9579,.T.);
#9561 = FACE_BOUND('',#9562,.T.);
#9562 = EDGE_LOOP('',(#9563,#9564,#9572,#9578));
#9563 = ORIENTED_EDGE('',*,*,#8562,.T.);
#9564 = ORIENTED_EDGE('',*,*,#9565,.T.);
#9565 = EDGE_CURVE('',#8555,#9566,#9568,.T.);
#9566 = VERTEX_POINT('',#9567);
#9567 = CARTESIAN_POINT('',(7.18,-0.32,6.3));
#9568 = LINE('',#9569,#9570);
#9569 = CARTESIAN_POINT('',(7.18,-0.32,-3.4));
#9570 = VECTOR('',#9571,1.);
#9571 = DIRECTION('',(0.,0.,1.));
#9572 = ORIENTED_EDGE('',*,*,#9573,.T.);
#9573 = EDGE_CURVE('',#9566,#9542,#9574,.T.);
#9574 = LINE('',#9575,#9576);
#9575 = CARTESIAN_POINT('',(7.18,-0.32,6.3));
#9576 = VECTOR('',#9577,1.);
#9577 = DIRECTION('',(1.224646799147E-16,1.,0.));
#9578 = ORIENTED_EDGE('',*,*,#9549,.T.);
#9579 = PLANE('',#9580);
#9580 = AXIS2_PLACEMENT_3D('',#9581,#9582,#9583);
#9581 = CARTESIAN_POINT('',(7.18,3.918869757272E-17,1.55));
#9582 = DIRECTION('',(-1.,1.224646799147E-16,0.));
#9583 = DIRECTION('',(0.,0.,1.));
#9584 = ADVANCED_FACE('',(#9585),#9603,.F.);
#9585 = FACE_BOUND('',#9586,.F.);
#9586 = EDGE_LOOP('',(#9587,#9595,#9596,#9597));
#9587 = ORIENTED_EDGE('',*,*,#9588,.F.);
#9588 = EDGE_CURVE('',#8547,#9589,#9591,.T.);
#9589 = VERTEX_POINT('',#9590);
#9590 = CARTESIAN_POINT('',(7.82,-0.32,6.3));
#9591 = LINE('',#9592,#9593);
#9592 = CARTESIAN_POINT('',(7.82,-0.32,-3.4));
#9593 = VECTOR('',#9594,1.);
#9594 = DIRECTION('',(0.,0.,1.));
#9595 = ORIENTED_EDGE('',*,*,#8554,.T.);
#9596 = ORIENTED_EDGE('',*,*,#9565,.T.);
#9597 = ORIENTED_EDGE('',*,*,#9598,.F.);
#9598 = EDGE_CURVE('',#9589,#9566,#9599,.T.);
#9599 = LINE('',#9600,#9601);
#9600 = CARTESIAN_POINT('',(7.82,-0.32,6.3));
#9601 = VECTOR('',#9602,1.);
#9602 = DIRECTION('',(-1.,1.224646799147E-16,0.));
#9603 = PLANE('',#9604);
#9604 = AXIS2_PLACEMENT_3D('',#9605,#9606,#9607);
#9605 = CARTESIAN_POINT('',(7.82,-0.32,-3.4));
#9606 = DIRECTION('',(1.224646799147E-16,1.,0.));
#9607 = DIRECTION('',(0.,-0.,1.));
#9608 = ADVANCED_FACE('',(#9609),#9620,.F.);
#9609 = FACE_BOUND('',#9610,.F.);
#9610 = EDGE_LOOP('',(#9611,#9612,#9613,#9619));
#9611 = ORIENTED_EDGE('',*,*,#8546,.T.);
#9612 = ORIENTED_EDGE('',*,*,#9588,.T.);
#9613 = ORIENTED_EDGE('',*,*,#9614,.T.);
#9614 = EDGE_CURVE('',#9589,#9534,#9615,.T.);
#9615 = LINE('',#9616,#9617);
#9616 = CARTESIAN_POINT('',(7.82,-0.32,6.3));
#9617 = VECTOR('',#9618,1.);
#9618 = DIRECTION('',(1.224646799147E-16,1.,0.));
#9619 = ORIENTED_EDGE('',*,*,#9533,.T.);
#9620 = PLANE('',#9621);
#9621 = AXIS2_PLACEMENT_3D('',#9622,#9623,#9624);
#9622 = CARTESIAN_POINT('',(7.82,-3.918869757272E-17,1.55));
#9623 = DIRECTION('',(-1.,1.224646799147E-16,0.));
#9624 = DIRECTION('',(0.,0.,1.));
#9625 = ADVANCED_FACE('',(#9626),#9651,.T.);
#9626 = FACE_BOUND('',#9627,.T.);
#9627 = EDGE_LOOP('',(#9628,#9629,#9637,#9645));
#9628 = ORIENTED_EDGE('',*,*,#8570,.T.);
#9629 = ORIENTED_EDGE('',*,*,#9630,.T.);
#9630 = EDGE_CURVE('',#8573,#9631,#9633,.T.);
#9631 = VERTEX_POINT('',#9632);
#9632 = CARTESIAN_POINT('',(4.68,-0.32,6.3));
#9633 = LINE('',#9634,#9635);
#9634 = CARTESIAN_POINT('',(4.68,-0.32,-3.4));
#9635 = VECTOR('',#9636,1.);
#9636 = DIRECTION('',(0.,0.,1.));
#9637 = ORIENTED_EDGE('',*,*,#9638,.T.);
#9638 = EDGE_CURVE('',#9631,#9639,#9641,.T.);
#9639 = VERTEX_POINT('',#9640);
#9640 = CARTESIAN_POINT('',(4.68,0.32,6.3));
#9641 = LINE('',#9642,#9643);
#9642 = CARTESIAN_POINT('',(4.68,-0.32,6.3));
#9643 = VECTOR('',#9644,1.);
#9644 = DIRECTION('',(1.224646799147E-16,1.,0.));
#9645 = ORIENTED_EDGE('',*,*,#9646,.T.);
#9646 = EDGE_CURVE('',#9639,#8571,#9647,.T.);
#9647 = LINE('',#9648,#9649);
#9648 = CARTESIAN_POINT('',(4.68,0.32,6.5));
#9649 = VECTOR('',#9650,1.);
#9650 = DIRECTION('',(-0.,0.,-1.));
#9651 = PLANE('',#9652);
#9652 = AXIS2_PLACEMENT_3D('',#9653,#9654,#9655);
#9653 = CARTESIAN_POINT('',(4.68,3.453503973596E-16,1.55));
#9654 = DIRECTION('',(-1.,1.224646799147E-16,0.));
#9655 = DIRECTION('',(0.,0.,1.));
#9656 = ADVANCED_FACE('',(#9657),#9675,.F.);
#9657 = FACE_BOUND('',#9658,.F.);
#9658 = EDGE_LOOP('',(#9659,#9667,#9668,#9669));
#9659 = ORIENTED_EDGE('',*,*,#9660,.F.);
#9660 = EDGE_CURVE('',#8589,#9661,#9663,.T.);
#9661 = VERTEX_POINT('',#9662);
#9662 = CARTESIAN_POINT('',(5.32,-0.32,6.3));
#9663 = LINE('',#9664,#9665);
#9664 = CARTESIAN_POINT('',(5.32,-0.32,-3.4));
#9665 = VECTOR('',#9666,1.);
#9666 = DIRECTION('',(0.,0.,1.));
#9667 = ORIENTED_EDGE('',*,*,#8596,.T.);
#9668 = ORIENTED_EDGE('',*,*,#9630,.T.);
#9669 = ORIENTED_EDGE('',*,*,#9670,.F.);
#9670 = EDGE_CURVE('',#9661,#9631,#9671,.T.);
#9671 = LINE('',#9672,#9673);
#9672 = CARTESIAN_POINT('',(5.32,-0.32,6.3));
#9673 = VECTOR('',#9674,1.);
#9674 = DIRECTION('',(-1.,1.224646799147E-16,0.));
#9675 = PLANE('',#9676);
#9676 = AXIS2_PLACEMENT_3D('',#9677,#9678,#9679);
#9677 = CARTESIAN_POINT('',(5.32,-0.32,-3.4));
#9678 = DIRECTION('',(1.224646799147E-16,1.,0.));
#9679 = DIRECTION('',(0.,-0.,1.));
#9680 = ADVANCED_FACE('',(#9681),#9699,.F.);
#9681 = FACE_BOUND('',#9682,.F.);
#9682 = EDGE_LOOP('',(#9683,#9684,#9685,#9693));
#9683 = ORIENTED_EDGE('',*,*,#8588,.T.);
#9684 = ORIENTED_EDGE('',*,*,#9660,.T.);
#9685 = ORIENTED_EDGE('',*,*,#9686,.T.);
#9686 = EDGE_CURVE('',#9661,#9687,#9689,.T.);
#9687 = VERTEX_POINT('',#9688);
#9688 = CARTESIAN_POINT('',(5.32,0.32,6.3));
#9689 = LINE('',#9690,#9691);
#9690 = CARTESIAN_POINT('',(5.32,-0.32,6.3));
#9691 = VECTOR('',#9692,1.);
#9692 = DIRECTION('',(1.224646799147E-16,1.,0.));
#9693 = ORIENTED_EDGE('',*,*,#9694,.T.);
#9694 = EDGE_CURVE('',#9687,#8581,#9695,.T.);
#9695 = LINE('',#9696,#9697);
#9696 = CARTESIAN_POINT('',(5.32,0.32,6.5));
#9697 = VECTOR('',#9698,1.);
#9698 = DIRECTION('',(-0.,0.,-1.));
#9699 = PLANE('',#9700);
#9700 = AXIS2_PLACEMENT_3D('',#9701,#9702,#9703);
#9701 = CARTESIAN_POINT('',(5.32,2.669730022141E-16,1.55));
#9702 = DIRECTION('',(-1.,1.224646799147E-16,0.));
#9703 = DIRECTION('',(0.,0.,1.));
#9704 = ADVANCED_FACE('',(#9705),#9716,.F.);
#9705 = FACE_BOUND('',#9706,.F.);
#9706 = EDGE_LOOP('',(#9707,#9708,#9714,#9715));
#9707 = ORIENTED_EDGE('',*,*,#9694,.F.);
#9708 = ORIENTED_EDGE('',*,*,#9709,.T.);
#9709 = EDGE_CURVE('',#9687,#9639,#9710,.T.);
#9710 = LINE('',#9711,#9712);
#9711 = CARTESIAN_POINT('',(5.32,0.32,6.3));
#9712 = VECTOR('',#9713,1.);
#9713 = DIRECTION('',(-1.,1.224646799147E-16,0.));
#9714 = ORIENTED_EDGE('',*,*,#9646,.T.);
#9715 = ORIENTED_EDGE('',*,*,#8580,.T.);
#9716 = PLANE('',#9717);
#9717 = AXIS2_PLACEMENT_3D('',#9718,#9719,#9720);
#9718 = CARTESIAN_POINT('',(5.32,0.32,6.5));
#9719 = DIRECTION('',(-1.224646799147E-16,-1.,0.));
#9720 = DIRECTION('',(-0.,0.,-1.));
#9721 = ADVANCED_FACE('',(#9722),#9747,.T.);
#9722 = FACE_BOUND('',#9723,.T.);
#9723 = EDGE_LOOP('',(#9724,#9725,#9733,#9741));
#9724 = ORIENTED_EDGE('',*,*,#8604,.T.);
#9725 = ORIENTED_EDGE('',*,*,#9726,.T.);
#9726 = EDGE_CURVE('',#8607,#9727,#9729,.T.);
#9727 = VERTEX_POINT('',#9728);
#9728 = CARTESIAN_POINT('',(2.18,-0.32,6.3));
#9729 = LINE('',#9730,#9731);
#9730 = CARTESIAN_POINT('',(2.18,-0.32,-3.4));
#9731 = VECTOR('',#9732,1.);
#9732 = DIRECTION('',(0.,0.,1.));
#9733 = ORIENTED_EDGE('',*,*,#9734,.T.);
#9734 = EDGE_CURVE('',#9727,#9735,#9737,.T.);
#9735 = VERTEX_POINT('',#9736);
#9736 = CARTESIAN_POINT('',(2.18,0.32,6.3));
#9737 = LINE('',#9738,#9739);
#9738 = CARTESIAN_POINT('',(2.18,-0.32,6.3));
#9739 = VECTOR('',#9740,1.);
#9740 = DIRECTION('',(1.224646799147E-16,1.,0.));
#9741 = ORIENTED_EDGE('',*,*,#9742,.T.);
#9742 = EDGE_CURVE('',#9735,#8605,#9743,.T.);
#9743 = LINE('',#9744,#9745);
#9744 = CARTESIAN_POINT('',(2.18,0.32,6.5));
#9745 = VECTOR('',#9746,1.);
#9746 = DIRECTION('',(-0.,0.,-1.));
#9747 = PLANE('',#9748);
#9748 = AXIS2_PLACEMENT_3D('',#9749,#9750,#9751);
#9749 = CARTESIAN_POINT('',(2.18,6.515120971464E-16,1.55));
#9750 = DIRECTION('',(-1.,1.224646799147E-16,0.));
#9751 = DIRECTION('',(0.,0.,1.));
#9752 = ADVANCED_FACE('',(#9753),#9771,.F.);
#9753 = FACE_BOUND('',#9754,.F.);
#9754 = EDGE_LOOP('',(#9755,#9763,#9764,#9765));
#9755 = ORIENTED_EDGE('',*,*,#9756,.F.);
#9756 = EDGE_CURVE('',#8623,#9757,#9759,.T.);
#9757 = VERTEX_POINT('',#9758);
#9758 = CARTESIAN_POINT('',(2.82,-0.32,6.3));
#9759 = LINE('',#9760,#9761);
#9760 = CARTESIAN_POINT('',(2.82,-0.32,-3.4));
#9761 = VECTOR('',#9762,1.);
#9762 = DIRECTION('',(0.,0.,1.));
#9763 = ORIENTED_EDGE('',*,*,#8630,.T.);
#9764 = ORIENTED_EDGE('',*,*,#9726,.T.);
#9765 = ORIENTED_EDGE('',*,*,#9766,.F.);
#9766 = EDGE_CURVE('',#9757,#9727,#9767,.T.);
#9767 = LINE('',#9768,#9769);
#9768 = CARTESIAN_POINT('',(2.82,-0.32,6.3));
#9769 = VECTOR('',#9770,1.);
#9770 = DIRECTION('',(-1.,1.224646799147E-16,0.));
#9771 = PLANE('',#9772);
#9772 = AXIS2_PLACEMENT_3D('',#9773,#9774,#9775);
#9773 = CARTESIAN_POINT('',(2.82,-0.32,-3.4));
#9774 = DIRECTION('',(1.224646799147E-16,1.,0.));
#9775 = DIRECTION('',(0.,-0.,1.));
#9776 = ADVANCED_FACE('',(#9777),#9795,.F.);
#9777 = FACE_BOUND('',#9778,.F.);
#9778 = EDGE_LOOP('',(#9779,#9780,#9781,#9789));
#9779 = ORIENTED_EDGE('',*,*,#8622,.T.);
#9780 = ORIENTED_EDGE('',*,*,#9756,.T.);
#9781 = ORIENTED_EDGE('',*,*,#9782,.T.);
#9782 = EDGE_CURVE('',#9757,#9783,#9785,.T.);
#9783 = VERTEX_POINT('',#9784);
#9784 = CARTESIAN_POINT('',(2.82,0.32,6.3));
#9785 = LINE('',#9786,#9787);
#9786 = CARTESIAN_POINT('',(2.82,-0.32,6.3));
#9787 = VECTOR('',#9788,1.);
#9788 = DIRECTION('',(1.224646799147E-16,1.,0.));
#9789 = ORIENTED_EDGE('',*,*,#9790,.T.);
#9790 = EDGE_CURVE('',#9783,#8615,#9791,.T.);
#9791 = LINE('',#9792,#9793);
#9792 = CARTESIAN_POINT('',(2.82,0.32,6.5));
#9793 = VECTOR('',#9794,1.);
#9794 = DIRECTION('',(-0.,0.,-1.));
#9795 = PLANE('',#9796);
#9796 = AXIS2_PLACEMENT_3D('',#9797,#9798,#9799);
#9797 = CARTESIAN_POINT('',(2.82,5.73134702001E-16,1.55));
#9798 = DIRECTION('',(-1.,1.224646799147E-16,0.));
#9799 = DIRECTION('',(0.,0.,1.));
#9800 = ADVANCED_FACE('',(#9801),#9812,.F.);
#9801 = FACE_BOUND('',#9802,.F.);
#9802 = EDGE_LOOP('',(#9803,#9804,#9810,#9811));
#9803 = ORIENTED_EDGE('',*,*,#9790,.F.);
#9804 = ORIENTED_EDGE('',*,*,#9805,.T.);
#9805 = EDGE_CURVE('',#9783,#9735,#9806,.T.);
#9806 = LINE('',#9807,#9808);
#9807 = CARTESIAN_POINT('',(2.82,0.32,6.3));
#9808 = VECTOR('',#9809,1.);
#9809 = DIRECTION('',(-1.,1.224646799147E-16,0.));
#9810 = ORIENTED_EDGE('',*,*,#9742,.T.);
#9811 = ORIENTED_EDGE('',*,*,#8614,.T.);
#9812 = PLANE('',#9813);
#9813 = AXIS2_PLACEMENT_3D('',#9814,#9815,#9816);
#9814 = CARTESIAN_POINT('',(2.82,0.32,6.5));
#9815 = DIRECTION('',(-1.224646799147E-16,-1.,0.));
#9816 = DIRECTION('',(-0.,0.,-1.));
#9817 = ADVANCED_FACE('',(#9818),#9843,.T.);
#9818 = FACE_BOUND('',#9819,.T.);
#9819 = EDGE_LOOP('',(#9820,#9821,#9829,#9837));
#9820 = ORIENTED_EDGE('',*,*,#8638,.T.);
#9821 = ORIENTED_EDGE('',*,*,#9822,.T.);
#9822 = EDGE_CURVE('',#8641,#9823,#9825,.T.);
#9823 = VERTEX_POINT('',#9824);
#9824 = CARTESIAN_POINT('',(12.18,-0.32,6.3));
#9825 = LINE('',#9826,#9827);
#9826 = CARTESIAN_POINT('',(12.18,-0.32,-3.4));
#9827 = VECTOR('',#9828,1.);
#9828 = DIRECTION('',(0.,0.,1.));
#9829 = ORIENTED_EDGE('',*,*,#9830,.T.);
#9830 = EDGE_CURVE('',#9823,#9831,#9833,.T.);
#9831 = VERTEX_POINT('',#9832);
#9832 = CARTESIAN_POINT('',(12.18,0.32,6.3));
#9833 = LINE('',#9834,#9835);
#9834 = CARTESIAN_POINT('',(12.18,-0.32,6.3));
#9835 = VECTOR('',#9836,1.);
#9836 = DIRECTION('',(1.224646799147E-16,1.,0.));
#9837 = ORIENTED_EDGE('',*,*,#9838,.T.);
#9838 = EDGE_CURVE('',#9831,#8639,#9839,.T.);
#9839 = LINE('',#9840,#9841);
#9840 = CARTESIAN_POINT('',(12.18,0.32,6.5));
#9841 = VECTOR('',#9842,1.);
#9842 = DIRECTION('',(-0.,0.,-1.));
#9843 = PLANE('',#9844);
#9844 = AXIS2_PLACEMENT_3D('',#9845,#9846,#9847);
#9845 = CARTESIAN_POINT('',(12.18,-5.73134702001E-16,1.55));
#9846 = DIRECTION('',(-1.,1.224646799147E-16,0.));
#9847 = DIRECTION('',(0.,0.,1.));
#9848 = ADVANCED_FACE('',(#9849),#9867,.F.);
#9849 = FACE_BOUND('',#9850,.F.);
#9850 = EDGE_LOOP('',(#9851,#9859,#9860,#9861));
#9851 = ORIENTED_EDGE('',*,*,#9852,.F.);
#9852 = EDGE_CURVE('',#8657,#9853,#9855,.T.);
#9853 = VERTEX_POINT('',#9854);
#9854 = CARTESIAN_POINT('',(12.82,-0.32,6.3));
#9855 = LINE('',#9856,#9857);
#9856 = CARTESIAN_POINT('',(12.82,-0.32,-3.4));
#9857 = VECTOR('',#9858,1.);
#9858 = DIRECTION('',(0.,0.,1.));
#9859 = ORIENTED_EDGE('',*,*,#8664,.T.);
#9860 = ORIENTED_EDGE('',*,*,#9822,.T.);
#9861 = ORIENTED_EDGE('',*,*,#9862,.F.);
#9862 = EDGE_CURVE('',#9853,#9823,#9863,.T.);
#9863 = LINE('',#9864,#9865);
#9864 = CARTESIAN_POINT('',(12.82,-0.32,6.3));
#9865 = VECTOR('',#9866,1.);
#9866 = DIRECTION('',(-1.,1.224646799147E-16,0.));
#9867 = PLANE('',#9868);
#9868 = AXIS2_PLACEMENT_3D('',#9869,#9870,#9871);
#9869 = CARTESIAN_POINT('',(12.82,-0.32,-3.4));
#9870 = DIRECTION('',(1.224646799147E-16,1.,0.));
#9871 = DIRECTION('',(0.,-0.,1.));
#9872 = ADVANCED_FACE('',(#9873),#9891,.F.);
#9873 = FACE_BOUND('',#9874,.F.);
#9874 = EDGE_LOOP('',(#9875,#9876,#9877,#9885));
#9875 = ORIENTED_EDGE('',*,*,#8656,.T.);
#9876 = ORIENTED_EDGE('',*,*,#9852,.T.);
#9877 = ORIENTED_EDGE('',*,*,#9878,.T.);
#9878 = EDGE_CURVE('',#9853,#9879,#9881,.T.);
#9879 = VERTEX_POINT('',#9880);
#9880 = CARTESIAN_POINT('',(12.82,0.32,6.3));
#9881 = LINE('',#9882,#9883);
#9882 = CARTESIAN_POINT('',(12.82,-0.32,6.3));
#9883 = VECTOR('',#9884,1.);
#9884 = DIRECTION('',(1.224646799147E-16,1.,0.));
#9885 = ORIENTED_EDGE('',*,*,#9886,.T.);
#9886 = EDGE_CURVE('',#9879,#8649,#9887,.T.);
#9887 = LINE('',#9888,#9889);
#9888 = CARTESIAN_POINT('',(12.82,0.32,6.5));
#9889 = VECTOR('',#9890,1.);
#9890 = DIRECTION('',(-0.,0.,-1.));
#9891 = PLANE('',#9892);
#9892 = AXIS2_PLACEMENT_3D('',#9893,#9894,#9895);
#9893 = CARTESIAN_POINT('',(12.82,-6.515120971464E-16,1.55));
#9894 = DIRECTION('',(-1.,1.224646799147E-16,0.));
#9895 = DIRECTION('',(0.,0.,1.));
#9896 = ADVANCED_FACE('',(#9897),#9908,.F.);
#9897 = FACE_BOUND('',#9898,.F.);
#9898 = EDGE_LOOP('',(#9899,#9900,#9906,#9907));
#9899 = ORIENTED_EDGE('',*,*,#9886,.F.);
#9900 = ORIENTED_EDGE('',*,*,#9901,.T.);
#9901 = EDGE_CURVE('',#9879,#9831,#9902,.T.);
#9902 = LINE('',#9903,#9904);
#9903 = CARTESIAN_POINT('',(12.82,0.32,6.3));
#9904 = VECTOR('',#9905,1.);
#9905 = DIRECTION('',(-1.,1.224646799147E-16,0.));
#9906 = ORIENTED_EDGE('',*,*,#9838,.T.);
#9907 = ORIENTED_EDGE('',*,*,#8648,.T.);
#9908 = PLANE('',#9909);
#9909 = AXIS2_PLACEMENT_3D('',#9910,#9911,#9912);
#9910 = CARTESIAN_POINT('',(12.82,0.32,6.5));
#9911 = DIRECTION('',(-1.224646799147E-16,-1.,0.));
#9912 = DIRECTION('',(-0.,0.,-1.));
#9913 = ADVANCED_FACE('',(#9914),#9939,.F.);
#9914 = FACE_BOUND('',#9915,.F.);
#9915 = EDGE_LOOP('',(#9916,#9924,#9932,#9938));
#9916 = ORIENTED_EDGE('',*,*,#9917,.F.);
#9917 = EDGE_CURVE('',#9918,#8675,#9920,.T.);
#9918 = VERTEX_POINT('',#9919);
#9919 = CARTESIAN_POINT('',(15.32,0.32,6.3));
#9920 = LINE('',#9921,#9922);
#9921 = CARTESIAN_POINT('',(15.32,0.32,6.5));
#9922 = VECTOR('',#9923,1.);
#9923 = DIRECTION('',(-0.,0.,-1.));
#9924 = ORIENTED_EDGE('',*,*,#9925,.T.);
#9925 = EDGE_CURVE('',#9918,#9926,#9928,.T.);
#9926 = VERTEX_POINT('',#9927);
#9927 = CARTESIAN_POINT('',(14.68,0.32,6.3));
#9928 = LINE('',#9929,#9930);
#9929 = CARTESIAN_POINT('',(15.32,0.32,6.3));
#9930 = VECTOR('',#9931,1.);
#9931 = DIRECTION('',(-1.,1.224646799147E-16,0.));
#9932 = ORIENTED_EDGE('',*,*,#9933,.T.);
#9933 = EDGE_CURVE('',#9926,#8673,#9934,.T.);
#9934 = LINE('',#9935,#9936);
#9935 = CARTESIAN_POINT('',(14.68,0.32,6.5));
#9936 = VECTOR('',#9937,1.);
#9937 = DIRECTION('',(-0.,0.,-1.));
#9938 = ORIENTED_EDGE('',*,*,#8672,.T.);
#9939 = PLANE('',#9940);
#9940 = AXIS2_PLACEMENT_3D('',#9941,#9942,#9943);
#9941 = CARTESIAN_POINT('',(15.32,0.32,6.5));
#9942 = DIRECTION('',(-1.224646799147E-16,-1.,0.));
#9943 = DIRECTION('',(-0.,0.,-1.));
#9944 = ADVANCED_FACE('',(#9945),#9963,.T.);
#9945 = FACE_BOUND('',#9946,.T.);
#9946 = EDGE_LOOP('',(#9947,#9948,#9956,#9962));
#9947 = ORIENTED_EDGE('',*,*,#8698,.T.);
#9948 = ORIENTED_EDGE('',*,*,#9949,.T.);
#9949 = EDGE_CURVE('',#8691,#9950,#9952,.T.);
#9950 = VERTEX_POINT('',#9951);
#9951 = CARTESIAN_POINT('',(14.68,-0.32,6.3));
#9952 = LINE('',#9953,#9954);
#9953 = CARTESIAN_POINT('',(14.68,-0.32,-0.9));
#9954 = VECTOR('',#9955,1.);
#9955 = DIRECTION('',(0.,0.,1.));
#9956 = ORIENTED_EDGE('',*,*,#9957,.T.);
#9957 = EDGE_CURVE('',#9950,#9926,#9958,.T.);
#9958 = LINE('',#9959,#9960);
#9959 = CARTESIAN_POINT('',(14.68,-0.32,6.3));
#9960 = VECTOR('',#9961,1.);
#9961 = DIRECTION('',(1.224646799147E-16,1.,0.));
#9962 = ORIENTED_EDGE('',*,*,#9933,.T.);
#9963 = PLANE('',#9964);
#9964 = AXIS2_PLACEMENT_3D('',#9965,#9966,#9967);
#9965 = CARTESIAN_POINT('',(14.68,3.65940088399E-02,1.522832428212));
#9966 = DIRECTION('',(-1.,1.224646799147E-16,0.));
#9967 = DIRECTION('',(0.,0.,1.));
#9968 = ADVANCED_FACE('',(#9969),#9987,.F.);
#9969 = FACE_BOUND('',#9970,.F.);
#9970 = EDGE_LOOP('',(#9971,#9979,#9980,#9981));
#9971 = ORIENTED_EDGE('',*,*,#9972,.F.);
#9972 = EDGE_CURVE('',#8683,#9973,#9975,.T.);
#9973 = VERTEX_POINT('',#9974);
#9974 = CARTESIAN_POINT('',(15.32,-0.32,6.3));
#9975 = LINE('',#9976,#9977);
#9976 = CARTESIAN_POINT('',(15.32,-0.32,-0.9));
#9977 = VECTOR('',#9978,1.);
#9978 = DIRECTION('',(0.,0.,1.));
#9979 = ORIENTED_EDGE('',*,*,#8690,.T.);
#9980 = ORIENTED_EDGE('',*,*,#9949,.T.);
#9981 = ORIENTED_EDGE('',*,*,#9982,.F.);
#9982 = EDGE_CURVE('',#9973,#9950,#9983,.T.);
#9983 = LINE('',#9984,#9985);
#9984 = CARTESIAN_POINT('',(15.32,-0.32,6.3));
#9985 = VECTOR('',#9986,1.);
#9986 = DIRECTION('',(-1.,1.224646799147E-16,0.));
#9987 = PLANE('',#9988);
#9988 = AXIS2_PLACEMENT_3D('',#9989,#9990,#9991);
#9989 = CARTESIAN_POINT('',(15.32,-0.32,-0.9));
#9990 = DIRECTION('',(1.224646799147E-16,1.,0.));
#9991 = DIRECTION('',(0.,-0.,1.));
#9992 = ADVANCED_FACE('',(#9993),#10004,.F.);
#9993 = FACE_BOUND('',#9994,.F.);
#9994 = EDGE_LOOP('',(#9995,#9996,#9997,#10003));
#9995 = ORIENTED_EDGE('',*,*,#8682,.T.);
#9996 = ORIENTED_EDGE('',*,*,#9972,.T.);
#9997 = ORIENTED_EDGE('',*,*,#9998,.T.);
#9998 = EDGE_CURVE('',#9973,#9918,#9999,.T.);
#9999 = LINE('',#10000,#10001);
#10000 = CARTESIAN_POINT('',(15.32,-0.32,6.3));
#10001 = VECTOR('',#10002,1.);
#10002 = DIRECTION('',(1.224646799147E-16,1.,0.));
#10003 = ORIENTED_EDGE('',*,*,#9917,.T.);
#10004 = PLANE('',#10005);
#10005 = AXIS2_PLACEMENT_3D('',#10006,#10007,#10008);
#10006 = CARTESIAN_POINT('',(15.32,3.65940088399E-02,1.522832428212));
#10007 = DIRECTION('',(-1.,1.224646799147E-16,0.));
#10008 = DIRECTION('',(0.,0.,1.));
#10009 = ADVANCED_FACE('',(#10010),#10035,.T.);
#10010 = FACE_BOUND('',#10011,.T.);
#10011 = EDGE_LOOP('',(#10012,#10013,#10021,#10029));
#10012 = ORIENTED_EDGE('',*,*,#8706,.T.);
#10013 = ORIENTED_EDGE('',*,*,#10014,.T.);
#10014 = EDGE_CURVE('',#8709,#10015,#10017,.T.);
#10015 = VERTEX_POINT('',#10016);
#10016 = CARTESIAN_POINT('',(-0.32,-0.32,6.3));
#10017 = LINE('',#10018,#10019);
#10018 = CARTESIAN_POINT('',(-0.32,-0.32,-0.9));
#10019 = VECTOR('',#10020,1.);
#10020 = DIRECTION('',(0.,0.,1.));
#10021 = ORIENTED_EDGE('',*,*,#10022,.T.);
#10022 = EDGE_CURVE('',#10015,#10023,#10025,.T.);
#10023 = VERTEX_POINT('',#10024);
#10024 = CARTESIAN_POINT('',(-0.32,0.32,6.3));
#10025 = LINE('',#10026,#10027);
#10026 = CARTESIAN_POINT('',(-0.32,-0.32,6.3));
#10027 = VECTOR('',#10028,1.);
#10028 = DIRECTION('',(1.224646799147E-16,1.,0.));
#10029 = ORIENTED_EDGE('',*,*,#10030,.T.);
#10030 = EDGE_CURVE('',#10023,#8707,#10031,.T.);
#10031 = LINE('',#10032,#10033);
#10032 = CARTESIAN_POINT('',(-0.32,0.32,6.5));
#10033 = VECTOR('',#10034,1.);
#10034 = DIRECTION('',(-0.,0.,-1.));
#10035 = PLANE('',#10036);
#10036 = AXIS2_PLACEMENT_3D('',#10037,#10038,#10039);
#10037 = CARTESIAN_POINT('',(-0.32,3.65940088399E-02,1.522832428212));
#10038 = DIRECTION('',(-1.,1.224646799147E-16,0.));
#10039 = DIRECTION('',(0.,0.,1.));
#10040 = ADVANCED_FACE('',(#10041),#10059,.F.);
#10041 = FACE_BOUND('',#10042,.F.);
#10042 = EDGE_LOOP('',(#10043,#10051,#10052,#10053));
#10043 = ORIENTED_EDGE('',*,*,#10044,.F.);
#10044 = EDGE_CURVE('',#8725,#10045,#10047,.T.);
#10045 = VERTEX_POINT('',#10046);
#10046 = CARTESIAN_POINT('',(0.32,-0.32,6.3));
#10047 = LINE('',#10048,#10049);
#10048 = CARTESIAN_POINT('',(0.32,-0.32,-0.9));
#10049 = VECTOR('',#10050,1.);
#10050 = DIRECTION('',(0.,0.,1.));
#10051 = ORIENTED_EDGE('',*,*,#8732,.T.);
#10052 = ORIENTED_EDGE('',*,*,#10014,.T.);
#10053 = ORIENTED_EDGE('',*,*,#10054,.F.);
#10054 = EDGE_CURVE('',#10045,#10015,#10055,.T.);
#10055 = LINE('',#10056,#10057);
#10056 = CARTESIAN_POINT('',(0.32,-0.32,6.3));
#10057 = VECTOR('',#10058,1.);
#10058 = DIRECTION('',(-1.,1.224646799147E-16,0.));
#10059 = PLANE('',#10060);
#10060 = AXIS2_PLACEMENT_3D('',#10061,#10062,#10063);
#10061 = CARTESIAN_POINT('',(0.32,-0.32,-0.9));
#10062 = DIRECTION('',(1.224646799147E-16,1.,0.));
#10063 = DIRECTION('',(0.,-0.,1.));
#10064 = ADVANCED_FACE('',(#10065),#10083,.F.);
#10065 = FACE_BOUND('',#10066,.F.);
#10066 = EDGE_LOOP('',(#10067,#10068,#10069,#10077));
#10067 = ORIENTED_EDGE('',*,*,#8724,.T.);
#10068 = ORIENTED_EDGE('',*,*,#10044,.T.);
#10069 = ORIENTED_EDGE('',*,*,#10070,.T.);
#10070 = EDGE_CURVE('',#10045,#10071,#10073,.T.);
#10071 = VERTEX_POINT('',#10072);
#10072 = CARTESIAN_POINT('',(0.32,0.32,6.3));
#10073 = LINE('',#10074,#10075);
#10074 = CARTESIAN_POINT('',(0.32,-0.32,6.3));
#10075 = VECTOR('',#10076,1.);
#10076 = DIRECTION('',(1.224646799147E-16,1.,0.));
#10077 = ORIENTED_EDGE('',*,*,#10078,.T.);
#10078 = EDGE_CURVE('',#10071,#8717,#10079,.T.);
#10079 = LINE('',#10080,#10081);
#10080 = CARTESIAN_POINT('',(0.32,0.32,6.5));
#10081 = VECTOR('',#10082,1.);
#10082 = DIRECTION('',(-0.,0.,-1.));
#10083 = PLANE('',#10084);
#10084 = AXIS2_PLACEMENT_3D('',#10085,#10086,#10087);
#10085 = CARTESIAN_POINT('',(0.32,3.65940088399E-02,1.522832428212));
#10086 = DIRECTION('',(-1.,1.224646799147E-16,0.));
#10087 = DIRECTION('',(0.,0.,1.));
#10088 = ADVANCED_FACE('',(#10089),#10100,.F.);
#10089 = FACE_BOUND('',#10090,.F.);
#10090 = EDGE_LOOP('',(#10091,#10092,#10098,#10099));
#10091 = ORIENTED_EDGE('',*,*,#10078,.F.);
#10092 = ORIENTED_EDGE('',*,*,#10093,.T.);
#10093 = EDGE_CURVE('',#10071,#10023,#10094,.T.);
#10094 = LINE('',#10095,#10096);
#10095 = CARTESIAN_POINT('',(0.32,0.32,6.3));
#10096 = VECTOR('',#10097,1.);
#10097 = DIRECTION('',(-1.,1.224646799147E-16,0.));
#10098 = ORIENTED_EDGE('',*,*,#10030,.T.);
#10099 = ORIENTED_EDGE('',*,*,#8716,.T.);
#10100 = PLANE('',#10101);
#10101 = AXIS2_PLACEMENT_3D('',#10102,#10103,#10104);
#10102 = CARTESIAN_POINT('',(0.32,0.32,6.5));
#10103 = DIRECTION('',(-1.224646799147E-16,-1.,0.));
#10104 = DIRECTION('',(-0.,0.,-1.));
#10105 = ADVANCED_FACE('',(#10106),#10163,.T.);
#10106 = FACE_BOUND('',#10107,.T.);
#10107 = EDGE_LOOP('',(#10108,#10118,#10126,#10134,#10140,#10141,#10149,
    #10157));
#10108 = ORIENTED_EDGE('',*,*,#10109,.T.);
#10109 = EDGE_CURVE('',#10110,#10112,#10114,.T.);
#10110 = VERTEX_POINT('',#10111);
#10111 = CARTESIAN_POINT('',(-0.32,0.351578947368,-3.2));
#10112 = VERTEX_POINT('',#10113);
#10113 = CARTESIAN_POINT('',(-0.32,-0.288421052632,-3.2));
#10114 = LINE('',#10115,#10116);
#10115 = CARTESIAN_POINT('',(-0.32,0.32,-3.2));
#10116 = VECTOR('',#10117,1.);
#10117 = DIRECTION('',(-1.224646799147E-16,-1.,0.));
#10118 = ORIENTED_EDGE('',*,*,#10119,.T.);
#10119 = EDGE_CURVE('',#10112,#10120,#10122,.T.);
#10120 = VERTEX_POINT('',#10121);
#10121 = CARTESIAN_POINT('',(-0.32,-2.E-02,-1.5));
#10122 = LINE('',#10123,#10124);
#10123 = CARTESIAN_POINT('',(-0.32,-0.32,-3.4));
#10124 = VECTOR('',#10125,1.);
#10125 = DIRECTION('',(1.909990663905E-17,0.155962573473,0.987762965329)
  );
#10126 = ORIENTED_EDGE('',*,*,#10127,.T.);
#10127 = EDGE_CURVE('',#10120,#10128,#10130,.T.);
#10128 = VERTEX_POINT('',#10129);
#10129 = CARTESIAN_POINT('',(-0.32,-0.32,-0.9));
#10130 = LINE('',#10131,#10132);
#10131 = CARTESIAN_POINT('',(-0.32,-2.E-02,-1.5));
#10132 = VECTOR('',#10133,1.);
#10133 = DIRECTION('',(-5.476786982641E-17,-0.4472135955,0.894427191));
#10134 = ORIENTED_EDGE('',*,*,#10135,.T.);
#10135 = EDGE_CURVE('',#10128,#9124,#10136,.T.);
#10136 = LINE('',#10137,#10138);
#10137 = CARTESIAN_POINT('',(-0.32,-0.32,-0.9));
#10138 = VECTOR('',#10139,1.);
#10139 = DIRECTION('',(0.,0.,1.));
#10140 = ORIENTED_EDGE('',*,*,#9121,.F.);
#10141 = ORIENTED_EDGE('',*,*,#10142,.T.);
#10142 = EDGE_CURVE('',#9122,#10143,#10145,.T.);
#10143 = VERTEX_POINT('',#10144);
#10144 = CARTESIAN_POINT('',(-0.32,0.32,-0.9));
#10145 = LINE('',#10146,#10147);
#10146 = CARTESIAN_POINT('',(-0.32,0.32,6.5));
#10147 = VECTOR('',#10148,1.);
#10148 = DIRECTION('',(-0.,0.,-1.));
#10149 = ORIENTED_EDGE('',*,*,#10150,.T.);
#10150 = EDGE_CURVE('',#10143,#10151,#10153,.T.);
#10151 = VERTEX_POINT('',#10152);
#10152 = CARTESIAN_POINT('',(-0.32,0.62,-1.5));
#10153 = LINE('',#10154,#10155);
#10154 = CARTESIAN_POINT('',(-0.32,0.32,-0.9));
#10155 = VECTOR('',#10156,1.);
#10156 = DIRECTION('',(5.476786982641E-17,0.4472135955,-0.894427191));
#10157 = ORIENTED_EDGE('',*,*,#10158,.T.);
#10158 = EDGE_CURVE('',#10151,#10110,#10159,.T.);
#10159 = LINE('',#10160,#10161);
#10160 = CARTESIAN_POINT('',(-0.32,0.62,-1.5));
#10161 = VECTOR('',#10162,1.);
#10162 = DIRECTION('',(-1.909990663905E-17,-0.155962573473,
    -0.987762965329));
#10163 = PLANE('',#10164);
#10164 = AXIS2_PLACEMENT_3D('',#10165,#10166,#10167);
#10165 = CARTESIAN_POINT('',(-0.32,3.65940088399E-02,1.522832428212));
#10166 = DIRECTION('',(-1.,1.224646799147E-16,0.));
#10167 = DIRECTION('',(0.,0.,1.));
#10168 = ADVANCED_FACE('',(#10169),#10187,.F.);
#10169 = FACE_BOUND('',#10170,.F.);
#10170 = EDGE_LOOP('',(#10171,#10179,#10185,#10186));
#10171 = ORIENTED_EDGE('',*,*,#10172,.F.);
#10172 = EDGE_CURVE('',#10173,#9140,#10175,.T.);
#10173 = VERTEX_POINT('',#10174);
#10174 = CARTESIAN_POINT('',(0.32,-0.32,-0.9));
#10175 = LINE('',#10176,#10177);
#10176 = CARTESIAN_POINT('',(0.32,-0.32,-0.9));
#10177 = VECTOR('',#10178,1.);
#10178 = DIRECTION('',(0.,0.,1.));
#10179 = ORIENTED_EDGE('',*,*,#10180,.T.);
#10180 = EDGE_CURVE('',#10173,#10128,#10181,.T.);
#10181 = LINE('',#10182,#10183);
#10182 = CARTESIAN_POINT('',(0.32,-0.32,-0.9));
#10183 = VECTOR('',#10184,1.);
#10184 = DIRECTION('',(-1.,1.224646799147E-16,0.));
#10185 = ORIENTED_EDGE('',*,*,#10135,.T.);
#10186 = ORIENTED_EDGE('',*,*,#9147,.F.);
#10187 = PLANE('',#10188);
#10188 = AXIS2_PLACEMENT_3D('',#10189,#10190,#10191);
#10189 = CARTESIAN_POINT('',(0.32,-0.32,-0.9));
#10190 = DIRECTION('',(1.224646799147E-16,1.,0.));
#10191 = DIRECTION('',(0.,-0.,1.));
#10192 = ADVANCED_FACE('',(#10193),#10243,.F.);
#10193 = FACE_BOUND('',#10194,.F.);
#10194 = EDGE_LOOP('',(#10195,#10205,#10213,#10219,#10220,#10221,#10229,
    #10237));
#10195 = ORIENTED_EDGE('',*,*,#10196,.T.);
#10196 = EDGE_CURVE('',#10197,#10199,#10201,.T.);
#10197 = VERTEX_POINT('',#10198);
#10198 = CARTESIAN_POINT('',(0.32,0.351578947368,-3.2));
#10199 = VERTEX_POINT('',#10200);
#10200 = CARTESIAN_POINT('',(0.32,-0.288421052632,-3.2));
#10201 = LINE('',#10202,#10203);
#10202 = CARTESIAN_POINT('',(0.32,0.32,-3.2));
#10203 = VECTOR('',#10204,1.);
#10204 = DIRECTION('',(-1.224646799147E-16,-1.,0.));
#10205 = ORIENTED_EDGE('',*,*,#10206,.T.);
#10206 = EDGE_CURVE('',#10199,#10207,#10209,.T.);
#10207 = VERTEX_POINT('',#10208);
#10208 = CARTESIAN_POINT('',(0.32,-2.E-02,-1.5));
#10209 = LINE('',#10210,#10211);
#10210 = CARTESIAN_POINT('',(0.32,-0.32,-3.4));
#10211 = VECTOR('',#10212,1.);
#10212 = DIRECTION('',(1.909990663905E-17,0.155962573473,0.987762965329)
  );
#10213 = ORIENTED_EDGE('',*,*,#10214,.T.);
#10214 = EDGE_CURVE('',#10207,#10173,#10215,.T.);
#10215 = LINE('',#10216,#10217);
#10216 = CARTESIAN_POINT('',(0.32,-2.E-02,-1.5));
#10217 = VECTOR('',#10218,1.);
#10218 = DIRECTION('',(-5.476786982641E-17,-0.4472135955,0.894427191));
#10219 = ORIENTED_EDGE('',*,*,#10172,.T.);
#10220 = ORIENTED_EDGE('',*,*,#9139,.F.);
#10221 = ORIENTED_EDGE('',*,*,#10222,.T.);
#10222 = EDGE_CURVE('',#9132,#10223,#10225,.T.);
#10223 = VERTEX_POINT('',#10224);
#10224 = CARTESIAN_POINT('',(0.32,0.32,-0.9));
#10225 = LINE('',#10226,#10227);
#10226 = CARTESIAN_POINT('',(0.32,0.32,6.5));
#10227 = VECTOR('',#10228,1.);
#10228 = DIRECTION('',(-0.,0.,-1.));
#10229 = ORIENTED_EDGE('',*,*,#10230,.T.);
#10230 = EDGE_CURVE('',#10223,#10231,#10233,.T.);
#10231 = VERTEX_POINT('',#10232);
#10232 = CARTESIAN_POINT('',(0.32,0.62,-1.5));
#10233 = LINE('',#10234,#10235);
#10234 = CARTESIAN_POINT('',(0.32,0.32,-0.9));
#10235 = VECTOR('',#10236,1.);
#10236 = DIRECTION('',(5.476786982641E-17,0.4472135955,-0.894427191));
#10237 = ORIENTED_EDGE('',*,*,#10238,.T.);
#10238 = EDGE_CURVE('',#10231,#10197,#10239,.T.);
#10239 = LINE('',#10240,#10241);
#10240 = CARTESIAN_POINT('',(0.32,0.62,-1.5));
#10241 = VECTOR('',#10242,1.);
#10242 = DIRECTION('',(-1.909990663905E-17,-0.155962573473,
    -0.987762965329));
#10243 = PLANE('',#10244);
#10244 = AXIS2_PLACEMENT_3D('',#10245,#10246,#10247);
#10245 = CARTESIAN_POINT('',(0.32,3.65940088399E-02,1.522832428212));
#10246 = DIRECTION('',(-1.,1.224646799147E-16,0.));
#10247 = DIRECTION('',(0.,0.,1.));
#10248 = ADVANCED_FACE('',(#10249),#10260,.F.);
#10249 = FACE_BOUND('',#10250,.F.);
#10250 = EDGE_LOOP('',(#10251,#10252,#10253,#10254));
#10251 = ORIENTED_EDGE('',*,*,#10222,.F.);
#10252 = ORIENTED_EDGE('',*,*,#9131,.F.);
#10253 = ORIENTED_EDGE('',*,*,#10142,.T.);
#10254 = ORIENTED_EDGE('',*,*,#10255,.F.);
#10255 = EDGE_CURVE('',#10223,#10143,#10256,.T.);
#10256 = LINE('',#10257,#10258);
#10257 = CARTESIAN_POINT('',(0.32,0.32,-0.9));
#10258 = VECTOR('',#10259,1.);
#10259 = DIRECTION('',(-1.,1.224646799147E-16,0.));
#10260 = PLANE('',#10261);
#10261 = AXIS2_PLACEMENT_3D('',#10262,#10263,#10264);
#10262 = CARTESIAN_POINT('',(0.32,0.32,6.5));
#10263 = DIRECTION('',(-1.224646799147E-16,-1.,0.));
#10264 = DIRECTION('',(-0.,0.,-1.));
#10265 = ADVANCED_FACE('',(#10266),#10291,.T.);
#10266 = FACE_BOUND('',#10267,.T.);
#10267 = EDGE_LOOP('',(#10268,#10278,#10284,#10285));
#10268 = ORIENTED_EDGE('',*,*,#10269,.T.);
#10269 = EDGE_CURVE('',#10270,#10272,#10274,.T.);
#10270 = VERTEX_POINT('',#10271);
#10271 = CARTESIAN_POINT('',(2.18,0.32,-3.2));
#10272 = VERTEX_POINT('',#10273);
#10273 = CARTESIAN_POINT('',(2.18,-0.32,-3.2));
#10274 = LINE('',#10275,#10276);
#10275 = CARTESIAN_POINT('',(2.18,0.32,-3.2));
#10276 = VECTOR('',#10277,1.);
#10277 = DIRECTION('',(-1.224646799147E-16,-1.,0.));
#10278 = ORIENTED_EDGE('',*,*,#10279,.T.);
#10279 = EDGE_CURVE('',#10272,#9170,#10280,.T.);
#10280 = LINE('',#10281,#10282);
#10281 = CARTESIAN_POINT('',(2.18,-0.32,-3.4));
#10282 = VECTOR('',#10283,1.);
#10283 = DIRECTION('',(0.,0.,1.));
#10284 = ORIENTED_EDGE('',*,*,#9167,.F.);
#10285 = ORIENTED_EDGE('',*,*,#10286,.T.);
#10286 = EDGE_CURVE('',#9168,#10270,#10287,.T.);
#10287 = LINE('',#10288,#10289);
#10288 = CARTESIAN_POINT('',(2.18,0.32,6.5));
#10289 = VECTOR('',#10290,1.);
#10290 = DIRECTION('',(-0.,0.,-1.));
#10291 = PLANE('',#10292);
#10292 = AXIS2_PLACEMENT_3D('',#10293,#10294,#10295);
#10293 = CARTESIAN_POINT('',(2.18,6.515120971464E-16,1.55));
#10294 = DIRECTION('',(-1.,1.224646799147E-16,0.));
#10295 = DIRECTION('',(0.,0.,1.));
#10296 = ADVANCED_FACE('',(#10297),#10315,.F.);
#10297 = FACE_BOUND('',#10298,.F.);
#10298 = EDGE_LOOP('',(#10299,#10307,#10313,#10314));
#10299 = ORIENTED_EDGE('',*,*,#10300,.F.);
#10300 = EDGE_CURVE('',#10301,#9186,#10303,.T.);
#10301 = VERTEX_POINT('',#10302);
#10302 = CARTESIAN_POINT('',(2.82,-0.32,-3.2));
#10303 = LINE('',#10304,#10305);
#10304 = CARTESIAN_POINT('',(2.82,-0.32,-3.4));
#10305 = VECTOR('',#10306,1.);
#10306 = DIRECTION('',(0.,0.,1.));
#10307 = ORIENTED_EDGE('',*,*,#10308,.T.);
#10308 = EDGE_CURVE('',#10301,#10272,#10309,.T.);
#10309 = LINE('',#10310,#10311);
#10310 = CARTESIAN_POINT('',(2.82,-0.32,-3.2));
#10311 = VECTOR('',#10312,1.);
#10312 = DIRECTION('',(-1.,1.224646799147E-16,0.));
#10313 = ORIENTED_EDGE('',*,*,#10279,.T.);
#10314 = ORIENTED_EDGE('',*,*,#9193,.F.);
#10315 = PLANE('',#10316);
#10316 = AXIS2_PLACEMENT_3D('',#10317,#10318,#10319);
#10317 = CARTESIAN_POINT('',(2.82,-0.32,-3.4));
#10318 = DIRECTION('',(1.224646799147E-16,1.,0.));
#10319 = DIRECTION('',(0.,-0.,1.));
#10320 = ADVANCED_FACE('',(#10321),#10339,.F.);
#10321 = FACE_BOUND('',#10322,.F.);
#10322 = EDGE_LOOP('',(#10323,#10331,#10332,#10333));
#10323 = ORIENTED_EDGE('',*,*,#10324,.T.);
#10324 = EDGE_CURVE('',#10325,#10301,#10327,.T.);
#10325 = VERTEX_POINT('',#10326);
#10326 = CARTESIAN_POINT('',(2.82,0.32,-3.2));
#10327 = LINE('',#10328,#10329);
#10328 = CARTESIAN_POINT('',(2.82,0.32,-3.2));
#10329 = VECTOR('',#10330,1.);
#10330 = DIRECTION('',(-1.224646799147E-16,-1.,0.));
#10331 = ORIENTED_EDGE('',*,*,#10300,.T.);
#10332 = ORIENTED_EDGE('',*,*,#9185,.F.);
#10333 = ORIENTED_EDGE('',*,*,#10334,.T.);
#10334 = EDGE_CURVE('',#9178,#10325,#10335,.T.);
#10335 = LINE('',#10336,#10337);
#10336 = CARTESIAN_POINT('',(2.82,0.32,6.5));
#10337 = VECTOR('',#10338,1.);
#10338 = DIRECTION('',(-0.,0.,-1.));
#10339 = PLANE('',#10340);
#10340 = AXIS2_PLACEMENT_3D('',#10341,#10342,#10343);
#10341 = CARTESIAN_POINT('',(2.82,5.73134702001E-16,1.55));
#10342 = DIRECTION('',(-1.,1.224646799147E-16,0.));
#10343 = DIRECTION('',(0.,0.,1.));
#10344 = ADVANCED_FACE('',(#10345),#10356,.F.);
#10345 = FACE_BOUND('',#10346,.F.);
#10346 = EDGE_LOOP('',(#10347,#10348,#10349,#10350));
#10347 = ORIENTED_EDGE('',*,*,#10334,.F.);
#10348 = ORIENTED_EDGE('',*,*,#9177,.F.);
#10349 = ORIENTED_EDGE('',*,*,#10286,.T.);
#10350 = ORIENTED_EDGE('',*,*,#10351,.F.);
#10351 = EDGE_CURVE('',#10325,#10270,#10352,.T.);
#10352 = LINE('',#10353,#10354);
#10353 = CARTESIAN_POINT('',(2.82,0.32,-3.2));
#10354 = VECTOR('',#10355,1.);
#10355 = DIRECTION('',(-1.,1.224646799147E-16,0.));
#10356 = PLANE('',#10357);
#10357 = AXIS2_PLACEMENT_3D('',#10358,#10359,#10360);
#10358 = CARTESIAN_POINT('',(2.82,0.32,6.5));
#10359 = DIRECTION('',(-1.224646799147E-16,-1.,0.));
#10360 = DIRECTION('',(-0.,0.,-1.));
#10361 = ADVANCED_FACE('',(#10362),#10387,.T.);
#10362 = FACE_BOUND('',#10363,.T.);
#10363 = EDGE_LOOP('',(#10364,#10374,#10380,#10381));
#10364 = ORIENTED_EDGE('',*,*,#10365,.T.);
#10365 = EDGE_CURVE('',#10366,#10368,#10370,.T.);
#10366 = VERTEX_POINT('',#10367);
#10367 = CARTESIAN_POINT('',(4.68,0.32,-3.2));
#10368 = VERTEX_POINT('',#10369);
#10369 = CARTESIAN_POINT('',(4.68,-0.32,-3.2));
#10370 = LINE('',#10371,#10372);
#10371 = CARTESIAN_POINT('',(4.68,0.32,-3.2));
#10372 = VECTOR('',#10373,1.);
#10373 = DIRECTION('',(-1.224646799147E-16,-1.,0.));
#10374 = ORIENTED_EDGE('',*,*,#10375,.T.);
#10375 = EDGE_CURVE('',#10368,#9216,#10376,.T.);
#10376 = LINE('',#10377,#10378);
#10377 = CARTESIAN_POINT('',(4.68,-0.32,-3.4));
#10378 = VECTOR('',#10379,1.);
#10379 = DIRECTION('',(0.,0.,1.));
#10380 = ORIENTED_EDGE('',*,*,#9213,.F.);
#10381 = ORIENTED_EDGE('',*,*,#10382,.T.);
#10382 = EDGE_CURVE('',#9214,#10366,#10383,.T.);
#10383 = LINE('',#10384,#10385);
#10384 = CARTESIAN_POINT('',(4.68,0.32,6.5));
#10385 = VECTOR('',#10386,1.);
#10386 = DIRECTION('',(-0.,0.,-1.));
#10387 = PLANE('',#10388);
#10388 = AXIS2_PLACEMENT_3D('',#10389,#10390,#10391);
#10389 = CARTESIAN_POINT('',(4.68,3.453503973596E-16,1.55));
#10390 = DIRECTION('',(-1.,1.224646799147E-16,0.));
#10391 = DIRECTION('',(0.,0.,1.));
#10392 = ADVANCED_FACE('',(#10393),#10411,.F.);
#10393 = FACE_BOUND('',#10394,.F.);
#10394 = EDGE_LOOP('',(#10395,#10403,#10409,#10410));
#10395 = ORIENTED_EDGE('',*,*,#10396,.F.);
#10396 = EDGE_CURVE('',#10397,#9232,#10399,.T.);
#10397 = VERTEX_POINT('',#10398);
#10398 = CARTESIAN_POINT('',(5.32,-0.32,-3.2));
#10399 = LINE('',#10400,#10401);
#10400 = CARTESIAN_POINT('',(5.32,-0.32,-3.4));
#10401 = VECTOR('',#10402,1.);
#10402 = DIRECTION('',(0.,0.,1.));
#10403 = ORIENTED_EDGE('',*,*,#10404,.T.);
#10404 = EDGE_CURVE('',#10397,#10368,#10405,.T.);
#10405 = LINE('',#10406,#10407);
#10406 = CARTESIAN_POINT('',(5.32,-0.32,-3.2));
#10407 = VECTOR('',#10408,1.);
#10408 = DIRECTION('',(-1.,1.224646799147E-16,0.));
#10409 = ORIENTED_EDGE('',*,*,#10375,.T.);
#10410 = ORIENTED_EDGE('',*,*,#9239,.F.);
#10411 = PLANE('',#10412);
#10412 = AXIS2_PLACEMENT_3D('',#10413,#10414,#10415);
#10413 = CARTESIAN_POINT('',(5.32,-0.32,-3.4));
#10414 = DIRECTION('',(1.224646799147E-16,1.,0.));
#10415 = DIRECTION('',(0.,-0.,1.));
#10416 = ADVANCED_FACE('',(#10417),#10435,.F.);
#10417 = FACE_BOUND('',#10418,.F.);
#10418 = EDGE_LOOP('',(#10419,#10427,#10428,#10429));
#10419 = ORIENTED_EDGE('',*,*,#10420,.T.);
#10420 = EDGE_CURVE('',#10421,#10397,#10423,.T.);
#10421 = VERTEX_POINT('',#10422);
#10422 = CARTESIAN_POINT('',(5.32,0.32,-3.2));
#10423 = LINE('',#10424,#10425);
#10424 = CARTESIAN_POINT('',(5.32,0.32,-3.2));
#10425 = VECTOR('',#10426,1.);
#10426 = DIRECTION('',(-1.224646799147E-16,-1.,0.));
#10427 = ORIENTED_EDGE('',*,*,#10396,.T.);
#10428 = ORIENTED_EDGE('',*,*,#9231,.F.);
#10429 = ORIENTED_EDGE('',*,*,#10430,.T.);
#10430 = EDGE_CURVE('',#9224,#10421,#10431,.T.);
#10431 = LINE('',#10432,#10433);
#10432 = CARTESIAN_POINT('',(5.32,0.32,6.5));
#10433 = VECTOR('',#10434,1.);
#10434 = DIRECTION('',(-0.,0.,-1.));
#10435 = PLANE('',#10436);
#10436 = AXIS2_PLACEMENT_3D('',#10437,#10438,#10439);
#10437 = CARTESIAN_POINT('',(5.32,2.669730022141E-16,1.55));
#10438 = DIRECTION('',(-1.,1.224646799147E-16,0.));
#10439 = DIRECTION('',(0.,0.,1.));
#10440 = ADVANCED_FACE('',(#10441),#10452,.F.);
#10441 = FACE_BOUND('',#10442,.F.);
#10442 = EDGE_LOOP('',(#10443,#10444,#10445,#10446));
#10443 = ORIENTED_EDGE('',*,*,#10430,.F.);
#10444 = ORIENTED_EDGE('',*,*,#9223,.F.);
#10445 = ORIENTED_EDGE('',*,*,#10382,.T.);
#10446 = ORIENTED_EDGE('',*,*,#10447,.F.);
#10447 = EDGE_CURVE('',#10421,#10366,#10448,.T.);
#10448 = LINE('',#10449,#10450);
#10449 = CARTESIAN_POINT('',(5.32,0.32,-3.2));
#10450 = VECTOR('',#10451,1.);
#10451 = DIRECTION('',(-1.,1.224646799147E-16,0.));
#10452 = PLANE('',#10453);
#10453 = AXIS2_PLACEMENT_3D('',#10454,#10455,#10456);
#10454 = CARTESIAN_POINT('',(5.32,0.32,6.5));
#10455 = DIRECTION('',(-1.224646799147E-16,-1.,0.));
#10456 = DIRECTION('',(-0.,0.,-1.));
#10457 = ADVANCED_FACE('',(#10458),#10483,.F.);
#10458 = FACE_BOUND('',#10459,.F.);
#10459 = EDGE_LOOP('',(#10460,#10468,#10469,#10477));
#10460 = ORIENTED_EDGE('',*,*,#10461,.F.);
#10461 = EDGE_CURVE('',#9262,#10462,#10464,.T.);
#10462 = VERTEX_POINT('',#10463);
#10463 = CARTESIAN_POINT('',(7.82,0.32,-3.2));
#10464 = LINE('',#10465,#10466);
#10465 = CARTESIAN_POINT('',(7.82,0.32,6.5));
#10466 = VECTOR('',#10467,1.);
#10467 = DIRECTION('',(-0.,0.,-1.));
#10468 = ORIENTED_EDGE('',*,*,#9259,.F.);
#10469 = ORIENTED_EDGE('',*,*,#10470,.T.);
#10470 = EDGE_CURVE('',#9260,#10471,#10473,.T.);
#10471 = VERTEX_POINT('',#10472);
#10472 = CARTESIAN_POINT('',(7.18,0.32,-3.2));
#10473 = LINE('',#10474,#10475);
#10474 = CARTESIAN_POINT('',(7.18,0.32,6.5));
#10475 = VECTOR('',#10476,1.);
#10476 = DIRECTION('',(-0.,0.,-1.));
#10477 = ORIENTED_EDGE('',*,*,#10478,.F.);
#10478 = EDGE_CURVE('',#10462,#10471,#10479,.T.);
#10479 = LINE('',#10480,#10481);
#10480 = CARTESIAN_POINT('',(7.82,0.32,-3.2));
#10481 = VECTOR('',#10482,1.);
#10482 = DIRECTION('',(-1.,1.224646799147E-16,0.));
#10483 = PLANE('',#10484);
#10484 = AXIS2_PLACEMENT_3D('',#10485,#10486,#10487);
#10485 = CARTESIAN_POINT('',(7.82,0.32,6.5));
#10486 = DIRECTION('',(-1.224646799147E-16,-1.,0.));
#10487 = DIRECTION('',(-0.,0.,-1.));
#10488 = ADVANCED_FACE('',(#10489),#10507,.T.);
#10489 = FACE_BOUND('',#10490,.T.);
#10490 = EDGE_LOOP('',(#10491,#10499,#10505,#10506));
#10491 = ORIENTED_EDGE('',*,*,#10492,.T.);
#10492 = EDGE_CURVE('',#10471,#10493,#10495,.T.);
#10493 = VERTEX_POINT('',#10494);
#10494 = CARTESIAN_POINT('',(7.18,-0.32,-3.2));
#10495 = LINE('',#10496,#10497);
#10496 = CARTESIAN_POINT('',(7.18,0.32,-3.2));
#10497 = VECTOR('',#10498,1.);
#10498 = DIRECTION('',(-1.224646799147E-16,-1.,0.));
#10499 = ORIENTED_EDGE('',*,*,#10500,.T.);
#10500 = EDGE_CURVE('',#10493,#9278,#10501,.T.);
#10501 = LINE('',#10502,#10503);
#10502 = CARTESIAN_POINT('',(7.18,-0.32,-3.4));
#10503 = VECTOR('',#10504,1.);
#10504 = DIRECTION('',(0.,0.,1.));
#10505 = ORIENTED_EDGE('',*,*,#9285,.F.);
#10506 = ORIENTED_EDGE('',*,*,#10470,.T.);
#10507 = PLANE('',#10508);
#10508 = AXIS2_PLACEMENT_3D('',#10509,#10510,#10511);
#10509 = CARTESIAN_POINT('',(7.18,3.918869757272E-17,1.55));
#10510 = DIRECTION('',(-1.,1.224646799147E-16,0.));
#10511 = DIRECTION('',(0.,0.,1.));
#10512 = ADVANCED_FACE('',(#10513),#10531,.F.);
#10513 = FACE_BOUND('',#10514,.F.);
#10514 = EDGE_LOOP('',(#10515,#10523,#10529,#10530));
#10515 = ORIENTED_EDGE('',*,*,#10516,.F.);
#10516 = EDGE_CURVE('',#10517,#9270,#10519,.T.);
#10517 = VERTEX_POINT('',#10518);
#10518 = CARTESIAN_POINT('',(7.82,-0.32,-3.2));
#10519 = LINE('',#10520,#10521);
#10520 = CARTESIAN_POINT('',(7.82,-0.32,-3.4));
#10521 = VECTOR('',#10522,1.);
#10522 = DIRECTION('',(0.,0.,1.));
#10523 = ORIENTED_EDGE('',*,*,#10524,.T.);
#10524 = EDGE_CURVE('',#10517,#10493,#10525,.T.);
#10525 = LINE('',#10526,#10527);
#10526 = CARTESIAN_POINT('',(7.82,-0.32,-3.2));
#10527 = VECTOR('',#10528,1.);
#10528 = DIRECTION('',(-1.,1.224646799147E-16,0.));
#10529 = ORIENTED_EDGE('',*,*,#10500,.T.);
#10530 = ORIENTED_EDGE('',*,*,#9277,.F.);
#10531 = PLANE('',#10532);
#10532 = AXIS2_PLACEMENT_3D('',#10533,#10534,#10535);
#10533 = CARTESIAN_POINT('',(7.82,-0.32,-3.4));
#10534 = DIRECTION('',(1.224646799147E-16,1.,0.));
#10535 = DIRECTION('',(0.,-0.,1.));
#10536 = ADVANCED_FACE('',(#10537),#10548,.F.);
#10537 = FACE_BOUND('',#10538,.F.);
#10538 = EDGE_LOOP('',(#10539,#10545,#10546,#10547));
#10539 = ORIENTED_EDGE('',*,*,#10540,.T.);
#10540 = EDGE_CURVE('',#10462,#10517,#10541,.T.);
#10541 = LINE('',#10542,#10543);
#10542 = CARTESIAN_POINT('',(7.82,0.32,-3.2));
#10543 = VECTOR('',#10544,1.);
#10544 = DIRECTION('',(-1.224646799147E-16,-1.,0.));
#10545 = ORIENTED_EDGE('',*,*,#10516,.T.);
#10546 = ORIENTED_EDGE('',*,*,#9269,.F.);
#10547 = ORIENTED_EDGE('',*,*,#10461,.T.);
#10548 = PLANE('',#10549);
#10549 = AXIS2_PLACEMENT_3D('',#10550,#10551,#10552);
#10550 = CARTESIAN_POINT('',(7.82,-3.918869757272E-17,1.55));
#10551 = DIRECTION('',(-1.,1.224646799147E-16,0.));
#10552 = DIRECTION('',(0.,0.,1.));
#10553 = ADVANCED_FACE('',(#10554),#10579,.F.);
#10554 = FACE_BOUND('',#10555,.F.);
#10555 = EDGE_LOOP('',(#10556,#10564,#10565,#10573));
#10556 = ORIENTED_EDGE('',*,*,#10557,.F.);
#10557 = EDGE_CURVE('',#9308,#10558,#10560,.T.);
#10558 = VERTEX_POINT('',#10559);
#10559 = CARTESIAN_POINT('',(10.32,0.32,-3.2));
#10560 = LINE('',#10561,#10562);
#10561 = CARTESIAN_POINT('',(10.32,0.32,6.5));
#10562 = VECTOR('',#10563,1.);
#10563 = DIRECTION('',(-0.,0.,-1.));
#10564 = ORIENTED_EDGE('',*,*,#9305,.F.);
#10565 = ORIENTED_EDGE('',*,*,#10566,.T.);
#10566 = EDGE_CURVE('',#9306,#10567,#10569,.T.);
#10567 = VERTEX_POINT('',#10568);
#10568 = CARTESIAN_POINT('',(9.68,0.32,-3.2));
#10569 = LINE('',#10570,#10571);
#10570 = CARTESIAN_POINT('',(9.68,0.32,6.5));
#10571 = VECTOR('',#10572,1.);
#10572 = DIRECTION('',(-0.,0.,-1.));
#10573 = ORIENTED_EDGE('',*,*,#10574,.F.);
#10574 = EDGE_CURVE('',#10558,#10567,#10575,.T.);
#10575 = LINE('',#10576,#10577);
#10576 = CARTESIAN_POINT('',(10.32,0.32,-3.2));
#10577 = VECTOR('',#10578,1.);
#10578 = DIRECTION('',(-1.,1.224646799147E-16,0.));
#10579 = PLANE('',#10580);
#10580 = AXIS2_PLACEMENT_3D('',#10581,#10582,#10583);
#10581 = CARTESIAN_POINT('',(10.32,0.32,6.5));
#10582 = DIRECTION('',(-1.224646799147E-16,-1.,0.));
#10583 = DIRECTION('',(-0.,0.,-1.));
#10584 = ADVANCED_FACE('',(#10585),#10603,.T.);
#10585 = FACE_BOUND('',#10586,.T.);
#10586 = EDGE_LOOP('',(#10587,#10595,#10601,#10602));
#10587 = ORIENTED_EDGE('',*,*,#10588,.T.);
#10588 = EDGE_CURVE('',#10567,#10589,#10591,.T.);
#10589 = VERTEX_POINT('',#10590);
#10590 = CARTESIAN_POINT('',(9.68,-0.32,-3.2));
#10591 = LINE('',#10592,#10593);
#10592 = CARTESIAN_POINT('',(9.68,0.32,-3.2));
#10593 = VECTOR('',#10594,1.);
#10594 = DIRECTION('',(-1.224646799147E-16,-1.,0.));
#10595 = ORIENTED_EDGE('',*,*,#10596,.T.);
#10596 = EDGE_CURVE('',#10589,#9324,#10597,.T.);
#10597 = LINE('',#10598,#10599);
#10598 = CARTESIAN_POINT('',(9.68,-0.32,-3.4));
#10599 = VECTOR('',#10600,1.);
#10600 = DIRECTION('',(0.,0.,1.));
#10601 = ORIENTED_EDGE('',*,*,#9331,.F.);
#10602 = ORIENTED_EDGE('',*,*,#10566,.T.);
#10603 = PLANE('',#10604);
#10604 = AXIS2_PLACEMENT_3D('',#10605,#10606,#10607);
#10605 = CARTESIAN_POINT('',(9.68,-2.669730022141E-16,1.55));
#10606 = DIRECTION('',(-1.,1.224646799147E-16,0.));
#10607 = DIRECTION('',(0.,0.,1.));
#10608 = ADVANCED_FACE('',(#10609),#10627,.F.);
#10609 = FACE_BOUND('',#10610,.F.);
#10610 = EDGE_LOOP('',(#10611,#10619,#10625,#10626));
#10611 = ORIENTED_EDGE('',*,*,#10612,.F.);
#10612 = EDGE_CURVE('',#10613,#9316,#10615,.T.);
#10613 = VERTEX_POINT('',#10614);
#10614 = CARTESIAN_POINT('',(10.32,-0.32,-3.2));
#10615 = LINE('',#10616,#10617);
#10616 = CARTESIAN_POINT('',(10.32,-0.32,-3.4));
#10617 = VECTOR('',#10618,1.);
#10618 = DIRECTION('',(0.,0.,1.));
#10619 = ORIENTED_EDGE('',*,*,#10620,.T.);
#10620 = EDGE_CURVE('',#10613,#10589,#10621,.T.);
#10621 = LINE('',#10622,#10623);
#10622 = CARTESIAN_POINT('',(10.32,-0.32,-3.2));
#10623 = VECTOR('',#10624,1.);
#10624 = DIRECTION('',(-1.,1.224646799147E-16,0.));
#10625 = ORIENTED_EDGE('',*,*,#10596,.T.);
#10626 = ORIENTED_EDGE('',*,*,#9323,.F.);
#10627 = PLANE('',#10628);
#10628 = AXIS2_PLACEMENT_3D('',#10629,#10630,#10631);
#10629 = CARTESIAN_POINT('',(10.32,-0.32,-3.4));
#10630 = DIRECTION('',(1.224646799147E-16,1.,0.));
#10631 = DIRECTION('',(0.,-0.,1.));
#10632 = ADVANCED_FACE('',(#10633),#10644,.F.);
#10633 = FACE_BOUND('',#10634,.F.);
#10634 = EDGE_LOOP('',(#10635,#10641,#10642,#10643));
#10635 = ORIENTED_EDGE('',*,*,#10636,.T.);
#10636 = EDGE_CURVE('',#10558,#10613,#10637,.T.);
#10637 = LINE('',#10638,#10639);
#10638 = CARTESIAN_POINT('',(10.32,0.32,-3.2));
#10639 = VECTOR('',#10640,1.);
#10640 = DIRECTION('',(-1.224646799147E-16,-1.,0.));
#10641 = ORIENTED_EDGE('',*,*,#10612,.T.);
#10642 = ORIENTED_EDGE('',*,*,#9315,.F.);
#10643 = ORIENTED_EDGE('',*,*,#10557,.T.);
#10644 = PLANE('',#10645);
#10645 = AXIS2_PLACEMENT_3D('',#10646,#10647,#10648);
#10646 = CARTESIAN_POINT('',(10.32,-3.453503973596E-16,1.55));
#10647 = DIRECTION('',(-1.,1.224646799147E-16,0.));
#10648 = DIRECTION('',(0.,0.,1.));
#10649 = ADVANCED_FACE('',(#10650),#10675,.T.);
#10650 = FACE_BOUND('',#10651,.T.);
#10651 = EDGE_LOOP('',(#10652,#10662,#10668,#10669));
#10652 = ORIENTED_EDGE('',*,*,#10653,.T.);
#10653 = EDGE_CURVE('',#10654,#10656,#10658,.T.);
#10654 = VERTEX_POINT('',#10655);
#10655 = CARTESIAN_POINT('',(12.18,0.32,-3.2));
#10656 = VERTEX_POINT('',#10657);
#10657 = CARTESIAN_POINT('',(12.18,-0.32,-3.2));
#10658 = LINE('',#10659,#10660);
#10659 = CARTESIAN_POINT('',(12.18,0.32,-3.2));
#10660 = VECTOR('',#10661,1.);
#10661 = DIRECTION('',(-1.224646799147E-16,-1.,0.));
#10662 = ORIENTED_EDGE('',*,*,#10663,.T.);
#10663 = EDGE_CURVE('',#10656,#9354,#10664,.T.);
#10664 = LINE('',#10665,#10666);
#10665 = CARTESIAN_POINT('',(12.18,-0.32,-3.4));
#10666 = VECTOR('',#10667,1.);
#10667 = DIRECTION('',(0.,0.,1.));
#10668 = ORIENTED_EDGE('',*,*,#9351,.F.);
#10669 = ORIENTED_EDGE('',*,*,#10670,.T.);
#10670 = EDGE_CURVE('',#9352,#10654,#10671,.T.);
#10671 = LINE('',#10672,#10673);
#10672 = CARTESIAN_POINT('',(12.18,0.32,6.5));
#10673 = VECTOR('',#10674,1.);
#10674 = DIRECTION('',(-0.,0.,-1.));
#10675 = PLANE('',#10676);
#10676 = AXIS2_PLACEMENT_3D('',#10677,#10678,#10679);
#10677 = CARTESIAN_POINT('',(12.18,-5.73134702001E-16,1.55));
#10678 = DIRECTION('',(-1.,1.224646799147E-16,0.));
#10679 = DIRECTION('',(0.,0.,1.));
#10680 = ADVANCED_FACE('',(#10681),#10699,.F.);
#10681 = FACE_BOUND('',#10682,.F.);
#10682 = EDGE_LOOP('',(#10683,#10691,#10697,#10698));
#10683 = ORIENTED_EDGE('',*,*,#10684,.F.);
#10684 = EDGE_CURVE('',#10685,#9370,#10687,.T.);
#10685 = VERTEX_POINT('',#10686);
#10686 = CARTESIAN_POINT('',(12.82,-0.32,-3.2));
#10687 = LINE('',#10688,#10689);
#10688 = CARTESIAN_POINT('',(12.82,-0.32,-3.4));
#10689 = VECTOR('',#10690,1.);
#10690 = DIRECTION('',(0.,0.,1.));
#10691 = ORIENTED_EDGE('',*,*,#10692,.T.);
#10692 = EDGE_CURVE('',#10685,#10656,#10693,.T.);
#10693 = LINE('',#10694,#10695);
#10694 = CARTESIAN_POINT('',(12.82,-0.32,-3.2));
#10695 = VECTOR('',#10696,1.);
#10696 = DIRECTION('',(-1.,1.224646799147E-16,0.));
#10697 = ORIENTED_EDGE('',*,*,#10663,.T.);
#10698 = ORIENTED_EDGE('',*,*,#9377,.F.);
#10699 = PLANE('',#10700);
#10700 = AXIS2_PLACEMENT_3D('',#10701,#10702,#10703);
#10701 = CARTESIAN_POINT('',(12.82,-0.32,-3.4));
#10702 = DIRECTION('',(1.224646799147E-16,1.,0.));
#10703 = DIRECTION('',(0.,-0.,1.));
#10704 = ADVANCED_FACE('',(#10705),#10723,.F.);
#10705 = FACE_BOUND('',#10706,.F.);
#10706 = EDGE_LOOP('',(#10707,#10715,#10716,#10717));
#10707 = ORIENTED_EDGE('',*,*,#10708,.T.);
#10708 = EDGE_CURVE('',#10709,#10685,#10711,.T.);
#10709 = VERTEX_POINT('',#10710);
#10710 = CARTESIAN_POINT('',(12.82,0.32,-3.2));
#10711 = LINE('',#10712,#10713);
#10712 = CARTESIAN_POINT('',(12.82,0.32,-3.2));
#10713 = VECTOR('',#10714,1.);
#10714 = DIRECTION('',(-1.224646799147E-16,-1.,0.));
#10715 = ORIENTED_EDGE('',*,*,#10684,.T.);
#10716 = ORIENTED_EDGE('',*,*,#9369,.F.);
#10717 = ORIENTED_EDGE('',*,*,#10718,.T.);
#10718 = EDGE_CURVE('',#9362,#10709,#10719,.T.);
#10719 = LINE('',#10720,#10721);
#10720 = CARTESIAN_POINT('',(12.82,0.32,6.5));
#10721 = VECTOR('',#10722,1.);
#10722 = DIRECTION('',(-0.,0.,-1.));
#10723 = PLANE('',#10724);
#10724 = AXIS2_PLACEMENT_3D('',#10725,#10726,#10727);
#10725 = CARTESIAN_POINT('',(12.82,-6.515120971464E-16,1.55));
#10726 = DIRECTION('',(-1.,1.224646799147E-16,0.));
#10727 = DIRECTION('',(0.,0.,1.));
#10728 = ADVANCED_FACE('',(#10729),#10740,.F.);
#10729 = FACE_BOUND('',#10730,.F.);
#10730 = EDGE_LOOP('',(#10731,#10732,#10733,#10734));
#10731 = ORIENTED_EDGE('',*,*,#10718,.F.);
#10732 = ORIENTED_EDGE('',*,*,#9361,.F.);
#10733 = ORIENTED_EDGE('',*,*,#10670,.T.);
#10734 = ORIENTED_EDGE('',*,*,#10735,.F.);
#10735 = EDGE_CURVE('',#10709,#10654,#10736,.T.);
#10736 = LINE('',#10737,#10738);
#10737 = CARTESIAN_POINT('',(12.82,0.32,-3.2));
#10738 = VECTOR('',#10739,1.);
#10739 = DIRECTION('',(-1.,1.224646799147E-16,0.));
#10740 = PLANE('',#10741);
#10741 = AXIS2_PLACEMENT_3D('',#10742,#10743,#10744);
#10742 = CARTESIAN_POINT('',(12.82,0.32,6.5));
#10743 = DIRECTION('',(-1.224646799147E-16,-1.,0.));
#10744 = DIRECTION('',(-0.,0.,-1.));
#10745 = ADVANCED_FACE('',(#10746),#10771,.F.);
#10746 = FACE_BOUND('',#10747,.F.);
#10747 = EDGE_LOOP('',(#10748,#10756,#10757,#10765));
#10748 = ORIENTED_EDGE('',*,*,#10749,.F.);
#10749 = EDGE_CURVE('',#9400,#10750,#10752,.T.);
#10750 = VERTEX_POINT('',#10751);
#10751 = CARTESIAN_POINT('',(15.32,0.32,-0.9));
#10752 = LINE('',#10753,#10754);
#10753 = CARTESIAN_POINT('',(15.32,0.32,6.5));
#10754 = VECTOR('',#10755,1.);
#10755 = DIRECTION('',(-0.,0.,-1.));
#10756 = ORIENTED_EDGE('',*,*,#9397,.F.);
#10757 = ORIENTED_EDGE('',*,*,#10758,.T.);
#10758 = EDGE_CURVE('',#9398,#10759,#10761,.T.);
#10759 = VERTEX_POINT('',#10760);
#10760 = CARTESIAN_POINT('',(14.68,0.32,-0.9));
#10761 = LINE('',#10762,#10763);
#10762 = CARTESIAN_POINT('',(14.68,0.32,6.5));
#10763 = VECTOR('',#10764,1.);
#10764 = DIRECTION('',(-0.,0.,-1.));
#10765 = ORIENTED_EDGE('',*,*,#10766,.F.);
#10766 = EDGE_CURVE('',#10750,#10759,#10767,.T.);
#10767 = LINE('',#10768,#10769);
#10768 = CARTESIAN_POINT('',(15.32,0.32,-0.9));
#10769 = VECTOR('',#10770,1.);
#10770 = DIRECTION('',(-1.,1.224646799147E-16,0.));
#10771 = PLANE('',#10772);
#10772 = AXIS2_PLACEMENT_3D('',#10773,#10774,#10775);
#10773 = CARTESIAN_POINT('',(15.32,0.32,6.5));
#10774 = DIRECTION('',(-1.224646799147E-16,-1.,0.));
#10775 = DIRECTION('',(-0.,0.,-1.));
#10776 = ADVANCED_FACE('',(#10777),#10827,.T.);
#10777 = FACE_BOUND('',#10778,.T.);
#10778 = EDGE_LOOP('',(#10779,#10789,#10797,#10805,#10811,#10812,#10813,
    #10821));
#10779 = ORIENTED_EDGE('',*,*,#10780,.T.);
#10780 = EDGE_CURVE('',#10781,#10783,#10785,.T.);
#10781 = VERTEX_POINT('',#10782);
#10782 = CARTESIAN_POINT('',(14.68,0.351578947368,-3.2));
#10783 = VERTEX_POINT('',#10784);
#10784 = CARTESIAN_POINT('',(14.68,-0.288421052632,-3.2));
#10785 = LINE('',#10786,#10787);
#10786 = CARTESIAN_POINT('',(14.68,0.32,-3.2));
#10787 = VECTOR('',#10788,1.);
#10788 = DIRECTION('',(-1.224646799147E-16,-1.,0.));
#10789 = ORIENTED_EDGE('',*,*,#10790,.T.);
#10790 = EDGE_CURVE('',#10783,#10791,#10793,.T.);
#10791 = VERTEX_POINT('',#10792);
#10792 = CARTESIAN_POINT('',(14.68,-2.E-02,-1.5));
#10793 = LINE('',#10794,#10795);
#10794 = CARTESIAN_POINT('',(14.68,-0.32,-3.4));
#10795 = VECTOR('',#10796,1.);
#10796 = DIRECTION('',(1.909990663905E-17,0.155962573473,0.987762965329)
  );
#10797 = ORIENTED_EDGE('',*,*,#10798,.T.);
#10798 = EDGE_CURVE('',#10791,#10799,#10801,.T.);
#10799 = VERTEX_POINT('',#10800);
#10800 = CARTESIAN_POINT('',(14.68,-0.32,-0.9));
#10801 = LINE('',#10802,#10803);
#10802 = CARTESIAN_POINT('',(14.68,-2.E-02,-1.5));
#10803 = VECTOR('',#10804,1.);
#10804 = DIRECTION('',(-5.476786982641E-17,-0.4472135955,0.894427191));
#10805 = ORIENTED_EDGE('',*,*,#10806,.T.);
#10806 = EDGE_CURVE('',#10799,#9416,#10807,.T.);
#10807 = LINE('',#10808,#10809);
#10808 = CARTESIAN_POINT('',(14.68,-0.32,-0.9));
#10809 = VECTOR('',#10810,1.);
#10810 = DIRECTION('',(0.,0.,1.));
#10811 = ORIENTED_EDGE('',*,*,#9423,.F.);
#10812 = ORIENTED_EDGE('',*,*,#10758,.T.);
#10813 = ORIENTED_EDGE('',*,*,#10814,.T.);
#10814 = EDGE_CURVE('',#10759,#10815,#10817,.T.);
#10815 = VERTEX_POINT('',#10816);
#10816 = CARTESIAN_POINT('',(14.68,0.62,-1.5));
#10817 = LINE('',#10818,#10819);
#10818 = CARTESIAN_POINT('',(14.68,0.32,-0.9));
#10819 = VECTOR('',#10820,1.);
#10820 = DIRECTION('',(5.476786982641E-17,0.4472135955,-0.894427191));
#10821 = ORIENTED_EDGE('',*,*,#10822,.T.);
#10822 = EDGE_CURVE('',#10815,#10781,#10823,.T.);
#10823 = LINE('',#10824,#10825);
#10824 = CARTESIAN_POINT('',(14.68,0.62,-1.5));
#10825 = VECTOR('',#10826,1.);
#10826 = DIRECTION('',(-1.909990663905E-17,-0.155962573473,
    -0.987762965329));
#10827 = PLANE('',#10828);
#10828 = AXIS2_PLACEMENT_3D('',#10829,#10830,#10831);
#10829 = CARTESIAN_POINT('',(14.68,3.65940088399E-02,1.522832428212));
#10830 = DIRECTION('',(-1.,1.224646799147E-16,0.));
#10831 = DIRECTION('',(0.,0.,1.));
#10832 = ADVANCED_FACE('',(#10833),#10851,.F.);
#10833 = FACE_BOUND('',#10834,.F.);
#10834 = EDGE_LOOP('',(#10835,#10843,#10849,#10850));
#10835 = ORIENTED_EDGE('',*,*,#10836,.F.);
#10836 = EDGE_CURVE('',#10837,#9408,#10839,.T.);
#10837 = VERTEX_POINT('',#10838);
#10838 = CARTESIAN_POINT('',(15.32,-0.32,-0.9));
#10839 = LINE('',#10840,#10841);
#10840 = CARTESIAN_POINT('',(15.32,-0.32,-0.9));
#10841 = VECTOR('',#10842,1.);
#10842 = DIRECTION('',(0.,0.,1.));
#10843 = ORIENTED_EDGE('',*,*,#10844,.T.);
#10844 = EDGE_CURVE('',#10837,#10799,#10845,.T.);
#10845 = LINE('',#10846,#10847);
#10846 = CARTESIAN_POINT('',(15.32,-0.32,-0.9));
#10847 = VECTOR('',#10848,1.);
#10848 = DIRECTION('',(-1.,1.224646799147E-16,0.));
#10849 = ORIENTED_EDGE('',*,*,#10806,.T.);
#10850 = ORIENTED_EDGE('',*,*,#9415,.F.);
#10851 = PLANE('',#10852);
#10852 = AXIS2_PLACEMENT_3D('',#10853,#10854,#10855);
#10853 = CARTESIAN_POINT('',(15.32,-0.32,-0.9));
#10854 = DIRECTION('',(1.224646799147E-16,1.,0.));
#10855 = DIRECTION('',(0.,-0.,1.));
#10856 = ADVANCED_FACE('',(#10857),#10900,.F.);
#10857 = FACE_BOUND('',#10858,.F.);
#10858 = EDGE_LOOP('',(#10859,#10869,#10877,#10883,#10884,#10885,#10886,
    #10894));
#10859 = ORIENTED_EDGE('',*,*,#10860,.T.);
#10860 = EDGE_CURVE('',#10861,#10863,#10865,.T.);
#10861 = VERTEX_POINT('',#10862);
#10862 = CARTESIAN_POINT('',(15.32,0.351578947368,-3.2));
#10863 = VERTEX_POINT('',#10864);
#10864 = CARTESIAN_POINT('',(15.32,-0.288421052632,-3.2));
#10865 = LINE('',#10866,#10867);
#10866 = CARTESIAN_POINT('',(15.32,0.32,-3.2));
#10867 = VECTOR('',#10868,1.);
#10868 = DIRECTION('',(-1.224646799147E-16,-1.,0.));
#10869 = ORIENTED_EDGE('',*,*,#10870,.T.);
#10870 = EDGE_CURVE('',#10863,#10871,#10873,.T.);
#10871 = VERTEX_POINT('',#10872);
#10872 = CARTESIAN_POINT('',(15.32,-2.E-02,-1.5));
#10873 = LINE('',#10874,#10875);
#10874 = CARTESIAN_POINT('',(15.32,-0.32,-3.4));
#10875 = VECTOR('',#10876,1.);
#10876 = DIRECTION('',(1.909990663905E-17,0.155962573473,0.987762965329)
  );
#10877 = ORIENTED_EDGE('',*,*,#10878,.T.);
#10878 = EDGE_CURVE('',#10871,#10837,#10879,.T.);
#10879 = LINE('',#10880,#10881);
#10880 = CARTESIAN_POINT('',(15.32,-2.E-02,-1.5));
#10881 = VECTOR('',#10882,1.);
#10882 = DIRECTION('',(-5.476786982641E-17,-0.4472135955,0.894427191));
#10883 = ORIENTED_EDGE('',*,*,#10836,.T.);
#10884 = ORIENTED_EDGE('',*,*,#9407,.F.);
#10885 = ORIENTED_EDGE('',*,*,#10749,.T.);
#10886 = ORIENTED_EDGE('',*,*,#10887,.T.);
#10887 = EDGE_CURVE('',#10750,#10888,#10890,.T.);
#10888 = VERTEX_POINT('',#10889);
#10889 = CARTESIAN_POINT('',(15.32,0.62,-1.5));
#10890 = LINE('',#10891,#10892);
#10891 = CARTESIAN_POINT('',(15.32,0.32,-0.9));
#10892 = VECTOR('',#10893,1.);
#10893 = DIRECTION('',(5.476786982641E-17,0.4472135955,-0.894427191));
#10894 = ORIENTED_EDGE('',*,*,#10895,.T.);
#10895 = EDGE_CURVE('',#10888,#10861,#10896,.T.);
#10896 = LINE('',#10897,#10898);
#10897 = CARTESIAN_POINT('',(15.32,0.62,-1.5));
#10898 = VECTOR('',#10899,1.);
#10899 = DIRECTION('',(-1.909990663905E-17,-0.155962573473,
    -0.987762965329));
#10900 = PLANE('',#10901);
#10901 = AXIS2_PLACEMENT_3D('',#10902,#10903,#10904);
#10902 = CARTESIAN_POINT('',(15.32,3.65940088399E-02,1.522832428212));
#10903 = DIRECTION('',(-1.,1.224646799147E-16,0.));
#10904 = DIRECTION('',(0.,0.,1.));
#10905 = ADVANCED_FACE('',(#10906),#10931,.T.);
#10906 = FACE_BOUND('',#10907,.F.);
#10907 = EDGE_LOOP('',(#10908,#10916,#10924,#10930));
#10908 = ORIENTED_EDGE('',*,*,#10909,.F.);
#10909 = EDGE_CURVE('',#10910,#9438,#10912,.T.);
#10910 = VERTEX_POINT('',#10911);
#10911 = CARTESIAN_POINT('',(10.12,0.12,6.5));
#10912 = LINE('',#10913,#10914);
#10913 = CARTESIAN_POINT('',(10.146666666667,0.146666666667,
    6.473333333333));
#10914 = VECTOR('',#10915,1.);
#10915 = DIRECTION('',(0.57735026919,0.57735026919,-0.57735026919));
#10916 = ORIENTED_EDGE('',*,*,#10917,.T.);
#10917 = EDGE_CURVE('',#10910,#10918,#10920,.T.);
#10918 = VERTEX_POINT('',#10919);
#10919 = CARTESIAN_POINT('',(9.88,0.12,6.5));
#10920 = LINE('',#10921,#10922);
#10921 = CARTESIAN_POINT('',(10.32,0.12,6.5));
#10922 = VECTOR('',#10923,1.);
#10923 = DIRECTION('',(-1.,1.224646799147E-16,0.));
#10924 = ORIENTED_EDGE('',*,*,#10925,.T.);
#10925 = EDGE_CURVE('',#10918,#9446,#10926,.T.);
#10926 = LINE('',#10927,#10928);
#10927 = CARTESIAN_POINT('',(9.96,4.E-02,6.58));
#10928 = VECTOR('',#10929,1.);
#10929 = DIRECTION('',(-0.57735026919,0.57735026919,-0.57735026919));
#10930 = ORIENTED_EDGE('',*,*,#9445,.F.);
#10931 = PLANE('',#10932);
#10932 = AXIS2_PLACEMENT_3D('',#10933,#10934,#10935);
#10933 = CARTESIAN_POINT('',(10.32,0.22,6.4));
#10934 = DIRECTION('',(8.833102285013E-17,0.707106781187,0.707106781187)
  );
#10935 = DIRECTION('',(1.,-1.236918052038E-16,-1.227125289097E-18));
#10936 = ADVANCED_FACE('',(#10937),#10955,.F.);
#10937 = FACE_BOUND('',#10938,.T.);
#10938 = EDGE_LOOP('',(#10939,#10947,#10953,#10954));
#10939 = ORIENTED_EDGE('',*,*,#10940,.F.);
#10940 = EDGE_CURVE('',#10941,#9470,#10943,.T.);
#10941 = VERTEX_POINT('',#10942);
#10942 = CARTESIAN_POINT('',(9.88,-0.12,6.5));
#10943 = LINE('',#10944,#10945);
#10944 = CARTESIAN_POINT('',(9.853333333333,-0.146666666667,
    6.473333333333));
#10945 = VECTOR('',#10946,1.);
#10946 = DIRECTION('',(-0.57735026919,-0.57735026919,-0.57735026919));
#10947 = ORIENTED_EDGE('',*,*,#10948,.T.);
#10948 = EDGE_CURVE('',#10941,#10918,#10949,.T.);
#10949 = LINE('',#10950,#10951);
#10950 = CARTESIAN_POINT('',(9.88,-0.32,6.5));
#10951 = VECTOR('',#10952,1.);
#10952 = DIRECTION('',(1.224646799147E-16,1.,0.));
#10953 = ORIENTED_EDGE('',*,*,#10925,.T.);
#10954 = ORIENTED_EDGE('',*,*,#9477,.F.);
#10955 = PLANE('',#10956);
#10956 = AXIS2_PLACEMENT_3D('',#10957,#10958,#10959);
#10957 = CARTESIAN_POINT('',(9.78,-0.32,6.4));
#10958 = DIRECTION('',(0.707106781187,-8.486018839685E-17,
    -0.707106781187));
#10959 = DIRECTION('',(-1.212375546256E-16,-1.,-1.227125289196E-18));
#10960 = ADVANCED_FACE('',(#10961),#10979,.T.);
#10961 = FACE_BOUND('',#10962,.F.);
#10962 = EDGE_LOOP('',(#10963,#10971,#10972,#10973));
#10963 = ORIENTED_EDGE('',*,*,#10964,.T.);
#10964 = EDGE_CURVE('',#10965,#9493,#10967,.T.);
#10965 = VERTEX_POINT('',#10966);
#10966 = CARTESIAN_POINT('',(10.12,-0.12,6.5));
#10967 = LINE('',#10968,#10969);
#10968 = CARTESIAN_POINT('',(10.253333333333,-0.253333333333,
    6.366666666667));
#10969 = VECTOR('',#10970,1.);
#10970 = DIRECTION('',(0.57735026919,-0.57735026919,-0.57735026919));
#10971 = ORIENTED_EDGE('',*,*,#9502,.T.);
#10972 = ORIENTED_EDGE('',*,*,#10940,.F.);
#10973 = ORIENTED_EDGE('',*,*,#10974,.F.);
#10974 = EDGE_CURVE('',#10965,#10941,#10975,.T.);
#10975 = LINE('',#10976,#10977);
#10976 = CARTESIAN_POINT('',(10.32,-0.12,6.5));
#10977 = VECTOR('',#10978,1.);
#10978 = DIRECTION('',(-1.,1.224646799147E-16,0.));
#10979 = PLANE('',#10980);
#10980 = AXIS2_PLACEMENT_3D('',#10981,#10982,#10983);
#10981 = CARTESIAN_POINT('',(10.32,-0.22,6.4));
#10982 = DIRECTION('',(-8.833102285013E-17,-0.707106781187,
    0.707106781187));
#10983 = DIRECTION('',(1.,-1.236918052038E-16,1.227125289097E-18));
#10984 = ADVANCED_FACE('',(#10985),#10996,.T.);
#10985 = FACE_BOUND('',#10986,.F.);
#10986 = EDGE_LOOP('',(#10987,#10988,#10994,#10995));
#10987 = ORIENTED_EDGE('',*,*,#10964,.F.);
#10988 = ORIENTED_EDGE('',*,*,#10989,.T.);
#10989 = EDGE_CURVE('',#10965,#10910,#10990,.T.);
#10990 = LINE('',#10991,#10992);
#10991 = CARTESIAN_POINT('',(10.12,-0.32,6.5));
#10992 = VECTOR('',#10993,1.);
#10993 = DIRECTION('',(1.224646799147E-16,1.,0.));
#10994 = ORIENTED_EDGE('',*,*,#10909,.T.);
#10995 = ORIENTED_EDGE('',*,*,#9518,.F.);
#10996 = PLANE('',#10997);
#10997 = AXIS2_PLACEMENT_3D('',#10998,#10999,#11000);
#10998 = CARTESIAN_POINT('',(10.22,-0.32,6.4));
#10999 = DIRECTION('',(0.707106781187,-8.833102285013E-17,0.707106781187
    ));
#11000 = DIRECTION('',(-1.236918052038E-16,-1.,-1.227125289097E-18));
#11001 = ADVANCED_FACE('',(#11002),#11027,.T.);
#11002 = FACE_BOUND('',#11003,.F.);
#11003 = EDGE_LOOP('',(#11004,#11012,#11020,#11026));
#11004 = ORIENTED_EDGE('',*,*,#11005,.F.);
#11005 = EDGE_CURVE('',#11006,#9534,#11008,.T.);
#11006 = VERTEX_POINT('',#11007);
#11007 = CARTESIAN_POINT('',(7.62,0.12,6.5));
#11008 = LINE('',#11009,#11010);
#11009 = CARTESIAN_POINT('',(7.646666666667,0.146666666667,
    6.473333333333));
#11010 = VECTOR('',#11011,1.);
#11011 = DIRECTION('',(0.57735026919,0.57735026919,-0.57735026919));
#11012 = ORIENTED_EDGE('',*,*,#11013,.T.);
#11013 = EDGE_CURVE('',#11006,#11014,#11016,.T.);
#11014 = VERTEX_POINT('',#11015);
#11015 = CARTESIAN_POINT('',(7.38,0.12,6.5));
#11016 = LINE('',#11017,#11018);
#11017 = CARTESIAN_POINT('',(7.82,0.12,6.5));
#11018 = VECTOR('',#11019,1.);
#11019 = DIRECTION('',(-1.,1.224646799147E-16,0.));
#11020 = ORIENTED_EDGE('',*,*,#11021,.T.);
#11021 = EDGE_CURVE('',#11014,#9542,#11022,.T.);
#11022 = LINE('',#11023,#11024);
#11023 = CARTESIAN_POINT('',(7.46,4.E-02,6.58));
#11024 = VECTOR('',#11025,1.);
#11025 = DIRECTION('',(-0.57735026919,0.57735026919,-0.57735026919));
#11026 = ORIENTED_EDGE('',*,*,#9541,.F.);
#11027 = PLANE('',#11028);
#11028 = AXIS2_PLACEMENT_3D('',#11029,#11030,#11031);
#11029 = CARTESIAN_POINT('',(7.82,0.22,6.4));
#11030 = DIRECTION('',(8.833102285013E-17,0.707106781187,0.707106781187)
  );
#11031 = DIRECTION('',(1.,-1.236918052038E-16,-1.227125289097E-18));
#11032 = ADVANCED_FACE('',(#11033),#11051,.F.);
#11033 = FACE_BOUND('',#11034,.T.);
#11034 = EDGE_LOOP('',(#11035,#11043,#11049,#11050));
#11035 = ORIENTED_EDGE('',*,*,#11036,.F.);
#11036 = EDGE_CURVE('',#11037,#9566,#11039,.T.);
#11037 = VERTEX_POINT('',#11038);
#11038 = CARTESIAN_POINT('',(7.38,-0.12,6.5));
#11039 = LINE('',#11040,#11041);
#11040 = CARTESIAN_POINT('',(7.353333333333,-0.146666666667,
    6.473333333333));
#11041 = VECTOR('',#11042,1.);
#11042 = DIRECTION('',(-0.57735026919,-0.57735026919,-0.57735026919));
#11043 = ORIENTED_EDGE('',*,*,#11044,.T.);
#11044 = EDGE_CURVE('',#11037,#11014,#11045,.T.);
#11045 = LINE('',#11046,#11047);
#11046 = CARTESIAN_POINT('',(7.38,-0.32,6.5));
#11047 = VECTOR('',#11048,1.);
#11048 = DIRECTION('',(1.224646799147E-16,1.,0.));
#11049 = ORIENTED_EDGE('',*,*,#11021,.T.);
#11050 = ORIENTED_EDGE('',*,*,#9573,.F.);
#11051 = PLANE('',#11052);
#11052 = AXIS2_PLACEMENT_3D('',#11053,#11054,#11055);
#11053 = CARTESIAN_POINT('',(7.28,-0.32,6.4));
#11054 = DIRECTION('',(0.707106781187,-8.486018839685E-17,
    -0.707106781187));
#11055 = DIRECTION('',(-1.212375546256E-16,-1.,-1.227125289196E-18));
#11056 = ADVANCED_FACE('',(#11057),#11075,.T.);
#11057 = FACE_BOUND('',#11058,.F.);
#11058 = EDGE_LOOP('',(#11059,#11067,#11068,#11069));
#11059 = ORIENTED_EDGE('',*,*,#11060,.T.);
#11060 = EDGE_CURVE('',#11061,#9589,#11063,.T.);
#11061 = VERTEX_POINT('',#11062);
#11062 = CARTESIAN_POINT('',(7.62,-0.12,6.5));
#11063 = LINE('',#11064,#11065);
#11064 = CARTESIAN_POINT('',(7.753333333333,-0.253333333333,
    6.366666666667));
#11065 = VECTOR('',#11066,1.);
#11066 = DIRECTION('',(0.57735026919,-0.57735026919,-0.57735026919));
#11067 = ORIENTED_EDGE('',*,*,#9598,.T.);
#11068 = ORIENTED_EDGE('',*,*,#11036,.F.);
#11069 = ORIENTED_EDGE('',*,*,#11070,.F.);
#11070 = EDGE_CURVE('',#11061,#11037,#11071,.T.);
#11071 = LINE('',#11072,#11073);
#11072 = CARTESIAN_POINT('',(7.82,-0.12,6.5));
#11073 = VECTOR('',#11074,1.);
#11074 = DIRECTION('',(-1.,1.224646799147E-16,0.));
#11075 = PLANE('',#11076);
#11076 = AXIS2_PLACEMENT_3D('',#11077,#11078,#11079);
#11077 = CARTESIAN_POINT('',(7.82,-0.22,6.4));
#11078 = DIRECTION('',(-8.833102285013E-17,-0.707106781187,
    0.707106781187));
#11079 = DIRECTION('',(1.,-1.236918052038E-16,1.227125289097E-18));
#11080 = ADVANCED_FACE('',(#11081),#11092,.T.);
#11081 = FACE_BOUND('',#11082,.F.);
#11082 = EDGE_LOOP('',(#11083,#11084,#11090,#11091));
#11083 = ORIENTED_EDGE('',*,*,#11060,.F.);
#11084 = ORIENTED_EDGE('',*,*,#11085,.T.);
#11085 = EDGE_CURVE('',#11061,#11006,#11086,.T.);
#11086 = LINE('',#11087,#11088);
#11087 = CARTESIAN_POINT('',(7.62,-0.32,6.5));
#11088 = VECTOR('',#11089,1.);
#11089 = DIRECTION('',(1.224646799147E-16,1.,0.));
#11090 = ORIENTED_EDGE('',*,*,#11005,.T.);
#11091 = ORIENTED_EDGE('',*,*,#9614,.F.);
#11092 = PLANE('',#11093);
#11093 = AXIS2_PLACEMENT_3D('',#11094,#11095,#11096);
#11094 = CARTESIAN_POINT('',(7.72,-0.32,6.4));
#11095 = DIRECTION('',(0.707106781187,-8.833102285013E-17,0.707106781187
    ));
#11096 = DIRECTION('',(-1.236918052038E-16,-1.,-1.227125289097E-18));
#11097 = ADVANCED_FACE('',(#11098),#11123,.F.);
#11098 = FACE_BOUND('',#11099,.T.);
#11099 = EDGE_LOOP('',(#11100,#11108,#11116,#11122));
#11100 = ORIENTED_EDGE('',*,*,#11101,.F.);
#11101 = EDGE_CURVE('',#11102,#9631,#11104,.T.);
#11102 = VERTEX_POINT('',#11103);
#11103 = CARTESIAN_POINT('',(4.88,-0.12,6.5));
#11104 = LINE('',#11105,#11106);
#11105 = CARTESIAN_POINT('',(4.853333333333,-0.146666666667,
    6.473333333333));
#11106 = VECTOR('',#11107,1.);
#11107 = DIRECTION('',(-0.57735026919,-0.57735026919,-0.57735026919));
#11108 = ORIENTED_EDGE('',*,*,#11109,.T.);
#11109 = EDGE_CURVE('',#11102,#11110,#11112,.T.);
#11110 = VERTEX_POINT('',#11111);
#11111 = CARTESIAN_POINT('',(4.88,0.12,6.5));
#11112 = LINE('',#11113,#11114);
#11113 = CARTESIAN_POINT('',(4.88,-0.32,6.5));
#11114 = VECTOR('',#11115,1.);
#11115 = DIRECTION('',(1.224646799147E-16,1.,0.));
#11116 = ORIENTED_EDGE('',*,*,#11117,.T.);
#11117 = EDGE_CURVE('',#11110,#9639,#11118,.T.);
#11118 = LINE('',#11119,#11120);
#11119 = CARTESIAN_POINT('',(4.96,4.E-02,6.58));
#11120 = VECTOR('',#11121,1.);
#11121 = DIRECTION('',(-0.57735026919,0.57735026919,-0.57735026919));
#11122 = ORIENTED_EDGE('',*,*,#9638,.F.);
#11123 = PLANE('',#11124);
#11124 = AXIS2_PLACEMENT_3D('',#11125,#11126,#11127);
#11125 = CARTESIAN_POINT('',(4.78,-0.32,6.4));
#11126 = DIRECTION('',(0.707106781187,-8.486018839685E-17,
    -0.707106781187));
#11127 = DIRECTION('',(-1.212375546256E-16,-1.,-1.227125289196E-18));
#11128 = ADVANCED_FACE('',(#11129),#11147,.T.);
#11129 = FACE_BOUND('',#11130,.F.);
#11130 = EDGE_LOOP('',(#11131,#11139,#11140,#11141));
#11131 = ORIENTED_EDGE('',*,*,#11132,.T.);
#11132 = EDGE_CURVE('',#11133,#9661,#11135,.T.);
#11133 = VERTEX_POINT('',#11134);
#11134 = CARTESIAN_POINT('',(5.12,-0.12,6.5));
#11135 = LINE('',#11136,#11137);
#11136 = CARTESIAN_POINT('',(5.253333333333,-0.253333333333,
    6.366666666667));
#11137 = VECTOR('',#11138,1.);
#11138 = DIRECTION('',(0.57735026919,-0.57735026919,-0.57735026919));
#11139 = ORIENTED_EDGE('',*,*,#9670,.T.);
#11140 = ORIENTED_EDGE('',*,*,#11101,.F.);
#11141 = ORIENTED_EDGE('',*,*,#11142,.F.);
#11142 = EDGE_CURVE('',#11133,#11102,#11143,.T.);
#11143 = LINE('',#11144,#11145);
#11144 = CARTESIAN_POINT('',(5.32,-0.12,6.5));
#11145 = VECTOR('',#11146,1.);
#11146 = DIRECTION('',(-1.,1.224646799147E-16,0.));
#11147 = PLANE('',#11148);
#11148 = AXIS2_PLACEMENT_3D('',#11149,#11150,#11151);
#11149 = CARTESIAN_POINT('',(5.32,-0.22,6.4));
#11150 = DIRECTION('',(-8.833102285013E-17,-0.707106781187,
    0.707106781187));
#11151 = DIRECTION('',(1.,-1.236918052038E-16,1.227125289097E-18));
#11152 = ADVANCED_FACE('',(#11153),#11171,.T.);
#11153 = FACE_BOUND('',#11154,.F.);
#11154 = EDGE_LOOP('',(#11155,#11156,#11164,#11170));
#11155 = ORIENTED_EDGE('',*,*,#11132,.F.);
#11156 = ORIENTED_EDGE('',*,*,#11157,.T.);
#11157 = EDGE_CURVE('',#11133,#11158,#11160,.T.);
#11158 = VERTEX_POINT('',#11159);
#11159 = CARTESIAN_POINT('',(5.12,0.12,6.5));
#11160 = LINE('',#11161,#11162);
#11161 = CARTESIAN_POINT('',(5.12,-0.32,6.5));
#11162 = VECTOR('',#11163,1.);
#11163 = DIRECTION('',(1.224646799147E-16,1.,0.));
#11164 = ORIENTED_EDGE('',*,*,#11165,.T.);
#11165 = EDGE_CURVE('',#11158,#9687,#11166,.T.);
#11166 = LINE('',#11167,#11168);
#11167 = CARTESIAN_POINT('',(5.146666666667,0.146666666667,
    6.473333333333));
#11168 = VECTOR('',#11169,1.);
#11169 = DIRECTION('',(0.57735026919,0.57735026919,-0.57735026919));
#11170 = ORIENTED_EDGE('',*,*,#9686,.F.);
#11171 = PLANE('',#11172);
#11172 = AXIS2_PLACEMENT_3D('',#11173,#11174,#11175);
#11173 = CARTESIAN_POINT('',(5.22,-0.32,6.4));
#11174 = DIRECTION('',(0.707106781187,-8.833102285013E-17,0.707106781187
    ));
#11175 = DIRECTION('',(-1.236918052038E-16,-1.,-1.227125289097E-18));
#11176 = ADVANCED_FACE('',(#11177),#11188,.T.);
#11177 = FACE_BOUND('',#11178,.F.);
#11178 = EDGE_LOOP('',(#11179,#11180,#11186,#11187));
#11179 = ORIENTED_EDGE('',*,*,#11165,.F.);
#11180 = ORIENTED_EDGE('',*,*,#11181,.T.);
#11181 = EDGE_CURVE('',#11158,#11110,#11182,.T.);
#11182 = LINE('',#11183,#11184);
#11183 = CARTESIAN_POINT('',(5.32,0.12,6.5));
#11184 = VECTOR('',#11185,1.);
#11185 = DIRECTION('',(-1.,1.224646799147E-16,0.));
#11186 = ORIENTED_EDGE('',*,*,#11117,.T.);
#11187 = ORIENTED_EDGE('',*,*,#9709,.F.);
#11188 = PLANE('',#11189);
#11189 = AXIS2_PLACEMENT_3D('',#11190,#11191,#11192);
#11190 = CARTESIAN_POINT('',(5.32,0.22,6.4));
#11191 = DIRECTION('',(8.833102285013E-17,0.707106781187,0.707106781187)
  );
#11192 = DIRECTION('',(1.,-1.236918052038E-16,-1.227125289097E-18));
#11193 = ADVANCED_FACE('',(#11194),#11219,.F.);
#11194 = FACE_BOUND('',#11195,.T.);
#11195 = EDGE_LOOP('',(#11196,#11204,#11212,#11218));
#11196 = ORIENTED_EDGE('',*,*,#11197,.F.);
#11197 = EDGE_CURVE('',#11198,#9727,#11200,.T.);
#11198 = VERTEX_POINT('',#11199);
#11199 = CARTESIAN_POINT('',(2.38,-0.12,6.5));
#11200 = LINE('',#11201,#11202);
#11201 = CARTESIAN_POINT('',(2.353333333333,-0.146666666667,
    6.473333333333));
#11202 = VECTOR('',#11203,1.);
#11203 = DIRECTION('',(-0.57735026919,-0.57735026919,-0.57735026919));
#11204 = ORIENTED_EDGE('',*,*,#11205,.T.);
#11205 = EDGE_CURVE('',#11198,#11206,#11208,.T.);
#11206 = VERTEX_POINT('',#11207);
#11207 = CARTESIAN_POINT('',(2.38,0.12,6.5));
#11208 = LINE('',#11209,#11210);
#11209 = CARTESIAN_POINT('',(2.38,-0.32,6.5));
#11210 = VECTOR('',#11211,1.);
#11211 = DIRECTION('',(1.224646799147E-16,1.,0.));
#11212 = ORIENTED_EDGE('',*,*,#11213,.T.);
#11213 = EDGE_CURVE('',#11206,#9735,#11214,.T.);
#11214 = LINE('',#11215,#11216);
#11215 = CARTESIAN_POINT('',(2.46,4.E-02,6.58));
#11216 = VECTOR('',#11217,1.);
#11217 = DIRECTION('',(-0.57735026919,0.57735026919,-0.57735026919));
#11218 = ORIENTED_EDGE('',*,*,#9734,.F.);
#11219 = PLANE('',#11220);
#11220 = AXIS2_PLACEMENT_3D('',#11221,#11222,#11223);
#11221 = CARTESIAN_POINT('',(2.28,-0.32,6.4));
#11222 = DIRECTION('',(0.707106781187,-8.486018839685E-17,
    -0.707106781187));
#11223 = DIRECTION('',(-1.212375546256E-16,-1.,-1.227125289196E-18));
#11224 = ADVANCED_FACE('',(#11225),#11243,.T.);
#11225 = FACE_BOUND('',#11226,.F.);
#11226 = EDGE_LOOP('',(#11227,#11235,#11236,#11237));
#11227 = ORIENTED_EDGE('',*,*,#11228,.T.);
#11228 = EDGE_CURVE('',#11229,#9757,#11231,.T.);
#11229 = VERTEX_POINT('',#11230);
#11230 = CARTESIAN_POINT('',(2.62,-0.12,6.5));
#11231 = LINE('',#11232,#11233);
#11232 = CARTESIAN_POINT('',(2.753333333333,-0.253333333333,
    6.366666666667));
#11233 = VECTOR('',#11234,1.);
#11234 = DIRECTION('',(0.57735026919,-0.57735026919,-0.57735026919));
#11235 = ORIENTED_EDGE('',*,*,#9766,.T.);
#11236 = ORIENTED_EDGE('',*,*,#11197,.F.);
#11237 = ORIENTED_EDGE('',*,*,#11238,.F.);
#11238 = EDGE_CURVE('',#11229,#11198,#11239,.T.);
#11239 = LINE('',#11240,#11241);
#11240 = CARTESIAN_POINT('',(2.82,-0.12,6.5));
#11241 = VECTOR('',#11242,1.);
#11242 = DIRECTION('',(-1.,1.224646799147E-16,0.));
#11243 = PLANE('',#11244);
#11244 = AXIS2_PLACEMENT_3D('',#11245,#11246,#11247);
#11245 = CARTESIAN_POINT('',(2.82,-0.22,6.4));
#11246 = DIRECTION('',(-8.833102285013E-17,-0.707106781187,
    0.707106781187));
#11247 = DIRECTION('',(1.,-1.236918052038E-16,1.227125289097E-18));
#11248 = ADVANCED_FACE('',(#11249),#11267,.T.);
#11249 = FACE_BOUND('',#11250,.F.);
#11250 = EDGE_LOOP('',(#11251,#11252,#11260,#11266));
#11251 = ORIENTED_EDGE('',*,*,#11228,.F.);
#11252 = ORIENTED_EDGE('',*,*,#11253,.T.);
#11253 = EDGE_CURVE('',#11229,#11254,#11256,.T.);
#11254 = VERTEX_POINT('',#11255);
#11255 = CARTESIAN_POINT('',(2.62,0.12,6.5));
#11256 = LINE('',#11257,#11258);
#11257 = CARTESIAN_POINT('',(2.62,-0.32,6.5));
#11258 = VECTOR('',#11259,1.);
#11259 = DIRECTION('',(1.224646799147E-16,1.,0.));
#11260 = ORIENTED_EDGE('',*,*,#11261,.T.);
#11261 = EDGE_CURVE('',#11254,#9783,#11262,.T.);
#11262 = LINE('',#11263,#11264);
#11263 = CARTESIAN_POINT('',(2.646666666667,0.146666666667,
    6.473333333333));
#11264 = VECTOR('',#11265,1.);
#11265 = DIRECTION('',(0.57735026919,0.57735026919,-0.57735026919));
#11266 = ORIENTED_EDGE('',*,*,#9782,.F.);
#11267 = PLANE('',#11268);
#11268 = AXIS2_PLACEMENT_3D('',#11269,#11270,#11271);
#11269 = CARTESIAN_POINT('',(2.72,-0.32,6.4));
#11270 = DIRECTION('',(0.707106781187,-8.833102285013E-17,0.707106781187
    ));
#11271 = DIRECTION('',(-1.236918052038E-16,-1.,-1.227125289097E-18));
#11272 = ADVANCED_FACE('',(#11273),#11284,.T.);
#11273 = FACE_BOUND('',#11274,.F.);
#11274 = EDGE_LOOP('',(#11275,#11276,#11282,#11283));
#11275 = ORIENTED_EDGE('',*,*,#11261,.F.);
#11276 = ORIENTED_EDGE('',*,*,#11277,.T.);
#11277 = EDGE_CURVE('',#11254,#11206,#11278,.T.);
#11278 = LINE('',#11279,#11280);
#11279 = CARTESIAN_POINT('',(2.82,0.12,6.5));
#11280 = VECTOR('',#11281,1.);
#11281 = DIRECTION('',(-1.,1.224646799147E-16,0.));
#11282 = ORIENTED_EDGE('',*,*,#11213,.T.);
#11283 = ORIENTED_EDGE('',*,*,#9805,.F.);
#11284 = PLANE('',#11285);
#11285 = AXIS2_PLACEMENT_3D('',#11286,#11287,#11288);
#11286 = CARTESIAN_POINT('',(2.82,0.22,6.4));
#11287 = DIRECTION('',(8.833102285013E-17,0.707106781187,0.707106781187)
  );
#11288 = DIRECTION('',(1.,-1.236918052038E-16,-1.227125289097E-18));
#11289 = ADVANCED_FACE('',(#11290),#11315,.F.);
#11290 = FACE_BOUND('',#11291,.T.);
#11291 = EDGE_LOOP('',(#11292,#11300,#11308,#11314));
#11292 = ORIENTED_EDGE('',*,*,#11293,.F.);
#11293 = EDGE_CURVE('',#11294,#9823,#11296,.T.);
#11294 = VERTEX_POINT('',#11295);
#11295 = CARTESIAN_POINT('',(12.38,-0.12,6.5));
#11296 = LINE('',#11297,#11298);
#11297 = CARTESIAN_POINT('',(12.353333333333,-0.146666666667,
    6.473333333333));
#11298 = VECTOR('',#11299,1.);
#11299 = DIRECTION('',(-0.57735026919,-0.57735026919,-0.57735026919));
#11300 = ORIENTED_EDGE('',*,*,#11301,.T.);
#11301 = EDGE_CURVE('',#11294,#11302,#11304,.T.);
#11302 = VERTEX_POINT('',#11303);
#11303 = CARTESIAN_POINT('',(12.38,0.12,6.5));
#11304 = LINE('',#11305,#11306);
#11305 = CARTESIAN_POINT('',(12.38,-0.32,6.5));
#11306 = VECTOR('',#11307,1.);
#11307 = DIRECTION('',(1.224646799147E-16,1.,0.));
#11308 = ORIENTED_EDGE('',*,*,#11309,.T.);
#11309 = EDGE_CURVE('',#11302,#9831,#11310,.T.);
#11310 = LINE('',#11311,#11312);
#11311 = CARTESIAN_POINT('',(12.46,4.E-02,6.58));
#11312 = VECTOR('',#11313,1.);
#11313 = DIRECTION('',(-0.57735026919,0.57735026919,-0.57735026919));
#11314 = ORIENTED_EDGE('',*,*,#9830,.F.);
#11315 = PLANE('',#11316);
#11316 = AXIS2_PLACEMENT_3D('',#11317,#11318,#11319);
#11317 = CARTESIAN_POINT('',(12.28,-0.32,6.4));
#11318 = DIRECTION('',(0.707106781187,-8.486018839685E-17,
    -0.707106781187));
#11319 = DIRECTION('',(-1.212375546256E-16,-1.,-1.227125289196E-18));
#11320 = ADVANCED_FACE('',(#11321),#11339,.T.);
#11321 = FACE_BOUND('',#11322,.F.);
#11322 = EDGE_LOOP('',(#11323,#11331,#11332,#11333));
#11323 = ORIENTED_EDGE('',*,*,#11324,.T.);
#11324 = EDGE_CURVE('',#11325,#9853,#11327,.T.);
#11325 = VERTEX_POINT('',#11326);
#11326 = CARTESIAN_POINT('',(12.62,-0.12,6.5));
#11327 = LINE('',#11328,#11329);
#11328 = CARTESIAN_POINT('',(12.753333333333,-0.253333333333,
    6.366666666667));
#11329 = VECTOR('',#11330,1.);
#11330 = DIRECTION('',(0.57735026919,-0.57735026919,-0.57735026919));
#11331 = ORIENTED_EDGE('',*,*,#9862,.T.);
#11332 = ORIENTED_EDGE('',*,*,#11293,.F.);
#11333 = ORIENTED_EDGE('',*,*,#11334,.F.);
#11334 = EDGE_CURVE('',#11325,#11294,#11335,.T.);
#11335 = LINE('',#11336,#11337);
#11336 = CARTESIAN_POINT('',(12.82,-0.12,6.5));
#11337 = VECTOR('',#11338,1.);
#11338 = DIRECTION('',(-1.,1.224646799147E-16,0.));
#11339 = PLANE('',#11340);
#11340 = AXIS2_PLACEMENT_3D('',#11341,#11342,#11343);
#11341 = CARTESIAN_POINT('',(12.82,-0.22,6.4));
#11342 = DIRECTION('',(-8.833102285013E-17,-0.707106781187,
    0.707106781187));
#11343 = DIRECTION('',(1.,-1.236918052038E-16,1.227125289097E-18));
#11344 = ADVANCED_FACE('',(#11345),#11363,.T.);
#11345 = FACE_BOUND('',#11346,.F.);
#11346 = EDGE_LOOP('',(#11347,#11348,#11356,#11362));
#11347 = ORIENTED_EDGE('',*,*,#11324,.F.);
#11348 = ORIENTED_EDGE('',*,*,#11349,.T.);
#11349 = EDGE_CURVE('',#11325,#11350,#11352,.T.);
#11350 = VERTEX_POINT('',#11351);
#11351 = CARTESIAN_POINT('',(12.62,0.12,6.5));
#11352 = LINE('',#11353,#11354);
#11353 = CARTESIAN_POINT('',(12.62,-0.32,6.5));
#11354 = VECTOR('',#11355,1.);
#11355 = DIRECTION('',(1.224646799147E-16,1.,0.));
#11356 = ORIENTED_EDGE('',*,*,#11357,.T.);
#11357 = EDGE_CURVE('',#11350,#9879,#11358,.T.);
#11358 = LINE('',#11359,#11360);
#11359 = CARTESIAN_POINT('',(12.646666666667,0.146666666667,
    6.473333333333));
#11360 = VECTOR('',#11361,1.);
#11361 = DIRECTION('',(0.57735026919,0.57735026919,-0.57735026919));
#11362 = ORIENTED_EDGE('',*,*,#9878,.F.);
#11363 = PLANE('',#11364);
#11364 = AXIS2_PLACEMENT_3D('',#11365,#11366,#11367);
#11365 = CARTESIAN_POINT('',(12.72,-0.32,6.4));
#11366 = DIRECTION('',(0.707106781187,-8.833102285013E-17,0.707106781187
    ));
#11367 = DIRECTION('',(-1.236918052038E-16,-1.,-1.227125289097E-18));
#11368 = ADVANCED_FACE('',(#11369),#11380,.T.);
#11369 = FACE_BOUND('',#11370,.F.);
#11370 = EDGE_LOOP('',(#11371,#11372,#11378,#11379));
#11371 = ORIENTED_EDGE('',*,*,#11357,.F.);
#11372 = ORIENTED_EDGE('',*,*,#11373,.T.);
#11373 = EDGE_CURVE('',#11350,#11302,#11374,.T.);
#11374 = LINE('',#11375,#11376);
#11375 = CARTESIAN_POINT('',(12.82,0.12,6.5));
#11376 = VECTOR('',#11377,1.);
#11377 = DIRECTION('',(-1.,1.224646799147E-16,0.));
#11378 = ORIENTED_EDGE('',*,*,#11309,.T.);
#11379 = ORIENTED_EDGE('',*,*,#9901,.F.);
#11380 = PLANE('',#11381);
#11381 = AXIS2_PLACEMENT_3D('',#11382,#11383,#11384);
#11382 = CARTESIAN_POINT('',(12.82,0.22,6.4));
#11383 = DIRECTION('',(8.833102285013E-17,0.707106781187,0.707106781187)
  );
#11384 = DIRECTION('',(1.,-1.236918052038E-16,-1.227125289097E-18));
#11385 = ADVANCED_FACE('',(#11386),#11411,.T.);
#11386 = FACE_BOUND('',#11387,.F.);
#11387 = EDGE_LOOP('',(#11388,#11396,#11404,#11410));
#11388 = ORIENTED_EDGE('',*,*,#11389,.F.);
#11389 = EDGE_CURVE('',#11390,#9918,#11392,.T.);
#11390 = VERTEX_POINT('',#11391);
#11391 = CARTESIAN_POINT('',(15.12,0.12,6.5));
#11392 = LINE('',#11393,#11394);
#11393 = CARTESIAN_POINT('',(15.146666666667,0.146666666667,
    6.473333333333));
#11394 = VECTOR('',#11395,1.);
#11395 = DIRECTION('',(0.57735026919,0.57735026919,-0.57735026919));
#11396 = ORIENTED_EDGE('',*,*,#11397,.T.);
#11397 = EDGE_CURVE('',#11390,#11398,#11400,.T.);
#11398 = VERTEX_POINT('',#11399);
#11399 = CARTESIAN_POINT('',(14.88,0.12,6.5));
#11400 = LINE('',#11401,#11402);
#11401 = CARTESIAN_POINT('',(15.32,0.12,6.5));
#11402 = VECTOR('',#11403,1.);
#11403 = DIRECTION('',(-1.,1.224646799147E-16,0.));
#11404 = ORIENTED_EDGE('',*,*,#11405,.T.);
#11405 = EDGE_CURVE('',#11398,#9926,#11406,.T.);
#11406 = LINE('',#11407,#11408);
#11407 = CARTESIAN_POINT('',(14.96,4.E-02,6.58));
#11408 = VECTOR('',#11409,1.);
#11409 = DIRECTION('',(-0.57735026919,0.57735026919,-0.57735026919));
#11410 = ORIENTED_EDGE('',*,*,#9925,.F.);
#11411 = PLANE('',#11412);
#11412 = AXIS2_PLACEMENT_3D('',#11413,#11414,#11415);
#11413 = CARTESIAN_POINT('',(15.32,0.22,6.4));
#11414 = DIRECTION('',(8.833102285013E-17,0.707106781187,0.707106781187)
  );
#11415 = DIRECTION('',(1.,-1.236918052038E-16,-1.227125289097E-18));
#11416 = ADVANCED_FACE('',(#11417),#11435,.F.);
#11417 = FACE_BOUND('',#11418,.T.);
#11418 = EDGE_LOOP('',(#11419,#11427,#11433,#11434));
#11419 = ORIENTED_EDGE('',*,*,#11420,.T.);
#11420 = EDGE_CURVE('',#9950,#11421,#11423,.T.);
#11421 = VERTEX_POINT('',#11422);
#11422 = CARTESIAN_POINT('',(14.88,-0.12,6.5));
#11423 = LINE('',#11424,#11425);
#11424 = CARTESIAN_POINT('',(14.853333333333,-0.146666666667,
    6.473333333333));
#11425 = VECTOR('',#11426,1.);
#11426 = DIRECTION('',(0.57735026919,0.57735026919,0.57735026919));
#11427 = ORIENTED_EDGE('',*,*,#11428,.T.);
#11428 = EDGE_CURVE('',#11421,#11398,#11429,.T.);
#11429 = LINE('',#11430,#11431);
#11430 = CARTESIAN_POINT('',(14.88,-0.32,6.5));
#11431 = VECTOR('',#11432,1.);
#11432 = DIRECTION('',(1.224646799147E-16,1.,0.));
#11433 = ORIENTED_EDGE('',*,*,#11405,.T.);
#11434 = ORIENTED_EDGE('',*,*,#9957,.F.);
#11435 = PLANE('',#11436);
#11436 = AXIS2_PLACEMENT_3D('',#11437,#11438,#11439);
#11437 = CARTESIAN_POINT('',(14.78,-0.32,6.4));
#11438 = DIRECTION('',(0.707106781187,-8.486018839685E-17,
    -0.707106781187));
#11439 = DIRECTION('',(-1.212375546256E-16,-1.,-1.227125289196E-18));
#11440 = ADVANCED_FACE('',(#11441),#11459,.T.);
#11441 = FACE_BOUND('',#11442,.F.);
#11442 = EDGE_LOOP('',(#11443,#11451,#11452,#11453));
#11443 = ORIENTED_EDGE('',*,*,#11444,.F.);
#11444 = EDGE_CURVE('',#9973,#11445,#11447,.T.);
#11445 = VERTEX_POINT('',#11446);
#11446 = CARTESIAN_POINT('',(15.12,-0.12,6.5));
#11447 = LINE('',#11448,#11449);
#11448 = CARTESIAN_POINT('',(15.253333333333,-0.253333333333,
    6.366666666667));
#11449 = VECTOR('',#11450,1.);
#11450 = DIRECTION('',(-0.57735026919,0.57735026919,0.57735026919));
#11451 = ORIENTED_EDGE('',*,*,#9982,.T.);
#11452 = ORIENTED_EDGE('',*,*,#11420,.T.);
#11453 = ORIENTED_EDGE('',*,*,#11454,.F.);
#11454 = EDGE_CURVE('',#11445,#11421,#11455,.T.);
#11455 = LINE('',#11456,#11457);
#11456 = CARTESIAN_POINT('',(15.32,-0.12,6.5));
#11457 = VECTOR('',#11458,1.);
#11458 = DIRECTION('',(-1.,1.224646799147E-16,0.));
#11459 = PLANE('',#11460);
#11460 = AXIS2_PLACEMENT_3D('',#11461,#11462,#11463);
#11461 = CARTESIAN_POINT('',(15.32,-0.22,6.4));
#11462 = DIRECTION('',(-8.833102285013E-17,-0.707106781187,
    0.707106781187));
#11463 = DIRECTION('',(1.,-1.236918052038E-16,1.227125289097E-18));
#11464 = ADVANCED_FACE('',(#11465),#11476,.T.);
#11465 = FACE_BOUND('',#11466,.F.);
#11466 = EDGE_LOOP('',(#11467,#11468,#11474,#11475));
#11467 = ORIENTED_EDGE('',*,*,#11444,.T.);
#11468 = ORIENTED_EDGE('',*,*,#11469,.T.);
#11469 = EDGE_CURVE('',#11445,#11390,#11470,.T.);
#11470 = LINE('',#11471,#11472);
#11471 = CARTESIAN_POINT('',(15.12,-0.32,6.5));
#11472 = VECTOR('',#11473,1.);
#11473 = DIRECTION('',(1.224646799147E-16,1.,0.));
#11474 = ORIENTED_EDGE('',*,*,#11389,.T.);
#11475 = ORIENTED_EDGE('',*,*,#9998,.F.);
#11476 = PLANE('',#11477);
#11477 = AXIS2_PLACEMENT_3D('',#11478,#11479,#11480);
#11478 = CARTESIAN_POINT('',(15.22,-0.32,6.4));
#11479 = DIRECTION('',(0.707106781187,-8.833102285013E-17,0.707106781187
    ));
#11480 = DIRECTION('',(-1.236918052038E-16,-1.,-1.227125289097E-18));
#11481 = ADVANCED_FACE('',(#11482),#11507,.F.);
#11482 = FACE_BOUND('',#11483,.T.);
#11483 = EDGE_LOOP('',(#11484,#11492,#11500,#11506));
#11484 = ORIENTED_EDGE('',*,*,#11485,.T.);
#11485 = EDGE_CURVE('',#10015,#11486,#11488,.T.);
#11486 = VERTEX_POINT('',#11487);
#11487 = CARTESIAN_POINT('',(-0.12,-0.12,6.5));
#11488 = LINE('',#11489,#11490);
#11489 = CARTESIAN_POINT('',(-0.146666666667,-0.146666666667,
    6.473333333333));
#11490 = VECTOR('',#11491,1.);
#11491 = DIRECTION('',(0.57735026919,0.57735026919,0.57735026919));
#11492 = ORIENTED_EDGE('',*,*,#11493,.T.);
#11493 = EDGE_CURVE('',#11486,#11494,#11496,.T.);
#11494 = VERTEX_POINT('',#11495);
#11495 = CARTESIAN_POINT('',(-0.12,0.12,6.5));
#11496 = LINE('',#11497,#11498);
#11497 = CARTESIAN_POINT('',(-0.12,-0.32,6.5));
#11498 = VECTOR('',#11499,1.);
#11499 = DIRECTION('',(1.224646799147E-16,1.,0.));
#11500 = ORIENTED_EDGE('',*,*,#11501,.T.);
#11501 = EDGE_CURVE('',#11494,#10023,#11502,.T.);
#11502 = LINE('',#11503,#11504);
#11503 = CARTESIAN_POINT('',(-4.E-02,4.E-02,6.58));
#11504 = VECTOR('',#11505,1.);
#11505 = DIRECTION('',(-0.57735026919,0.57735026919,-0.57735026919));
#11506 = ORIENTED_EDGE('',*,*,#10022,.F.);
#11507 = PLANE('',#11508);
#11508 = AXIS2_PLACEMENT_3D('',#11509,#11510,#11511);
#11509 = CARTESIAN_POINT('',(-0.22,-0.32,6.4));
#11510 = DIRECTION('',(0.707106781187,-8.486018839685E-17,
    -0.707106781187));
#11511 = DIRECTION('',(-1.212375546256E-16,-1.,-1.227125289196E-18));
#11512 = ADVANCED_FACE('',(#11513),#11531,.T.);
#11513 = FACE_BOUND('',#11514,.F.);
#11514 = EDGE_LOOP('',(#11515,#11523,#11524,#11525));
#11515 = ORIENTED_EDGE('',*,*,#11516,.F.);
#11516 = EDGE_CURVE('',#10045,#11517,#11519,.T.);
#11517 = VERTEX_POINT('',#11518);
#11518 = CARTESIAN_POINT('',(0.12,-0.12,6.5));
#11519 = LINE('',#11520,#11521);
#11520 = CARTESIAN_POINT('',(0.253333333333,-0.253333333333,
    6.366666666667));
#11521 = VECTOR('',#11522,1.);
#11522 = DIRECTION('',(-0.57735026919,0.57735026919,0.57735026919));
#11523 = ORIENTED_EDGE('',*,*,#10054,.T.);
#11524 = ORIENTED_EDGE('',*,*,#11485,.T.);
#11525 = ORIENTED_EDGE('',*,*,#11526,.F.);
#11526 = EDGE_CURVE('',#11517,#11486,#11527,.T.);
#11527 = LINE('',#11528,#11529);
#11528 = CARTESIAN_POINT('',(0.32,-0.12,6.5));
#11529 = VECTOR('',#11530,1.);
#11530 = DIRECTION('',(-1.,1.224646799147E-16,0.));
#11531 = PLANE('',#11532);
#11532 = AXIS2_PLACEMENT_3D('',#11533,#11534,#11535);
#11533 = CARTESIAN_POINT('',(0.32,-0.22,6.4));
#11534 = DIRECTION('',(-8.833102285013E-17,-0.707106781187,
    0.707106781187));
#11535 = DIRECTION('',(1.,-1.236918052038E-16,1.227125289097E-18));
#11536 = ADVANCED_FACE('',(#11537),#11555,.T.);
#11537 = FACE_BOUND('',#11538,.F.);
#11538 = EDGE_LOOP('',(#11539,#11540,#11548,#11554));
#11539 = ORIENTED_EDGE('',*,*,#11516,.T.);
#11540 = ORIENTED_EDGE('',*,*,#11541,.T.);
#11541 = EDGE_CURVE('',#11517,#11542,#11544,.T.);
#11542 = VERTEX_POINT('',#11543);
#11543 = CARTESIAN_POINT('',(0.12,0.12,6.5));
#11544 = LINE('',#11545,#11546);
#11545 = CARTESIAN_POINT('',(0.12,-0.32,6.5));
#11546 = VECTOR('',#11547,1.);
#11547 = DIRECTION('',(1.224646799147E-16,1.,0.));
#11548 = ORIENTED_EDGE('',*,*,#11549,.T.);
#11549 = EDGE_CURVE('',#11542,#10071,#11550,.T.);
#11550 = LINE('',#11551,#11552);
#11551 = CARTESIAN_POINT('',(0.146666666667,0.146666666667,
    6.473333333333));
#11552 = VECTOR('',#11553,1.);
#11553 = DIRECTION('',(0.57735026919,0.57735026919,-0.57735026919));
#11554 = ORIENTED_EDGE('',*,*,#10070,.F.);
#11555 = PLANE('',#11556);
#11556 = AXIS2_PLACEMENT_3D('',#11557,#11558,#11559);
#11557 = CARTESIAN_POINT('',(0.22,-0.32,6.4));
#11558 = DIRECTION('',(0.707106781187,-8.833102285013E-17,0.707106781187
    ));
#11559 = DIRECTION('',(-1.236918052038E-16,-1.,-1.227125289097E-18));
#11560 = ADVANCED_FACE('',(#11561),#11572,.T.);
#11561 = FACE_BOUND('',#11562,.F.);
#11562 = EDGE_LOOP('',(#11563,#11564,#11570,#11571));
#11563 = ORIENTED_EDGE('',*,*,#11549,.F.);
#11564 = ORIENTED_EDGE('',*,*,#11565,.T.);
#11565 = EDGE_CURVE('',#11542,#11494,#11566,.T.);
#11566 = LINE('',#11567,#11568);
#11567 = CARTESIAN_POINT('',(0.32,0.12,6.5));
#11568 = VECTOR('',#11569,1.);
#11569 = DIRECTION('',(-1.,1.224646799147E-16,0.));
#11570 = ORIENTED_EDGE('',*,*,#11501,.T.);
#11571 = ORIENTED_EDGE('',*,*,#10093,.F.);
#11572 = PLANE('',#11573);
#11573 = AXIS2_PLACEMENT_3D('',#11574,#11575,#11576);
#11574 = CARTESIAN_POINT('',(0.32,0.22,6.4));
#11575 = DIRECTION('',(8.833102285013E-17,0.707106781187,0.707106781187)
  );
#11576 = DIRECTION('',(1.,-1.236918052038E-16,-1.227125289097E-18));
#11577 = ADVANCED_FACE('',(#11578),#11619,.F.);
#11578 = FACE_BOUND('',#11579,.T.);
#11579 = EDGE_LOOP('',(#11580,#11590,#11596,#11597,#11605,#11613));
#11580 = ORIENTED_EDGE('',*,*,#11581,.T.);
#11581 = EDGE_CURVE('',#11582,#11584,#11586,.T.);
#11582 = VERTEX_POINT('',#11583);
#11583 = CARTESIAN_POINT('',(-0.12,-0.12,-3.4));
#11584 = VERTEX_POINT('',#11585);
#11585 = CARTESIAN_POINT('',(-0.317552593066,-0.288807485305,
    -3.202447406934));
#11586 = LINE('',#11587,#11588);
#11587 = CARTESIAN_POINT('',(-3.848855660758E-02,-5.034896900541E-02,
    -3.481511443392));
#11588 = VECTOR('',#11589,1.);
#11589 = DIRECTION('',(-0.605209817607,-0.517148096144,0.605209817607));
#11590 = ORIENTED_EDGE('',*,*,#11591,.T.);
#11591 = EDGE_CURVE('',#11584,#10112,#11592,.T.);
#11592 = LINE('',#11593,#11594);
#11593 = CARTESIAN_POINT('',(-8.569083447333E-02,-0.325417236662,
    -3.434309165527));
#11594 = VECTOR('',#11595,1.);
#11595 = DIRECTION('',(-0.702740385383,0.110959008218,0.702740385383));
#11596 = ORIENTED_EDGE('',*,*,#10109,.F.);
#11597 = ORIENTED_EDGE('',*,*,#11598,.F.);
#11598 = EDGE_CURVE('',#11599,#10110,#11601,.T.);
#11599 = VERTEX_POINT('',#11600);
#11600 = CARTESIAN_POINT('',(-0.317552593066,0.351192514695,
    -3.202447406934));
#11601 = LINE('',#11602,#11603);
#11602 = CARTESIAN_POINT('',(-0.541586867305,0.386566347469,
    -2.978413132695));
#11603 = VECTOR('',#11604,1.);
#11604 = DIRECTION('',(-0.702740385383,0.110959008218,0.702740385383));
#11605 = ORIENTED_EDGE('',*,*,#11606,.F.);
#11606 = EDGE_CURVE('',#11607,#11599,#11609,.T.);
#11607 = VERTEX_POINT('',#11608);
#11608 = CARTESIAN_POINT('',(-0.12,0.12,-3.4));
#11609 = LINE('',#11610,#11611);
#11610 = CARTESIAN_POINT('',(-0.153849098111,0.159613036666,
    -3.366150901889));
#11611 = VECTOR('',#11612,1.);
#11612 = DIRECTION('',(-0.544770019249,0.63753529491,0.544770019249));
#11613 = ORIENTED_EDGE('',*,*,#11614,.T.);
#11614 = EDGE_CURVE('',#11607,#11582,#11615,.T.);
#11615 = LINE('',#11616,#11617);
#11616 = CARTESIAN_POINT('',(-0.12,0.32,-3.4));
#11617 = VECTOR('',#11618,1.);
#11618 = DIRECTION('',(-1.224646799147E-16,-1.,0.));
#11619 = PLANE('',#11620);
#11620 = AXIS2_PLACEMENT_3D('',#11621,#11622,#11623);
#11621 = CARTESIAN_POINT('',(-0.22,0.32,-3.3));
#11622 = DIRECTION('',(0.707106781187,-8.833102285013E-17,0.707106781187
    ));
#11623 = DIRECTION('',(1.236918052038E-16,1.,1.227125289097E-18));
#11624 = ADVANCED_FACE('',(#11625),#11650,.F.);
#11625 = FACE_BOUND('',#11626,.F.);
#11626 = EDGE_LOOP('',(#11627,#11628,#11634,#11635,#11636,#11644));
#11627 = ORIENTED_EDGE('',*,*,#10238,.F.);
#11628 = ORIENTED_EDGE('',*,*,#11629,.T.);
#11629 = EDGE_CURVE('',#10231,#10151,#11630,.T.);
#11630 = LINE('',#11631,#11632);
#11631 = CARTESIAN_POINT('',(0.32,0.62,-1.5));
#11632 = VECTOR('',#11633,1.);
#11633 = DIRECTION('',(-1.,1.224646799147E-16,0.));
#11634 = ORIENTED_EDGE('',*,*,#10158,.T.);
#11635 = ORIENTED_EDGE('',*,*,#11598,.F.);
#11636 = ORIENTED_EDGE('',*,*,#11637,.F.);
#11637 = EDGE_CURVE('',#11638,#11599,#11640,.T.);
#11638 = VERTEX_POINT('',#11639);
#11639 = CARTESIAN_POINT('',(0.317552593066,0.351192514695,
    -3.202447406934));
#11640 = LINE('',#11641,#11642);
#11641 = CARTESIAN_POINT('',(0.32,0.351192514695,-3.202447406934));
#11642 = VECTOR('',#11643,1.);
#11643 = DIRECTION('',(-1.,1.224646799147E-16,0.));
#11644 = ORIENTED_EDGE('',*,*,#11645,.T.);
#11645 = EDGE_CURVE('',#11638,#10197,#11646,.T.);
#11646 = LINE('',#11647,#11648);
#11647 = CARTESIAN_POINT('',(0.699616963064,0.411518467852,
    -2.820383036936));
#11648 = VECTOR('',#11649,1.);
#11649 = DIRECTION('',(0.702740385383,0.110959008218,0.702740385383));
#11650 = PLANE('',#11651);
#11651 = AXIS2_PLACEMENT_3D('',#11652,#11653,#11654);
#11652 = CARTESIAN_POINT('',(0.32,0.62,-1.5));
#11653 = DIRECTION('',(-1.209660753807E-16,-0.987762965329,
    0.155962573473));
#11654 = DIRECTION('',(-1.909990663905E-17,-0.155962573473,
    -0.987762965329));
#11655 = ADVANCED_FACE('',(#11656),#11662,.F.);
#11656 = FACE_BOUND('',#11657,.F.);
#11657 = EDGE_LOOP('',(#11658,#11659,#11660,#11661));
#11658 = ORIENTED_EDGE('',*,*,#10255,.T.);
#11659 = ORIENTED_EDGE('',*,*,#10150,.T.);
#11660 = ORIENTED_EDGE('',*,*,#11629,.F.);
#11661 = ORIENTED_EDGE('',*,*,#10230,.F.);
#11662 = PLANE('',#11663);
#11663 = AXIS2_PLACEMENT_3D('',#11664,#11665,#11666);
#11664 = CARTESIAN_POINT('',(0.32,0.32,-0.9));
#11665 = DIRECTION('',(-1.095357396528E-16,-0.894427191,-0.4472135955));
#11666 = DIRECTION('',(5.476786982641E-17,0.4472135955,-0.894427191));
#11667 = ADVANCED_FACE('',(#11668),#11679,.F.);
#11668 = FACE_BOUND('',#11669,.F.);
#11669 = EDGE_LOOP('',(#11670,#11676,#11677,#11678));
#11670 = ORIENTED_EDGE('',*,*,#11671,.T.);
#11671 = EDGE_CURVE('',#10207,#10120,#11672,.T.);
#11672 = LINE('',#11673,#11674);
#11673 = CARTESIAN_POINT('',(0.32,-2.E-02,-1.5));
#11674 = VECTOR('',#11675,1.);
#11675 = DIRECTION('',(-1.,1.224646799147E-16,0.));
#11676 = ORIENTED_EDGE('',*,*,#10127,.T.);
#11677 = ORIENTED_EDGE('',*,*,#10180,.F.);
#11678 = ORIENTED_EDGE('',*,*,#10214,.F.);
#11679 = PLANE('',#11680);
#11680 = AXIS2_PLACEMENT_3D('',#11681,#11682,#11683);
#11681 = CARTESIAN_POINT('',(0.32,-2.E-02,-1.5));
#11682 = DIRECTION('',(1.095357396528E-16,0.894427191,0.4472135955));
#11683 = DIRECTION('',(-5.476786982641E-17,-0.4472135955,0.894427191));
#11684 = ADVANCED_FACE('',(#11685),#11705,.F.);
#11685 = FACE_BOUND('',#11686,.F.);
#11686 = EDGE_LOOP('',(#11687,#11688,#11696,#11702,#11703,#11704));
#11687 = ORIENTED_EDGE('',*,*,#10206,.F.);
#11688 = ORIENTED_EDGE('',*,*,#11689,.F.);
#11689 = EDGE_CURVE('',#11690,#10199,#11692,.T.);
#11690 = VERTEX_POINT('',#11691);
#11691 = CARTESIAN_POINT('',(0.317552593066,-0.288807485305,
    -3.202447406934));
#11692 = LINE('',#11693,#11694);
#11693 = CARTESIAN_POINT('',(0.243720930233,-0.300465116279,
    -3.276279069767));
#11694 = VECTOR('',#11695,1.);
#11695 = DIRECTION('',(0.702740385383,0.110959008218,0.702740385383));
#11696 = ORIENTED_EDGE('',*,*,#11697,.T.);
#11697 = EDGE_CURVE('',#11690,#11584,#11698,.T.);
#11698 = LINE('',#11699,#11700);
#11699 = CARTESIAN_POINT('',(0.32,-0.288807485305,-3.202447406934));
#11700 = VECTOR('',#11701,1.);
#11701 = DIRECTION('',(-1.,1.224646799147E-16,0.));
#11702 = ORIENTED_EDGE('',*,*,#11591,.T.);
#11703 = ORIENTED_EDGE('',*,*,#10119,.T.);
#11704 = ORIENTED_EDGE('',*,*,#11671,.F.);
#11705 = PLANE('',#11706);
#11706 = AXIS2_PLACEMENT_3D('',#11707,#11708,#11709);
#11707 = CARTESIAN_POINT('',(0.32,-0.32,-3.4));
#11708 = DIRECTION('',(1.209660753807E-16,0.987762965329,-0.155962573473
    ));
#11709 = DIRECTION('',(1.909990663905E-17,0.155962573473,0.987762965329)
  );
#11710 = ADVANCED_FACE('',(#11711),#11738,.T.);
#11711 = FACE_BOUND('',#11712,.F.);
#11712 = EDGE_LOOP('',(#11713,#11721,#11722,#11723,#11724,#11732));
#11713 = ORIENTED_EDGE('',*,*,#11714,.T.);
#11714 = EDGE_CURVE('',#11715,#11690,#11717,.T.);
#11715 = VERTEX_POINT('',#11716);
#11716 = CARTESIAN_POINT('',(0.12,-0.12,-3.4));
#11717 = LINE('',#11718,#11719);
#11718 = CARTESIAN_POINT('',(0.155697812072,-0.150503562587,
    -3.364302187928));
#11719 = VECTOR('',#11720,1.);
#11720 = DIRECTION('',(0.605209817607,-0.517148096144,0.605209817607));
#11721 = ORIENTED_EDGE('',*,*,#11689,.T.);
#11722 = ORIENTED_EDGE('',*,*,#10196,.F.);
#11723 = ORIENTED_EDGE('',*,*,#11645,.F.);
#11724 = ORIENTED_EDGE('',*,*,#11725,.F.);
#11725 = EDGE_CURVE('',#11726,#11638,#11728,.T.);
#11726 = VERTEX_POINT('',#11727);
#11727 = CARTESIAN_POINT('',(0.12,0.12,-3.4));
#11728 = LINE('',#11729,#11730);
#11729 = CARTESIAN_POINT('',(0.24881689775,0.270752273427,-3.27118310225
    ));
#11730 = VECTOR('',#11731,1.);
#11731 = DIRECTION('',(0.544770019249,0.63753529491,0.544770019249));
#11732 = ORIENTED_EDGE('',*,*,#11733,.T.);
#11733 = EDGE_CURVE('',#11726,#11715,#11734,.T.);
#11734 = LINE('',#11735,#11736);
#11735 = CARTESIAN_POINT('',(0.12,0.32,-3.4));
#11736 = VECTOR('',#11737,1.);
#11737 = DIRECTION('',(-1.224646799147E-16,-1.,0.));
#11738 = PLANE('',#11739);
#11739 = AXIS2_PLACEMENT_3D('',#11740,#11741,#11742);
#11740 = CARTESIAN_POINT('',(0.22,0.32,-3.3));
#11741 = DIRECTION('',(0.707106781187,-8.486018839685E-17,
    -0.707106781187));
#11742 = DIRECTION('',(1.212375546256E-16,1.,1.227125289196E-18));
#11743 = ADVANCED_FACE('',(#11744),#11769,.F.);
#11744 = FACE_BOUND('',#11745,.T.);
#11745 = EDGE_LOOP('',(#11746,#11754,#11762,#11768));
#11746 = ORIENTED_EDGE('',*,*,#11747,.F.);
#11747 = EDGE_CURVE('',#11748,#10270,#11750,.T.);
#11748 = VERTEX_POINT('',#11749);
#11749 = CARTESIAN_POINT('',(2.38,0.12,-3.4));
#11750 = LINE('',#11751,#11752);
#11751 = CARTESIAN_POINT('',(2.353333333333,0.146666666667,
    -3.373333333333));
#11752 = VECTOR('',#11753,1.);
#11753 = DIRECTION('',(-0.57735026919,0.57735026919,0.57735026919));
#11754 = ORIENTED_EDGE('',*,*,#11755,.T.);
#11755 = EDGE_CURVE('',#11748,#11756,#11758,.T.);
#11756 = VERTEX_POINT('',#11757);
#11757 = CARTESIAN_POINT('',(2.38,-0.12,-3.4));
#11758 = LINE('',#11759,#11760);
#11759 = CARTESIAN_POINT('',(2.38,0.32,-3.4));
#11760 = VECTOR('',#11761,1.);
#11761 = DIRECTION('',(-1.224646799147E-16,-1.,0.));
#11762 = ORIENTED_EDGE('',*,*,#11763,.T.);
#11763 = EDGE_CURVE('',#11756,#10272,#11764,.T.);
#11764 = LINE('',#11765,#11766);
#11765 = CARTESIAN_POINT('',(2.46,-4.E-02,-3.48));
#11766 = VECTOR('',#11767,1.);
#11767 = DIRECTION('',(-0.57735026919,-0.57735026919,0.57735026919));
#11768 = ORIENTED_EDGE('',*,*,#10269,.F.);
#11769 = PLANE('',#11770);
#11770 = AXIS2_PLACEMENT_3D('',#11771,#11772,#11773);
#11771 = CARTESIAN_POINT('',(2.28,0.32,-3.3));
#11772 = DIRECTION('',(0.707106781187,-8.833102285013E-17,0.707106781187
    ));
#11773 = DIRECTION('',(1.236918052038E-16,1.,1.227125289097E-18));
#11774 = ADVANCED_FACE('',(#11775),#11793,.T.);
#11775 = FACE_BOUND('',#11776,.F.);
#11776 = EDGE_LOOP('',(#11777,#11785,#11791,#11792));
#11777 = ORIENTED_EDGE('',*,*,#11778,.F.);
#11778 = EDGE_CURVE('',#11779,#10301,#11781,.T.);
#11779 = VERTEX_POINT('',#11780);
#11780 = CARTESIAN_POINT('',(2.62,-0.12,-3.4));
#11781 = LINE('',#11782,#11783);
#11782 = CARTESIAN_POINT('',(2.646666666667,-0.146666666667,
    -3.373333333333));
#11783 = VECTOR('',#11784,1.);
#11784 = DIRECTION('',(0.57735026919,-0.57735026919,0.57735026919));
#11785 = ORIENTED_EDGE('',*,*,#11786,.T.);
#11786 = EDGE_CURVE('',#11779,#11756,#11787,.T.);
#11787 = LINE('',#11788,#11789);
#11788 = CARTESIAN_POINT('',(2.82,-0.12,-3.4));
#11789 = VECTOR('',#11790,1.);
#11790 = DIRECTION('',(-1.,1.224646799147E-16,0.));
#11791 = ORIENTED_EDGE('',*,*,#11763,.T.);
#11792 = ORIENTED_EDGE('',*,*,#10308,.F.);
#11793 = PLANE('',#11794);
#11794 = AXIS2_PLACEMENT_3D('',#11795,#11796,#11797);
#11795 = CARTESIAN_POINT('',(2.82,-0.22,-3.3));
#11796 = DIRECTION('',(-8.486018839685E-17,-0.707106781187,
    -0.707106781187));
#11797 = DIRECTION('',(1.,-1.212375546256E-16,1.227125289196E-18));
#11798 = ADVANCED_FACE('',(#11799),#11817,.T.);
#11799 = FACE_BOUND('',#11800,.F.);
#11800 = EDGE_LOOP('',(#11801,#11809,#11815,#11816));
#11801 = ORIENTED_EDGE('',*,*,#11802,.F.);
#11802 = EDGE_CURVE('',#11803,#10325,#11805,.T.);
#11803 = VERTEX_POINT('',#11804);
#11804 = CARTESIAN_POINT('',(2.62,0.12,-3.4));
#11805 = LINE('',#11806,#11807);
#11806 = CARTESIAN_POINT('',(2.753333333333,0.253333333333,
    -3.266666666667));
#11807 = VECTOR('',#11808,1.);
#11808 = DIRECTION('',(0.57735026919,0.57735026919,0.57735026919));
#11809 = ORIENTED_EDGE('',*,*,#11810,.T.);
#11810 = EDGE_CURVE('',#11803,#11779,#11811,.T.);
#11811 = LINE('',#11812,#11813);
#11812 = CARTESIAN_POINT('',(2.62,0.32,-3.4));
#11813 = VECTOR('',#11814,1.);
#11814 = DIRECTION('',(-1.224646799147E-16,-1.,0.));
#11815 = ORIENTED_EDGE('',*,*,#11778,.T.);
#11816 = ORIENTED_EDGE('',*,*,#10324,.F.);
#11817 = PLANE('',#11818);
#11818 = AXIS2_PLACEMENT_3D('',#11819,#11820,#11821);
#11819 = CARTESIAN_POINT('',(2.72,0.32,-3.3));
#11820 = DIRECTION('',(0.707106781187,-8.486018839685E-17,
    -0.707106781187));
#11821 = DIRECTION('',(1.212375546256E-16,1.,1.227125289196E-18));
#11822 = ADVANCED_FACE('',(#11823),#11834,.T.);
#11823 = FACE_BOUND('',#11824,.T.);
#11824 = EDGE_LOOP('',(#11825,#11826,#11832,#11833));
#11825 = ORIENTED_EDGE('',*,*,#11802,.F.);
#11826 = ORIENTED_EDGE('',*,*,#11827,.T.);
#11827 = EDGE_CURVE('',#11803,#11748,#11828,.T.);
#11828 = LINE('',#11829,#11830);
#11829 = CARTESIAN_POINT('',(2.82,0.12,-3.4));
#11830 = VECTOR('',#11831,1.);
#11831 = DIRECTION('',(-1.,1.224646799147E-16,0.));
#11832 = ORIENTED_EDGE('',*,*,#11747,.T.);
#11833 = ORIENTED_EDGE('',*,*,#10351,.F.);
#11834 = PLANE('',#11835);
#11835 = AXIS2_PLACEMENT_3D('',#11836,#11837,#11838);
#11836 = CARTESIAN_POINT('',(2.82,0.22,-3.3));
#11837 = DIRECTION('',(8.486018839685E-17,0.707106781187,-0.707106781187
    ));
#11838 = DIRECTION('',(-1.,1.212375546256E-16,1.227125289196E-18));
#11839 = ADVANCED_FACE('',(#11840),#11865,.F.);
#11840 = FACE_BOUND('',#11841,.T.);
#11841 = EDGE_LOOP('',(#11842,#11850,#11858,#11864));
#11842 = ORIENTED_EDGE('',*,*,#11843,.F.);
#11843 = EDGE_CURVE('',#11844,#10366,#11846,.T.);
#11844 = VERTEX_POINT('',#11845);
#11845 = CARTESIAN_POINT('',(4.88,0.12,-3.4));
#11846 = LINE('',#11847,#11848);
#11847 = CARTESIAN_POINT('',(4.853333333333,0.146666666667,
    -3.373333333333));
#11848 = VECTOR('',#11849,1.);
#11849 = DIRECTION('',(-0.57735026919,0.57735026919,0.57735026919));
#11850 = ORIENTED_EDGE('',*,*,#11851,.T.);
#11851 = EDGE_CURVE('',#11844,#11852,#11854,.T.);
#11852 = VERTEX_POINT('',#11853);
#11853 = CARTESIAN_POINT('',(4.88,-0.12,-3.4));
#11854 = LINE('',#11855,#11856);
#11855 = CARTESIAN_POINT('',(4.88,0.32,-3.4));
#11856 = VECTOR('',#11857,1.);
#11857 = DIRECTION('',(-1.224646799147E-16,-1.,0.));
#11858 = ORIENTED_EDGE('',*,*,#11859,.T.);
#11859 = EDGE_CURVE('',#11852,#10368,#11860,.T.);
#11860 = LINE('',#11861,#11862);
#11861 = CARTESIAN_POINT('',(4.96,-4.E-02,-3.48));
#11862 = VECTOR('',#11863,1.);
#11863 = DIRECTION('',(-0.57735026919,-0.57735026919,0.57735026919));
#11864 = ORIENTED_EDGE('',*,*,#10365,.F.);
#11865 = PLANE('',#11866);
#11866 = AXIS2_PLACEMENT_3D('',#11867,#11868,#11869);
#11867 = CARTESIAN_POINT('',(4.78,0.32,-3.3));
#11868 = DIRECTION('',(0.707106781187,-8.833102285013E-17,0.707106781187
    ));
#11869 = DIRECTION('',(1.236918052038E-16,1.,1.227125289097E-18));
#11870 = ADVANCED_FACE('',(#11871),#11889,.T.);
#11871 = FACE_BOUND('',#11872,.F.);
#11872 = EDGE_LOOP('',(#11873,#11881,#11887,#11888));
#11873 = ORIENTED_EDGE('',*,*,#11874,.F.);
#11874 = EDGE_CURVE('',#11875,#10397,#11877,.T.);
#11875 = VERTEX_POINT('',#11876);
#11876 = CARTESIAN_POINT('',(5.12,-0.12,-3.4));
#11877 = LINE('',#11878,#11879);
#11878 = CARTESIAN_POINT('',(5.146666666667,-0.146666666667,
    -3.373333333333));
#11879 = VECTOR('',#11880,1.);
#11880 = DIRECTION('',(0.57735026919,-0.57735026919,0.57735026919));
#11881 = ORIENTED_EDGE('',*,*,#11882,.T.);
#11882 = EDGE_CURVE('',#11875,#11852,#11883,.T.);
#11883 = LINE('',#11884,#11885);
#11884 = CARTESIAN_POINT('',(5.32,-0.12,-3.4));
#11885 = VECTOR('',#11886,1.);
#11886 = DIRECTION('',(-1.,1.224646799147E-16,0.));
#11887 = ORIENTED_EDGE('',*,*,#11859,.T.);
#11888 = ORIENTED_EDGE('',*,*,#10404,.F.);
#11889 = PLANE('',#11890);
#11890 = AXIS2_PLACEMENT_3D('',#11891,#11892,#11893);
#11891 = CARTESIAN_POINT('',(5.32,-0.22,-3.3));
#11892 = DIRECTION('',(-8.486018839685E-17,-0.707106781187,
    -0.707106781187));
#11893 = DIRECTION('',(1.,-1.212375546256E-16,1.227125289196E-18));
#11894 = ADVANCED_FACE('',(#11895),#11913,.T.);
#11895 = FACE_BOUND('',#11896,.F.);
#11896 = EDGE_LOOP('',(#11897,#11905,#11911,#11912));
#11897 = ORIENTED_EDGE('',*,*,#11898,.F.);
#11898 = EDGE_CURVE('',#11899,#10421,#11901,.T.);
#11899 = VERTEX_POINT('',#11900);
#11900 = CARTESIAN_POINT('',(5.12,0.12,-3.4));
#11901 = LINE('',#11902,#11903);
#11902 = CARTESIAN_POINT('',(5.253333333333,0.253333333333,
    -3.266666666667));
#11903 = VECTOR('',#11904,1.);
#11904 = DIRECTION('',(0.57735026919,0.57735026919,0.57735026919));
#11905 = ORIENTED_EDGE('',*,*,#11906,.T.);
#11906 = EDGE_CURVE('',#11899,#11875,#11907,.T.);
#11907 = LINE('',#11908,#11909);
#11908 = CARTESIAN_POINT('',(5.12,0.32,-3.4));
#11909 = VECTOR('',#11910,1.);
#11910 = DIRECTION('',(-1.224646799147E-16,-1.,0.));
#11911 = ORIENTED_EDGE('',*,*,#11874,.T.);
#11912 = ORIENTED_EDGE('',*,*,#10420,.F.);
#11913 = PLANE('',#11914);
#11914 = AXIS2_PLACEMENT_3D('',#11915,#11916,#11917);
#11915 = CARTESIAN_POINT('',(5.22,0.32,-3.3));
#11916 = DIRECTION('',(0.707106781187,-8.486018839685E-17,
    -0.707106781187));
#11917 = DIRECTION('',(1.212375546256E-16,1.,1.227125289196E-18));
#11918 = ADVANCED_FACE('',(#11919),#11930,.T.);
#11919 = FACE_BOUND('',#11920,.T.);
#11920 = EDGE_LOOP('',(#11921,#11922,#11928,#11929));
#11921 = ORIENTED_EDGE('',*,*,#11898,.F.);
#11922 = ORIENTED_EDGE('',*,*,#11923,.T.);
#11923 = EDGE_CURVE('',#11899,#11844,#11924,.T.);
#11924 = LINE('',#11925,#11926);
#11925 = CARTESIAN_POINT('',(5.32,0.12,-3.4));
#11926 = VECTOR('',#11927,1.);
#11927 = DIRECTION('',(-1.,1.224646799147E-16,0.));
#11928 = ORIENTED_EDGE('',*,*,#11843,.T.);
#11929 = ORIENTED_EDGE('',*,*,#10447,.F.);
#11930 = PLANE('',#11931);
#11931 = AXIS2_PLACEMENT_3D('',#11932,#11933,#11934);
#11932 = CARTESIAN_POINT('',(5.32,0.22,-3.3));
#11933 = DIRECTION('',(8.486018839685E-17,0.707106781187,-0.707106781187
    ));
#11934 = DIRECTION('',(-1.,1.212375546256E-16,1.227125289196E-18));
#11935 = ADVANCED_FACE('',(#11936),#11961,.T.);
#11936 = FACE_BOUND('',#11937,.T.);
#11937 = EDGE_LOOP('',(#11938,#11946,#11954,#11960));
#11938 = ORIENTED_EDGE('',*,*,#11939,.F.);
#11939 = EDGE_CURVE('',#11940,#10462,#11942,.T.);
#11940 = VERTEX_POINT('',#11941);
#11941 = CARTESIAN_POINT('',(7.62,0.12,-3.4));
#11942 = LINE('',#11943,#11944);
#11943 = CARTESIAN_POINT('',(7.753333333333,0.253333333333,
    -3.266666666667));
#11944 = VECTOR('',#11945,1.);
#11945 = DIRECTION('',(0.57735026919,0.57735026919,0.57735026919));
#11946 = ORIENTED_EDGE('',*,*,#11947,.T.);
#11947 = EDGE_CURVE('',#11940,#11948,#11950,.T.);
#11948 = VERTEX_POINT('',#11949);
#11949 = CARTESIAN_POINT('',(7.38,0.12,-3.4));
#11950 = LINE('',#11951,#11952);
#11951 = CARTESIAN_POINT('',(7.82,0.12,-3.4));
#11952 = VECTOR('',#11953,1.);
#11953 = DIRECTION('',(-1.,1.224646799147E-16,0.));
#11954 = ORIENTED_EDGE('',*,*,#11955,.T.);
#11955 = EDGE_CURVE('',#11948,#10471,#11956,.T.);
#11956 = LINE('',#11957,#11958);
#11957 = CARTESIAN_POINT('',(7.353333333333,0.146666666667,
    -3.373333333333));
#11958 = VECTOR('',#11959,1.);
#11959 = DIRECTION('',(-0.57735026919,0.57735026919,0.57735026919));
#11960 = ORIENTED_EDGE('',*,*,#10478,.F.);
#11961 = PLANE('',#11962);
#11962 = AXIS2_PLACEMENT_3D('',#11963,#11964,#11965);
#11963 = CARTESIAN_POINT('',(7.82,0.22,-3.3));
#11964 = DIRECTION('',(8.486018839685E-17,0.707106781187,-0.707106781187
    ));
#11965 = DIRECTION('',(-1.,1.212375546256E-16,1.227125289196E-18));
#11966 = ADVANCED_FACE('',(#11967),#11985,.F.);
#11967 = FACE_BOUND('',#11968,.T.);
#11968 = EDGE_LOOP('',(#11969,#11970,#11978,#11984));
#11969 = ORIENTED_EDGE('',*,*,#11955,.F.);
#11970 = ORIENTED_EDGE('',*,*,#11971,.T.);
#11971 = EDGE_CURVE('',#11948,#11972,#11974,.T.);
#11972 = VERTEX_POINT('',#11973);
#11973 = CARTESIAN_POINT('',(7.38,-0.12,-3.4));
#11974 = LINE('',#11975,#11976);
#11975 = CARTESIAN_POINT('',(7.38,0.32,-3.4));
#11976 = VECTOR('',#11977,1.);
#11977 = DIRECTION('',(-1.224646799147E-16,-1.,0.));
#11978 = ORIENTED_EDGE('',*,*,#11979,.T.);
#11979 = EDGE_CURVE('',#11972,#10493,#11980,.T.);
#11980 = LINE('',#11981,#11982);
#11981 = CARTESIAN_POINT('',(7.46,-4.E-02,-3.48));
#11982 = VECTOR('',#11983,1.);
#11983 = DIRECTION('',(-0.57735026919,-0.57735026919,0.57735026919));
#11984 = ORIENTED_EDGE('',*,*,#10492,.F.);
#11985 = PLANE('',#11986);
#11986 = AXIS2_PLACEMENT_3D('',#11987,#11988,#11989);
#11987 = CARTESIAN_POINT('',(7.28,0.32,-3.3));
#11988 = DIRECTION('',(0.707106781187,-8.833102285013E-17,0.707106781187
    ));
#11989 = DIRECTION('',(1.236918052038E-16,1.,1.227125289097E-18));
#11990 = ADVANCED_FACE('',(#11991),#12009,.T.);
#11991 = FACE_BOUND('',#11992,.F.);
#11992 = EDGE_LOOP('',(#11993,#12001,#12007,#12008));
#11993 = ORIENTED_EDGE('',*,*,#11994,.F.);
#11994 = EDGE_CURVE('',#11995,#10517,#11997,.T.);
#11995 = VERTEX_POINT('',#11996);
#11996 = CARTESIAN_POINT('',(7.62,-0.12,-3.4));
#11997 = LINE('',#11998,#11999);
#11998 = CARTESIAN_POINT('',(7.646666666667,-0.146666666667,
    -3.373333333333));
#11999 = VECTOR('',#12000,1.);
#12000 = DIRECTION('',(0.57735026919,-0.57735026919,0.57735026919));
#12001 = ORIENTED_EDGE('',*,*,#12002,.T.);
#12002 = EDGE_CURVE('',#11995,#11972,#12003,.T.);
#12003 = LINE('',#12004,#12005);
#12004 = CARTESIAN_POINT('',(7.82,-0.12,-3.4));
#12005 = VECTOR('',#12006,1.);
#12006 = DIRECTION('',(-1.,1.224646799147E-16,0.));
#12007 = ORIENTED_EDGE('',*,*,#11979,.T.);
#12008 = ORIENTED_EDGE('',*,*,#10524,.F.);
#12009 = PLANE('',#12010);
#12010 = AXIS2_PLACEMENT_3D('',#12011,#12012,#12013);
#12011 = CARTESIAN_POINT('',(7.82,-0.22,-3.3));
#12012 = DIRECTION('',(-8.486018839685E-17,-0.707106781187,
    -0.707106781187));
#12013 = DIRECTION('',(1.,-1.212375546256E-16,1.227125289196E-18));
#12014 = ADVANCED_FACE('',(#12015),#12026,.T.);
#12015 = FACE_BOUND('',#12016,.F.);
#12016 = EDGE_LOOP('',(#12017,#12018,#12024,#12025));
#12017 = ORIENTED_EDGE('',*,*,#11939,.F.);
#12018 = ORIENTED_EDGE('',*,*,#12019,.T.);
#12019 = EDGE_CURVE('',#11940,#11995,#12020,.T.);
#12020 = LINE('',#12021,#12022);
#12021 = CARTESIAN_POINT('',(7.62,0.32,-3.4));
#12022 = VECTOR('',#12023,1.);
#12023 = DIRECTION('',(-1.224646799147E-16,-1.,0.));
#12024 = ORIENTED_EDGE('',*,*,#11994,.T.);
#12025 = ORIENTED_EDGE('',*,*,#10540,.F.);
#12026 = PLANE('',#12027);
#12027 = AXIS2_PLACEMENT_3D('',#12028,#12029,#12030);
#12028 = CARTESIAN_POINT('',(7.72,0.32,-3.3));
#12029 = DIRECTION('',(0.707106781187,-8.486018839685E-17,
    -0.707106781187));
#12030 = DIRECTION('',(1.212375546256E-16,1.,1.227125289196E-18));
#12031 = ADVANCED_FACE('',(#12032),#12057,.T.);
#12032 = FACE_BOUND('',#12033,.T.);
#12033 = EDGE_LOOP('',(#12034,#12042,#12050,#12056));
#12034 = ORIENTED_EDGE('',*,*,#12035,.F.);
#12035 = EDGE_CURVE('',#12036,#10558,#12038,.T.);
#12036 = VERTEX_POINT('',#12037);
#12037 = CARTESIAN_POINT('',(10.12,0.12,-3.4));
#12038 = LINE('',#12039,#12040);
#12039 = CARTESIAN_POINT('',(10.253333333333,0.253333333333,
    -3.266666666667));
#12040 = VECTOR('',#12041,1.);
#12041 = DIRECTION('',(0.57735026919,0.57735026919,0.57735026919));
#12042 = ORIENTED_EDGE('',*,*,#12043,.T.);
#12043 = EDGE_CURVE('',#12036,#12044,#12046,.T.);
#12044 = VERTEX_POINT('',#12045);
#12045 = CARTESIAN_POINT('',(9.88,0.12,-3.4));
#12046 = LINE('',#12047,#12048);
#12047 = CARTESIAN_POINT('',(10.32,0.12,-3.4));
#12048 = VECTOR('',#12049,1.);
#12049 = DIRECTION('',(-1.,1.224646799147E-16,0.));
#12050 = ORIENTED_EDGE('',*,*,#12051,.T.);
#12051 = EDGE_CURVE('',#12044,#10567,#12052,.T.);
#12052 = LINE('',#12053,#12054);
#12053 = CARTESIAN_POINT('',(9.853333333333,0.146666666667,
    -3.373333333333));
#12054 = VECTOR('',#12055,1.);
#12055 = DIRECTION('',(-0.57735026919,0.57735026919,0.57735026919));
#12056 = ORIENTED_EDGE('',*,*,#10574,.F.);
#12057 = PLANE('',#12058);
#12058 = AXIS2_PLACEMENT_3D('',#12059,#12060,#12061);
#12059 = CARTESIAN_POINT('',(10.32,0.22,-3.3));
#12060 = DIRECTION('',(8.486018839685E-17,0.707106781187,-0.707106781187
    ));
#12061 = DIRECTION('',(-1.,1.212375546256E-16,1.227125289196E-18));
#12062 = ADVANCED_FACE('',(#12063),#12081,.F.);
#12063 = FACE_BOUND('',#12064,.T.);
#12064 = EDGE_LOOP('',(#12065,#12066,#12074,#12080));
#12065 = ORIENTED_EDGE('',*,*,#12051,.F.);
#12066 = ORIENTED_EDGE('',*,*,#12067,.T.);
#12067 = EDGE_CURVE('',#12044,#12068,#12070,.T.);
#12068 = VERTEX_POINT('',#12069);
#12069 = CARTESIAN_POINT('',(9.88,-0.12,-3.4));
#12070 = LINE('',#12071,#12072);
#12071 = CARTESIAN_POINT('',(9.88,0.32,-3.4));
#12072 = VECTOR('',#12073,1.);
#12073 = DIRECTION('',(-1.224646799147E-16,-1.,0.));
#12074 = ORIENTED_EDGE('',*,*,#12075,.T.);
#12075 = EDGE_CURVE('',#12068,#10589,#12076,.T.);
#12076 = LINE('',#12077,#12078);
#12077 = CARTESIAN_POINT('',(9.96,-4.E-02,-3.48));
#12078 = VECTOR('',#12079,1.);
#12079 = DIRECTION('',(-0.57735026919,-0.57735026919,0.57735026919));
#12080 = ORIENTED_EDGE('',*,*,#10588,.F.);
#12081 = PLANE('',#12082);
#12082 = AXIS2_PLACEMENT_3D('',#12083,#12084,#12085);
#12083 = CARTESIAN_POINT('',(9.78,0.32,-3.3));
#12084 = DIRECTION('',(0.707106781187,-8.833102285013E-17,0.707106781187
    ));
#12085 = DIRECTION('',(1.236918052038E-16,1.,1.227125289097E-18));
#12086 = ADVANCED_FACE('',(#12087),#12105,.T.);
#12087 = FACE_BOUND('',#12088,.F.);
#12088 = EDGE_LOOP('',(#12089,#12097,#12103,#12104));
#12089 = ORIENTED_EDGE('',*,*,#12090,.F.);
#12090 = EDGE_CURVE('',#12091,#10613,#12093,.T.);
#12091 = VERTEX_POINT('',#12092);
#12092 = CARTESIAN_POINT('',(10.12,-0.12,-3.4));
#12093 = LINE('',#12094,#12095);
#12094 = CARTESIAN_POINT('',(10.146666666667,-0.146666666667,
    -3.373333333333));
#12095 = VECTOR('',#12096,1.);
#12096 = DIRECTION('',(0.57735026919,-0.57735026919,0.57735026919));
#12097 = ORIENTED_EDGE('',*,*,#12098,.T.);
#12098 = EDGE_CURVE('',#12091,#12068,#12099,.T.);
#12099 = LINE('',#12100,#12101);
#12100 = CARTESIAN_POINT('',(10.32,-0.12,-3.4));
#12101 = VECTOR('',#12102,1.);
#12102 = DIRECTION('',(-1.,1.224646799147E-16,0.));
#12103 = ORIENTED_EDGE('',*,*,#12075,.T.);
#12104 = ORIENTED_EDGE('',*,*,#10620,.F.);
#12105 = PLANE('',#12106);
#12106 = AXIS2_PLACEMENT_3D('',#12107,#12108,#12109);
#12107 = CARTESIAN_POINT('',(10.32,-0.22,-3.3));
#12108 = DIRECTION('',(-8.486018839685E-17,-0.707106781187,
    -0.707106781187));
#12109 = DIRECTION('',(1.,-1.212375546256E-16,1.227125289196E-18));
#12110 = ADVANCED_FACE('',(#12111),#12122,.T.);
#12111 = FACE_BOUND('',#12112,.F.);
#12112 = EDGE_LOOP('',(#12113,#12114,#12120,#12121));
#12113 = ORIENTED_EDGE('',*,*,#12035,.F.);
#12114 = ORIENTED_EDGE('',*,*,#12115,.T.);
#12115 = EDGE_CURVE('',#12036,#12091,#12116,.T.);
#12116 = LINE('',#12117,#12118);
#12117 = CARTESIAN_POINT('',(10.12,0.32,-3.4));
#12118 = VECTOR('',#12119,1.);
#12119 = DIRECTION('',(-1.224646799147E-16,-1.,0.));
#12120 = ORIENTED_EDGE('',*,*,#12090,.T.);
#12121 = ORIENTED_EDGE('',*,*,#10636,.F.);
#12122 = PLANE('',#12123);
#12123 = AXIS2_PLACEMENT_3D('',#12124,#12125,#12126);
#12124 = CARTESIAN_POINT('',(10.22,0.32,-3.3));
#12125 = DIRECTION('',(0.707106781187,-8.486018839685E-17,
    -0.707106781187));
#12126 = DIRECTION('',(1.212375546256E-16,1.,1.227125289196E-18));
#12127 = ADVANCED_FACE('',(#12128),#12153,.F.);
#12128 = FACE_BOUND('',#12129,.T.);
#12129 = EDGE_LOOP('',(#12130,#12138,#12146,#12152));
#12130 = ORIENTED_EDGE('',*,*,#12131,.F.);
#12131 = EDGE_CURVE('',#12132,#10654,#12134,.T.);
#12132 = VERTEX_POINT('',#12133);
#12133 = CARTESIAN_POINT('',(12.38,0.12,-3.4));
#12134 = LINE('',#12135,#12136);
#12135 = CARTESIAN_POINT('',(12.353333333333,0.146666666667,
    -3.373333333333));
#12136 = VECTOR('',#12137,1.);
#12137 = DIRECTION('',(-0.57735026919,0.57735026919,0.57735026919));
#12138 = ORIENTED_EDGE('',*,*,#12139,.T.);
#12139 = EDGE_CURVE('',#12132,#12140,#12142,.T.);
#12140 = VERTEX_POINT('',#12141);
#12141 = CARTESIAN_POINT('',(12.38,-0.12,-3.4));
#12142 = LINE('',#12143,#12144);
#12143 = CARTESIAN_POINT('',(12.38,0.32,-3.4));
#12144 = VECTOR('',#12145,1.);
#12145 = DIRECTION('',(-1.224646799147E-16,-1.,0.));
#12146 = ORIENTED_EDGE('',*,*,#12147,.T.);
#12147 = EDGE_CURVE('',#12140,#10656,#12148,.T.);
#12148 = LINE('',#12149,#12150);
#12149 = CARTESIAN_POINT('',(12.46,-4.E-02,-3.48));
#12150 = VECTOR('',#12151,1.);
#12151 = DIRECTION('',(-0.57735026919,-0.57735026919,0.57735026919));
#12152 = ORIENTED_EDGE('',*,*,#10653,.F.);
#12153 = PLANE('',#12154);
#12154 = AXIS2_PLACEMENT_3D('',#12155,#12156,#12157);
#12155 = CARTESIAN_POINT('',(12.28,0.32,-3.3));
#12156 = DIRECTION('',(0.707106781187,-8.833102285013E-17,0.707106781187
    ));
#12157 = DIRECTION('',(1.236918052038E-16,1.,1.227125289097E-18));
#12158 = ADVANCED_FACE('',(#12159),#12177,.T.);
#12159 = FACE_BOUND('',#12160,.F.);
#12160 = EDGE_LOOP('',(#12161,#12169,#12175,#12176));
#12161 = ORIENTED_EDGE('',*,*,#12162,.F.);
#12162 = EDGE_CURVE('',#12163,#10685,#12165,.T.);
#12163 = VERTEX_POINT('',#12164);
#12164 = CARTESIAN_POINT('',(12.62,-0.12,-3.4));
#12165 = LINE('',#12166,#12167);
#12166 = CARTESIAN_POINT('',(12.646666666667,-0.146666666667,
    -3.373333333333));
#12167 = VECTOR('',#12168,1.);
#12168 = DIRECTION('',(0.57735026919,-0.57735026919,0.57735026919));
#12169 = ORIENTED_EDGE('',*,*,#12170,.T.);
#12170 = EDGE_CURVE('',#12163,#12140,#12171,.T.);
#12171 = LINE('',#12172,#12173);
#12172 = CARTESIAN_POINT('',(12.82,-0.12,-3.4));
#12173 = VECTOR('',#12174,1.);
#12174 = DIRECTION('',(-1.,1.224646799147E-16,0.));
#12175 = ORIENTED_EDGE('',*,*,#12147,.T.);
#12176 = ORIENTED_EDGE('',*,*,#10692,.F.);
#12177 = PLANE('',#12178);
#12178 = AXIS2_PLACEMENT_3D('',#12179,#12180,#12181);
#12179 = CARTESIAN_POINT('',(12.82,-0.22,-3.3));
#12180 = DIRECTION('',(-8.486018839685E-17,-0.707106781187,
    -0.707106781187));
#12181 = DIRECTION('',(1.,-1.212375546256E-16,1.227125289196E-18));
#12182 = ADVANCED_FACE('',(#12183),#12201,.T.);
#12183 = FACE_BOUND('',#12184,.F.);
#12184 = EDGE_LOOP('',(#12185,#12193,#12199,#12200));
#12185 = ORIENTED_EDGE('',*,*,#12186,.F.);
#12186 = EDGE_CURVE('',#12187,#10709,#12189,.T.);
#12187 = VERTEX_POINT('',#12188);
#12188 = CARTESIAN_POINT('',(12.62,0.12,-3.4));
#12189 = LINE('',#12190,#12191);
#12190 = CARTESIAN_POINT('',(12.753333333333,0.253333333333,
    -3.266666666667));
#12191 = VECTOR('',#12192,1.);
#12192 = DIRECTION('',(0.57735026919,0.57735026919,0.57735026919));
#12193 = ORIENTED_EDGE('',*,*,#12194,.T.);
#12194 = EDGE_CURVE('',#12187,#12163,#12195,.T.);
#12195 = LINE('',#12196,#12197);
#12196 = CARTESIAN_POINT('',(12.62,0.32,-3.4));
#12197 = VECTOR('',#12198,1.);
#12198 = DIRECTION('',(-1.224646799147E-16,-1.,0.));
#12199 = ORIENTED_EDGE('',*,*,#12162,.T.);
#12200 = ORIENTED_EDGE('',*,*,#10708,.F.);
#12201 = PLANE('',#12202);
#12202 = AXIS2_PLACEMENT_3D('',#12203,#12204,#12205);
#12203 = CARTESIAN_POINT('',(12.72,0.32,-3.3));
#12204 = DIRECTION('',(0.707106781187,-8.486018839685E-17,
    -0.707106781187));
#12205 = DIRECTION('',(1.212375546256E-16,1.,1.227125289196E-18));
#12206 = ADVANCED_FACE('',(#12207),#12218,.T.);
#12207 = FACE_BOUND('',#12208,.T.);
#12208 = EDGE_LOOP('',(#12209,#12210,#12216,#12217));
#12209 = ORIENTED_EDGE('',*,*,#12186,.F.);
#12210 = ORIENTED_EDGE('',*,*,#12211,.T.);
#12211 = EDGE_CURVE('',#12187,#12132,#12212,.T.);
#12212 = LINE('',#12213,#12214);
#12213 = CARTESIAN_POINT('',(12.82,0.12,-3.4));
#12214 = VECTOR('',#12215,1.);
#12215 = DIRECTION('',(-1.,1.224646799147E-16,0.));
#12216 = ORIENTED_EDGE('',*,*,#12131,.T.);
#12217 = ORIENTED_EDGE('',*,*,#10735,.F.);
#12218 = PLANE('',#12219);
#12219 = AXIS2_PLACEMENT_3D('',#12220,#12221,#12222);
#12220 = CARTESIAN_POINT('',(12.82,0.22,-3.3));
#12221 = DIRECTION('',(8.486018839685E-17,0.707106781187,-0.707106781187
    ));
#12222 = DIRECTION('',(-1.,1.212375546256E-16,1.227125289196E-18));
#12223 = ADVANCED_FACE('',(#12224),#12235,.F.);
#12224 = FACE_BOUND('',#12225,.F.);
#12225 = EDGE_LOOP('',(#12226,#12227,#12228,#12234));
#12226 = ORIENTED_EDGE('',*,*,#10766,.T.);
#12227 = ORIENTED_EDGE('',*,*,#10814,.T.);
#12228 = ORIENTED_EDGE('',*,*,#12229,.F.);
#12229 = EDGE_CURVE('',#10888,#10815,#12230,.T.);
#12230 = LINE('',#12231,#12232);
#12231 = CARTESIAN_POINT('',(15.32,0.62,-1.5));
#12232 = VECTOR('',#12233,1.);
#12233 = DIRECTION('',(-1.,1.224646799147E-16,0.));
#12234 = ORIENTED_EDGE('',*,*,#10887,.F.);
#12235 = PLANE('',#12236);
#12236 = AXIS2_PLACEMENT_3D('',#12237,#12238,#12239);
#12237 = CARTESIAN_POINT('',(15.32,0.32,-0.9));
#12238 = DIRECTION('',(-1.095357396528E-16,-0.894427191,-0.4472135955));
#12239 = DIRECTION('',(5.476786982641E-17,0.4472135955,-0.894427191));
#12240 = ADVANCED_FACE('',(#12241),#12282,.F.);
#12241 = FACE_BOUND('',#12242,.T.);
#12242 = EDGE_LOOP('',(#12243,#12253,#12259,#12260,#12268,#12276));
#12243 = ORIENTED_EDGE('',*,*,#12244,.T.);
#12244 = EDGE_CURVE('',#12245,#12247,#12249,.T.);
#12245 = VERTEX_POINT('',#12246);
#12246 = CARTESIAN_POINT('',(14.88,-0.12,-3.4));
#12247 = VERTEX_POINT('',#12248);
#12248 = CARTESIAN_POINT('',(14.682447406934,-0.288807485305,
    -3.202447406934));
#12249 = LINE('',#12250,#12251);
#12250 = CARTESIAN_POINT('',(14.961511443392,-5.034896900541E-02,
    -3.481511443392));
#12251 = VECTOR('',#12252,1.);
#12252 = DIRECTION('',(-0.605209817607,-0.517148096144,0.605209817607));
#12253 = ORIENTED_EDGE('',*,*,#12254,.T.);
#12254 = EDGE_CURVE('',#12247,#10783,#12255,.T.);
#12255 = LINE('',#12256,#12257);
#12256 = CARTESIAN_POINT('',(14.914309165527,-0.325417236662,
    -3.434309165527));
#12257 = VECTOR('',#12258,1.);
#12258 = DIRECTION('',(-0.702740385383,0.110959008218,0.702740385383));
#12259 = ORIENTED_EDGE('',*,*,#10780,.F.);
#12260 = ORIENTED_EDGE('',*,*,#12261,.F.);
#12261 = EDGE_CURVE('',#12262,#10781,#12264,.T.);
#12262 = VERTEX_POINT('',#12263);
#12263 = CARTESIAN_POINT('',(14.682447406934,0.351192514695,
    -3.202447406934));
#12264 = LINE('',#12265,#12266);
#12265 = CARTESIAN_POINT('',(14.458413132695,0.386566347469,
    -2.978413132695));
#12266 = VECTOR('',#12267,1.);
#12267 = DIRECTION('',(-0.702740385383,0.110959008218,0.702740385383));
#12268 = ORIENTED_EDGE('',*,*,#12269,.F.);
#12269 = EDGE_CURVE('',#12270,#12262,#12272,.T.);
#12270 = VERTEX_POINT('',#12271);
#12271 = CARTESIAN_POINT('',(14.88,0.12,-3.4));
#12272 = LINE('',#12273,#12274);
#12273 = CARTESIAN_POINT('',(14.846150901889,0.159613036666,
    -3.366150901889));
#12274 = VECTOR('',#12275,1.);
#12275 = DIRECTION('',(-0.544770019249,0.63753529491,0.544770019249));
#12276 = ORIENTED_EDGE('',*,*,#12277,.T.);
#12277 = EDGE_CURVE('',#12270,#12245,#12278,.T.);
#12278 = LINE('',#12279,#12280);
#12279 = CARTESIAN_POINT('',(14.88,0.32,-3.4));
#12280 = VECTOR('',#12281,1.);
#12281 = DIRECTION('',(-1.224646799147E-16,-1.,0.));
#12282 = PLANE('',#12283);
#12283 = AXIS2_PLACEMENT_3D('',#12284,#12285,#12286);
#12284 = CARTESIAN_POINT('',(14.78,0.32,-3.3));
#12285 = DIRECTION('',(0.707106781187,-8.833102285013E-17,0.707106781187
    ));
#12286 = DIRECTION('',(1.236918052038E-16,1.,1.227125289097E-18));
#12287 = ADVANCED_FACE('',(#12288),#12308,.F.);
#12288 = FACE_BOUND('',#12289,.F.);
#12289 = EDGE_LOOP('',(#12290,#12291,#12292,#12293,#12294,#12302));
#12290 = ORIENTED_EDGE('',*,*,#10895,.F.);
#12291 = ORIENTED_EDGE('',*,*,#12229,.T.);
#12292 = ORIENTED_EDGE('',*,*,#10822,.T.);
#12293 = ORIENTED_EDGE('',*,*,#12261,.F.);
#12294 = ORIENTED_EDGE('',*,*,#12295,.F.);
#12295 = EDGE_CURVE('',#12296,#12262,#12298,.T.);
#12296 = VERTEX_POINT('',#12297);
#12297 = CARTESIAN_POINT('',(15.317552593066,0.351192514695,
    -3.202447406934));
#12298 = LINE('',#12299,#12300);
#12299 = CARTESIAN_POINT('',(15.32,0.351192514695,-3.202447406934));
#12300 = VECTOR('',#12301,1.);
#12301 = DIRECTION('',(-1.,1.224646799147E-16,0.));
#12302 = ORIENTED_EDGE('',*,*,#12303,.T.);
#12303 = EDGE_CURVE('',#12296,#10861,#12304,.T.);
#12304 = LINE('',#12305,#12306);
#12305 = CARTESIAN_POINT('',(15.699616963064,0.411518467852,
    -2.820383036936));
#12306 = VECTOR('',#12307,1.);
#12307 = DIRECTION('',(0.702740385383,0.110959008218,0.702740385383));
#12308 = PLANE('',#12309);
#12309 = AXIS2_PLACEMENT_3D('',#12310,#12311,#12312);
#12310 = CARTESIAN_POINT('',(15.32,0.62,-1.5));
#12311 = DIRECTION('',(-1.209660753807E-16,-0.987762965329,
    0.155962573473));
#12312 = DIRECTION('',(-1.909990663905E-17,-0.155962573473,
    -0.987762965329));
#12313 = ADVANCED_FACE('',(#12314),#12325,.F.);
#12314 = FACE_BOUND('',#12315,.F.);
#12315 = EDGE_LOOP('',(#12316,#12322,#12323,#12324));
#12316 = ORIENTED_EDGE('',*,*,#12317,.T.);
#12317 = EDGE_CURVE('',#10871,#10791,#12318,.T.);
#12318 = LINE('',#12319,#12320);
#12319 = CARTESIAN_POINT('',(15.32,-2.E-02,-1.5));
#12320 = VECTOR('',#12321,1.);
#12321 = DIRECTION('',(-1.,1.224646799147E-16,0.));
#12322 = ORIENTED_EDGE('',*,*,#10798,.T.);
#12323 = ORIENTED_EDGE('',*,*,#10844,.F.);
#12324 = ORIENTED_EDGE('',*,*,#10878,.F.);
#12325 = PLANE('',#12326);
#12326 = AXIS2_PLACEMENT_3D('',#12327,#12328,#12329);
#12327 = CARTESIAN_POINT('',(15.32,-2.E-02,-1.5));
#12328 = DIRECTION('',(1.095357396528E-16,0.894427191,0.4472135955));
#12329 = DIRECTION('',(-5.476786982641E-17,-0.4472135955,0.894427191));
#12330 = ADVANCED_FACE('',(#12331),#12351,.F.);
#12331 = FACE_BOUND('',#12332,.F.);
#12332 = EDGE_LOOP('',(#12333,#12334,#12342,#12348,#12349,#12350));
#12333 = ORIENTED_EDGE('',*,*,#10870,.F.);
#12334 = ORIENTED_EDGE('',*,*,#12335,.F.);
#12335 = EDGE_CURVE('',#12336,#10863,#12338,.T.);
#12336 = VERTEX_POINT('',#12337);
#12337 = CARTESIAN_POINT('',(15.317552593066,-0.288807485305,
    -3.202447406934));
#12338 = LINE('',#12339,#12340);
#12339 = CARTESIAN_POINT('',(15.243720930233,-0.300465116279,
    -3.276279069767));
#12340 = VECTOR('',#12341,1.);
#12341 = DIRECTION('',(0.702740385383,0.110959008218,0.702740385383));
#12342 = ORIENTED_EDGE('',*,*,#12343,.T.);
#12343 = EDGE_CURVE('',#12336,#12247,#12344,.T.);
#12344 = LINE('',#12345,#12346);
#12345 = CARTESIAN_POINT('',(15.32,-0.288807485305,-3.202447406934));
#12346 = VECTOR('',#12347,1.);
#12347 = DIRECTION('',(-1.,1.224646799147E-16,0.));
#12348 = ORIENTED_EDGE('',*,*,#12254,.T.);
#12349 = ORIENTED_EDGE('',*,*,#10790,.T.);
#12350 = ORIENTED_EDGE('',*,*,#12317,.F.);
#12351 = PLANE('',#12352);
#12352 = AXIS2_PLACEMENT_3D('',#12353,#12354,#12355);
#12353 = CARTESIAN_POINT('',(15.32,-0.32,-3.4));
#12354 = DIRECTION('',(1.209660753807E-16,0.987762965329,-0.155962573473
    ));
#12355 = DIRECTION('',(1.909990663905E-17,0.155962573473,0.987762965329)
  );
#12356 = ADVANCED_FACE('',(#12357),#12384,.T.);
#12357 = FACE_BOUND('',#12358,.F.);
#12358 = EDGE_LOOP('',(#12359,#12367,#12368,#12369,#12370,#12378));
#12359 = ORIENTED_EDGE('',*,*,#12360,.T.);
#12360 = EDGE_CURVE('',#12361,#12336,#12363,.T.);
#12361 = VERTEX_POINT('',#12362);
#12362 = CARTESIAN_POINT('',(15.12,-0.12,-3.4));
#12363 = LINE('',#12364,#12365);
#12364 = CARTESIAN_POINT('',(15.155697812072,-0.150503562587,
    -3.364302187928));
#12365 = VECTOR('',#12366,1.);
#12366 = DIRECTION('',(0.605209817607,-0.517148096144,0.605209817607));
#12367 = ORIENTED_EDGE('',*,*,#12335,.T.);
#12368 = ORIENTED_EDGE('',*,*,#10860,.F.);
#12369 = ORIENTED_EDGE('',*,*,#12303,.F.);
#12370 = ORIENTED_EDGE('',*,*,#12371,.F.);
#12371 = EDGE_CURVE('',#12372,#12296,#12374,.T.);
#12372 = VERTEX_POINT('',#12373);
#12373 = CARTESIAN_POINT('',(15.12,0.12,-3.4));
#12374 = LINE('',#12375,#12376);
#12375 = CARTESIAN_POINT('',(15.24881689775,0.270752273427,
    -3.27118310225));
#12376 = VECTOR('',#12377,1.);
#12377 = DIRECTION('',(0.544770019249,0.63753529491,0.544770019249));
#12378 = ORIENTED_EDGE('',*,*,#12379,.T.);
#12379 = EDGE_CURVE('',#12372,#12361,#12380,.T.);
#12380 = LINE('',#12381,#12382);
#12381 = CARTESIAN_POINT('',(15.12,0.32,-3.4));
#12382 = VECTOR('',#12383,1.);
#12383 = DIRECTION('',(-1.224646799147E-16,-1.,0.));
#12384 = PLANE('',#12385);
#12385 = AXIS2_PLACEMENT_3D('',#12386,#12387,#12388);
#12386 = CARTESIAN_POINT('',(15.22,0.32,-3.3));
#12387 = DIRECTION('',(0.707106781187,-8.486018839685E-17,
    -0.707106781187));
#12388 = DIRECTION('',(1.212375546256E-16,1.,1.227125289196E-18));
#12389 = ADVANCED_FACE('',(#12390),#12396,.F.);
#12390 = FACE_BOUND('',#12391,.F.);
#12391 = EDGE_LOOP('',(#12392,#12393,#12394,#12395));
#12392 = ORIENTED_EDGE('',*,*,#10948,.T.);
#12393 = ORIENTED_EDGE('',*,*,#10917,.F.);
#12394 = ORIENTED_EDGE('',*,*,#10989,.F.);
#12395 = ORIENTED_EDGE('',*,*,#10974,.T.);
#12396 = PLANE('',#12397);
#12397 = AXIS2_PLACEMENT_3D('',#12398,#12399,#12400);
#12398 = CARTESIAN_POINT('',(10.32,-0.32,6.5));
#12399 = DIRECTION('',(-0.,0.,-1.));
#12400 = DIRECTION('',(1.224646799147E-16,1.,0.));
#12401 = ADVANCED_FACE('',(#12402),#12408,.F.);
#12402 = FACE_BOUND('',#12403,.F.);
#12403 = EDGE_LOOP('',(#12404,#12405,#12406,#12407));
#12404 = ORIENTED_EDGE('',*,*,#11044,.T.);
#12405 = ORIENTED_EDGE('',*,*,#11013,.F.);
#12406 = ORIENTED_EDGE('',*,*,#11085,.F.);
#12407 = ORIENTED_EDGE('',*,*,#11070,.T.);
#12408 = PLANE('',#12409);
#12409 = AXIS2_PLACEMENT_3D('',#12410,#12411,#12412);
#12410 = CARTESIAN_POINT('',(7.82,-0.32,6.5));
#12411 = DIRECTION('',(-0.,0.,-1.));
#12412 = DIRECTION('',(1.224646799147E-16,1.,0.));
#12413 = ADVANCED_FACE('',(#12414),#12420,.F.);
#12414 = FACE_BOUND('',#12415,.F.);
#12415 = EDGE_LOOP('',(#12416,#12417,#12418,#12419));
#12416 = ORIENTED_EDGE('',*,*,#11109,.T.);
#12417 = ORIENTED_EDGE('',*,*,#11181,.F.);
#12418 = ORIENTED_EDGE('',*,*,#11157,.F.);
#12419 = ORIENTED_EDGE('',*,*,#11142,.T.);
#12420 = PLANE('',#12421);
#12421 = AXIS2_PLACEMENT_3D('',#12422,#12423,#12424);
#12422 = CARTESIAN_POINT('',(5.32,-0.32,6.5));
#12423 = DIRECTION('',(-0.,0.,-1.));
#12424 = DIRECTION('',(1.224646799147E-16,1.,0.));
#12425 = ADVANCED_FACE('',(#12426),#12432,.F.);
#12426 = FACE_BOUND('',#12427,.F.);
#12427 = EDGE_LOOP('',(#12428,#12429,#12430,#12431));
#12428 = ORIENTED_EDGE('',*,*,#11205,.T.);
#12429 = ORIENTED_EDGE('',*,*,#11277,.F.);
#12430 = ORIENTED_EDGE('',*,*,#11253,.F.);
#12431 = ORIENTED_EDGE('',*,*,#11238,.T.);
#12432 = PLANE('',#12433);
#12433 = AXIS2_PLACEMENT_3D('',#12434,#12435,#12436);
#12434 = CARTESIAN_POINT('',(2.82,-0.32,6.5));
#12435 = DIRECTION('',(-0.,0.,-1.));
#12436 = DIRECTION('',(1.224646799147E-16,1.,0.));
#12437 = ADVANCED_FACE('',(#12438),#12444,.F.);
#12438 = FACE_BOUND('',#12439,.F.);
#12439 = EDGE_LOOP('',(#12440,#12441,#12442,#12443));
#12440 = ORIENTED_EDGE('',*,*,#11301,.T.);
#12441 = ORIENTED_EDGE('',*,*,#11373,.F.);
#12442 = ORIENTED_EDGE('',*,*,#11349,.F.);
#12443 = ORIENTED_EDGE('',*,*,#11334,.T.);
#12444 = PLANE('',#12445);
#12445 = AXIS2_PLACEMENT_3D('',#12446,#12447,#12448);
#12446 = CARTESIAN_POINT('',(12.82,-0.32,6.5));
#12447 = DIRECTION('',(-0.,0.,-1.));
#12448 = DIRECTION('',(1.224646799147E-16,1.,0.));
#12449 = ADVANCED_FACE('',(#12450),#12456,.F.);
#12450 = FACE_BOUND('',#12451,.F.);
#12451 = EDGE_LOOP('',(#12452,#12453,#12454,#12455));
#12452 = ORIENTED_EDGE('',*,*,#11454,.T.);
#12453 = ORIENTED_EDGE('',*,*,#11428,.T.);
#12454 = ORIENTED_EDGE('',*,*,#11397,.F.);
#12455 = ORIENTED_EDGE('',*,*,#11469,.F.);
#12456 = PLANE('',#12457);
#12457 = AXIS2_PLACEMENT_3D('',#12458,#12459,#12460);
#12458 = CARTESIAN_POINT('',(15.32,-0.32,6.5));
#12459 = DIRECTION('',(-0.,0.,-1.));
#12460 = DIRECTION('',(1.224646799147E-16,1.,0.));
#12461 = ADVANCED_FACE('',(#12462),#12468,.F.);
#12462 = FACE_BOUND('',#12463,.F.);
#12463 = EDGE_LOOP('',(#12464,#12465,#12466,#12467));
#12464 = ORIENTED_EDGE('',*,*,#11526,.T.);
#12465 = ORIENTED_EDGE('',*,*,#11493,.T.);
#12466 = ORIENTED_EDGE('',*,*,#11565,.F.);
#12467 = ORIENTED_EDGE('',*,*,#11541,.F.);
#12468 = PLANE('',#12469);
#12469 = AXIS2_PLACEMENT_3D('',#12470,#12471,#12472);
#12470 = CARTESIAN_POINT('',(0.32,-0.32,6.5));
#12471 = DIRECTION('',(-0.,0.,-1.));
#12472 = DIRECTION('',(1.224646799147E-16,1.,0.));
#12473 = ADVANCED_FACE('',(#12474),#12485,.T.);
#12474 = FACE_BOUND('',#12475,.F.);
#12475 = EDGE_LOOP('',(#12476,#12477,#12483,#12484));
#12476 = ORIENTED_EDGE('',*,*,#11714,.F.);
#12477 = ORIENTED_EDGE('',*,*,#12478,.T.);
#12478 = EDGE_CURVE('',#11715,#11582,#12479,.T.);
#12479 = LINE('',#12480,#12481);
#12480 = CARTESIAN_POINT('',(0.32,-0.12,-3.4));
#12481 = VECTOR('',#12482,1.);
#12482 = DIRECTION('',(-1.,1.224646799147E-16,0.));
#12483 = ORIENTED_EDGE('',*,*,#11581,.T.);
#12484 = ORIENTED_EDGE('',*,*,#11697,.F.);
#12485 = PLANE('',#12486);
#12486 = AXIS2_PLACEMENT_3D('',#12487,#12488,#12489);
#12487 = CARTESIAN_POINT('',(0.32,-0.204403742653,-3.301223703467));
#12488 = DIRECTION('',(-9.310387150808E-17,-0.760250805153,
    -0.64962967394));
#12489 = DIRECTION('',(1.,-1.224646799148E-16,-5.515863360725E-29));
#12490 = ADVANCED_FACE('',(#12491),#12502,.F.);
#12491 = FACE_BOUND('',#12492,.F.);
#12492 = EDGE_LOOP('',(#12493,#12494,#12495,#12501));
#12493 = ORIENTED_EDGE('',*,*,#12478,.F.);
#12494 = ORIENTED_EDGE('',*,*,#11733,.F.);
#12495 = ORIENTED_EDGE('',*,*,#12496,.T.);
#12496 = EDGE_CURVE('',#11726,#11607,#12497,.T.);
#12497 = LINE('',#12498,#12499);
#12498 = CARTESIAN_POINT('',(0.32,0.12,-3.4));
#12499 = VECTOR('',#12500,1.);
#12500 = DIRECTION('',(-1.,1.224646799147E-16,0.));
#12501 = ORIENTED_EDGE('',*,*,#11614,.T.);
#12502 = PLANE('',#12503);
#12503 = AXIS2_PLACEMENT_3D('',#12504,#12505,#12506);
#12504 = CARTESIAN_POINT('',(0.32,0.32,-3.4));
#12505 = DIRECTION('',(0.,0.,1.));
#12506 = DIRECTION('',(-1.224646799147E-16,-1.,0.));
#12507 = ADVANCED_FACE('',(#12508),#12514,.T.);
#12508 = FACE_BOUND('',#12509,.T.);
#12509 = EDGE_LOOP('',(#12510,#12511,#12512,#12513));
#12510 = ORIENTED_EDGE('',*,*,#11725,.F.);
#12511 = ORIENTED_EDGE('',*,*,#12496,.T.);
#12512 = ORIENTED_EDGE('',*,*,#11606,.T.);
#12513 = ORIENTED_EDGE('',*,*,#11637,.F.);
#12514 = PLANE('',#12515);
#12515 = AXIS2_PLACEMENT_3D('',#12516,#12517,#12518);
#12516 = CARTESIAN_POINT('',(0.32,0.235596257347,-3.301223703467));
#12517 = DIRECTION('',(8.302774088379E-17,0.64962967394,-0.760250805153)
  );
#12518 = DIRECTION('',(-1.,1.247195775152E-16,-2.638869166629E-18));
#12519 = ADVANCED_FACE('',(#12520),#12526,.F.);
#12520 = FACE_BOUND('',#12521,.F.);
#12521 = EDGE_LOOP('',(#12522,#12523,#12524,#12525));
#12522 = ORIENTED_EDGE('',*,*,#11827,.T.);
#12523 = ORIENTED_EDGE('',*,*,#11755,.T.);
#12524 = ORIENTED_EDGE('',*,*,#11786,.F.);
#12525 = ORIENTED_EDGE('',*,*,#11810,.F.);
#12526 = PLANE('',#12527);
#12527 = AXIS2_PLACEMENT_3D('',#12528,#12529,#12530);
#12528 = CARTESIAN_POINT('',(2.82,0.32,-3.4));
#12529 = DIRECTION('',(0.,0.,1.));
#12530 = DIRECTION('',(-1.224646799147E-16,-1.,0.));
#12531 = ADVANCED_FACE('',(#12532),#12538,.F.);
#12532 = FACE_BOUND('',#12533,.F.);
#12533 = EDGE_LOOP('',(#12534,#12535,#12536,#12537));
#12534 = ORIENTED_EDGE('',*,*,#11923,.T.);
#12535 = ORIENTED_EDGE('',*,*,#11851,.T.);
#12536 = ORIENTED_EDGE('',*,*,#11882,.F.);
#12537 = ORIENTED_EDGE('',*,*,#11906,.F.);
#12538 = PLANE('',#12539);
#12539 = AXIS2_PLACEMENT_3D('',#12540,#12541,#12542);
#12540 = CARTESIAN_POINT('',(5.32,0.32,-3.4));
#12541 = DIRECTION('',(0.,0.,1.));
#12542 = DIRECTION('',(-1.224646799147E-16,-1.,0.));
#12543 = ADVANCED_FACE('',(#12544),#12550,.F.);
#12544 = FACE_BOUND('',#12545,.F.);
#12545 = EDGE_LOOP('',(#12546,#12547,#12548,#12549));
#12546 = ORIENTED_EDGE('',*,*,#11947,.T.);
#12547 = ORIENTED_EDGE('',*,*,#11971,.T.);
#12548 = ORIENTED_EDGE('',*,*,#12002,.F.);
#12549 = ORIENTED_EDGE('',*,*,#12019,.F.);
#12550 = PLANE('',#12551);
#12551 = AXIS2_PLACEMENT_3D('',#12552,#12553,#12554);
#12552 = CARTESIAN_POINT('',(7.82,0.32,-3.4));
#12553 = DIRECTION('',(0.,0.,1.));
#12554 = DIRECTION('',(-1.224646799147E-16,-1.,0.));
#12555 = ADVANCED_FACE('',(#12556),#12562,.F.);
#12556 = FACE_BOUND('',#12557,.F.);
#12557 = EDGE_LOOP('',(#12558,#12559,#12560,#12561));
#12558 = ORIENTED_EDGE('',*,*,#12043,.T.);
#12559 = ORIENTED_EDGE('',*,*,#12067,.T.);
#12560 = ORIENTED_EDGE('',*,*,#12098,.F.);
#12561 = ORIENTED_EDGE('',*,*,#12115,.F.);
#12562 = PLANE('',#12563);
#12563 = AXIS2_PLACEMENT_3D('',#12564,#12565,#12566);
#12564 = CARTESIAN_POINT('',(10.32,0.32,-3.4));
#12565 = DIRECTION('',(0.,0.,1.));
#12566 = DIRECTION('',(-1.224646799147E-16,-1.,0.));
#12567 = ADVANCED_FACE('',(#12568),#12574,.F.);
#12568 = FACE_BOUND('',#12569,.F.);
#12569 = EDGE_LOOP('',(#12570,#12571,#12572,#12573));
#12570 = ORIENTED_EDGE('',*,*,#12211,.T.);
#12571 = ORIENTED_EDGE('',*,*,#12139,.T.);
#12572 = ORIENTED_EDGE('',*,*,#12170,.F.);
#12573 = ORIENTED_EDGE('',*,*,#12194,.F.);
#12574 = PLANE('',#12575);
#12575 = AXIS2_PLACEMENT_3D('',#12576,#12577,#12578);
#12576 = CARTESIAN_POINT('',(12.82,0.32,-3.4));
#12577 = DIRECTION('',(0.,0.,1.));
#12578 = DIRECTION('',(-1.224646799147E-16,-1.,0.));
#12579 = ADVANCED_FACE('',(#12580),#12591,.T.);
#12580 = FACE_BOUND('',#12581,.F.);
#12581 = EDGE_LOOP('',(#12582,#12583,#12589,#12590));
#12582 = ORIENTED_EDGE('',*,*,#12360,.F.);
#12583 = ORIENTED_EDGE('',*,*,#12584,.T.);
#12584 = EDGE_CURVE('',#12361,#12245,#12585,.T.);
#12585 = LINE('',#12586,#12587);
#12586 = CARTESIAN_POINT('',(15.32,-0.12,-3.4));
#12587 = VECTOR('',#12588,1.);
#12588 = DIRECTION('',(-1.,1.224646799147E-16,0.));
#12589 = ORIENTED_EDGE('',*,*,#12244,.T.);
#12590 = ORIENTED_EDGE('',*,*,#12343,.F.);
#12591 = PLANE('',#12592);
#12592 = AXIS2_PLACEMENT_3D('',#12593,#12594,#12595);
#12593 = CARTESIAN_POINT('',(15.32,-0.204403742653,-3.301223703467));
#12594 = DIRECTION('',(-9.310387150808E-17,-0.760250805153,
    -0.64962967394));
#12595 = DIRECTION('',(1.,-1.224646799148E-16,-5.515863360725E-29));
#12596 = ADVANCED_FACE('',(#12597),#12608,.F.);
#12597 = FACE_BOUND('',#12598,.F.);
#12598 = EDGE_LOOP('',(#12599,#12600,#12601,#12607));
#12599 = ORIENTED_EDGE('',*,*,#12584,.F.);
#12600 = ORIENTED_EDGE('',*,*,#12379,.F.);
#12601 = ORIENTED_EDGE('',*,*,#12602,.T.);
#12602 = EDGE_CURVE('',#12372,#12270,#12603,.T.);
#12603 = LINE('',#12604,#12605);
#12604 = CARTESIAN_POINT('',(15.32,0.12,-3.4));
#12605 = VECTOR('',#12606,1.);
#12606 = DIRECTION('',(-1.,1.224646799147E-16,0.));
#12607 = ORIENTED_EDGE('',*,*,#12277,.T.);
#12608 = PLANE('',#12609);
#12609 = AXIS2_PLACEMENT_3D('',#12610,#12611,#12612);
#12610 = CARTESIAN_POINT('',(15.32,0.32,-3.4));
#12611 = DIRECTION('',(0.,0.,1.));
#12612 = DIRECTION('',(-1.224646799147E-16,-1.,0.));
#12613 = ADVANCED_FACE('',(#12614),#12620,.T.);
#12614 = FACE_BOUND('',#12615,.T.);
#12615 = EDGE_LOOP('',(#12616,#12617,#12618,#12619));
#12616 = ORIENTED_EDGE('',*,*,#12371,.F.);
#12617 = ORIENTED_EDGE('',*,*,#12602,.T.);
#12618 = ORIENTED_EDGE('',*,*,#12269,.T.);
#12619 = ORIENTED_EDGE('',*,*,#12295,.F.);
#12620 = PLANE('',#12621);
#12621 = AXIS2_PLACEMENT_3D('',#12622,#12623,#12624);
#12622 = CARTESIAN_POINT('',(15.32,0.235596257347,-3.301223703467));
#12623 = DIRECTION('',(8.302774088379E-17,0.64962967394,-0.760250805153)
  );
#12624 = DIRECTION('',(-1.,1.247195775152E-16,-2.638869166629E-18));
#12625 = ( GEOMETRIC_REPRESENTATION_CONTEXT(3) 
GLOBAL_UNCERTAINTY_ASSIGNED_CONTEXT((#12629)) 
GLOBAL_UNIT_ASSIGNED_CONTEXT((#12626,#12627,#12628)) 
REPRESENTATION_CONTEXT('Context #1',
  '3D Context with UNIT and UNCERTAINTY') );
#12626 = ( LENGTH_UNIT() NAMED_UNIT(*) SI_UNIT(.MILLI.,.METRE.) );
#12627 = ( NAMED_UNIT(*) PLANE_ANGLE_UNIT() SI_UNIT($,.RADIAN.) );
#12628 = ( NAMED_UNIT(*) SI_UNIT($,.STERADIAN.) SOLID_ANGLE_UNIT() );
#12629 = UNCERTAINTY_MEASURE_WITH_UNIT(LENGTH_MEASURE(1.E-07),#12626,
  'distance_accuracy_value','confusion accuracy');
#12630 = CONTEXT_DEPENDENT_SHAPE_REPRESENTATION(#12631,#12633);
#12631 = ( REPRESENTATION_RELATIONSHIP('','',#6407,#10) 
REPRESENTATION_RELATIONSHIP_WITH_TRANSFORMATION(#12632) 
SHAPE_REPRESENTATION_RELATIONSHIP() );
#12632 = ITEM_DEFINED_TRANSFORMATION('','',#11,#43);
#12633 = PRODUCT_DEFINITION_SHAPE('Placement','Placement of an item',
  #12634);
#12634 = NEXT_ASSEMBLY_USAGE_OCCURRENCE('8','J1','',#5,#6402,$);
#12635 = PRODUCT_RELATED_PRODUCT_CATEGORY('part',$,(#6404));
#12636 = CONTEXT_DEPENDENT_SHAPE_REPRESENTATION(#12637,#12639);
#12637 = ( REPRESENTATION_RELATIONSHIP('','',#80,#10) 
REPRESENTATION_RELATIONSHIP_WITH_TRANSFORMATION(#12638) 
SHAPE_REPRESENTATION_RELATIONSHIP() );
#12638 = ITEM_DEFINED_TRANSFORMATION('','',#11,#47);
#12639 = PRODUCT_DEFINITION_SHAPE('Placement','Placement of an item',
  #12640);
#12640 = NEXT_ASSEMBLY_USAGE_OCCURRENCE('9','C4','',#5,#75,$);
#12641 = CONTEXT_DEPENDENT_SHAPE_REPRESENTATION(#12642,#12644);
#12642 = ( REPRESENTATION_RELATIONSHIP('','',#5588,#10) 
REPRESENTATION_RELATIONSHIP_WITH_TRANSFORMATION(#12643) 
SHAPE_REPRESENTATION_RELATIONSHIP() );
#12643 = ITEM_DEFINED_TRANSFORMATION('','',#11,#51);
#12644 = PRODUCT_DEFINITION_SHAPE('Placement','Placement of an item',
  #12645);
#12645 = NEXT_ASSEMBLY_USAGE_OCCURRENCE('10','R2','',#5,#5583,$);
#12646 = CONTEXT_DEPENDENT_SHAPE_REPRESENTATION(#12647,#12649);
#12647 = ( REPRESENTATION_RELATIONSHIP('','',#5588,#10) 
REPRESENTATION_RELATIONSHIP_WITH_TRANSFORMATION(#12648) 
SHAPE_REPRESENTATION_RELATIONSHIP() );
#12648 = ITEM_DEFINED_TRANSFORMATION('','',#11,#55);
#12649 = PRODUCT_DEFINITION_SHAPE('Placement','Placement of an item',
  #12650);
#12650 = NEXT_ASSEMBLY_USAGE_OCCURRENCE('11','R1','',#5,#5583,$);
#12651 = CONTEXT_DEPENDENT_SHAPE_REPRESENTATION(#12652,#12654);
#12652 = ( REPRESENTATION_RELATIONSHIP('','',#80,#10) 
REPRESENTATION_RELATIONSHIP_WITH_TRANSFORMATION(#12653) 
SHAPE_REPRESENTATION_RELATIONSHIP() );
#12653 = ITEM_DEFINED_TRANSFORMATION('','',#11,#59);
#12654 = PRODUCT_DEFINITION_SHAPE('Placement','Placement of an item',
  #12655);
#12655 = NEXT_ASSEMBLY_USAGE_OCCURRENCE('12','C1','',#5,#75,$);
#12656 = SHAPE_DEFINITION_REPRESENTATION(#12657,#12663);
#12657 = PRODUCT_DEFINITION_SHAPE('','',#12658);
#12658 = PRODUCT_DEFINITION('design','',#12659,#12662);
#12659 = PRODUCT_DEFINITION_FORMATION('','',#12660);
#12660 = PRODUCT('kibot_e6mrep0n_PCB','kibot_e6mrep0n_PCB','',(#12661));
#12661 = PRODUCT_CONTEXT('',#2,'mechanical');
#12662 = PRODUCT_DEFINITION_CONTEXT('part definition',#2,'design');
#12663 = ADVANCED_BREP_SHAPE_REPRESENTATION('',(#11,#12664),#14839);
#12664 = MANIFOLD_SOLID_BREP('',#12665);
#12665 = CLOSED_SHELL('',(#12666,#12708,#12739,#12772,#13332,#13892,
    #13909,#13926,#13943,#13960,#13977,#13994,#14011,#14028,#14045,
    #14062,#14079,#14096,#14113,#14130,#14147,#14164,#14181,#14198,
    #14215,#14232,#14249,#14266,#14283,#14300,#14317,#14334,#14351,
    #14368,#14380,#14397,#14414,#14431,#14448,#14465,#14482,#14499,
    #14516,#14533,#14550,#14567,#14584,#14601,#14618,#14635,#14652,
    #14669,#14686,#14703,#14720,#14737,#14754,#14771,#14788,#14805,
    #14822));
#12666 = ADVANCED_FACE('',(#12667),#12703,.T.);
#12667 = FACE_BOUND('',#12668,.T.);
#12668 = EDGE_LOOP('',(#12669,#12679,#12688,#12696));
#12669 = ORIENTED_EDGE('',*,*,#12670,.T.);
#12670 = EDGE_CURVE('',#12671,#12673,#12675,.T.);
#12671 = VERTEX_POINT('',#12672);
#12672 = CARTESIAN_POINT('',(16.850439,38.419939,0.));
#12673 = VERTEX_POINT('',#12674);
#12674 = CARTESIAN_POINT('',(16.850439,38.419939,1.51));
#12675 = LINE('',#12676,#12677);
#12676 = CARTESIAN_POINT('',(16.850439,38.419939,0.));
#12677 = VECTOR('',#12678,1.);
#12678 = DIRECTION('',(0.,0.,1.));
#12679 = ORIENTED_EDGE('',*,*,#12680,.T.);
#12680 = EDGE_CURVE('',#12673,#12681,#12683,.T.);
#12681 = VERTEX_POINT('',#12682);
#12682 = CARTESIAN_POINT('',(17.048058,38.250708,1.51));
#12683 = CIRCLE('',#12684,0.200048571984);
#12684 = AXIS2_PLACEMENT_3D('',#12685,#12686,#12687);
#12685 = CARTESIAN_POINT('',(16.850397410412,38.219890432339,1.51));
#12686 = DIRECTION('',(0.,0.,-1.));
#12687 = DIRECTION('',(2.078974521778E-04,0.999999978389,0.));
#12688 = ORIENTED_EDGE('',*,*,#12689,.F.);
#12689 = EDGE_CURVE('',#12690,#12681,#12692,.T.);
#12690 = VERTEX_POINT('',#12691);
#12691 = CARTESIAN_POINT('',(17.048058,38.250708,0.));
#12692 = LINE('',#12693,#12694);
#12693 = CARTESIAN_POINT('',(17.048058,38.250708,0.));
#12694 = VECTOR('',#12695,1.);
#12695 = DIRECTION('',(0.,0.,1.));
#12696 = ORIENTED_EDGE('',*,*,#12697,.F.);
#12697 = EDGE_CURVE('',#12671,#12690,#12698,.T.);
#12698 = CIRCLE('',#12699,0.200048571984);
#12699 = AXIS2_PLACEMENT_3D('',#12700,#12701,#12702);
#12700 = CARTESIAN_POINT('',(16.850397410412,38.219890432339,0.));
#12701 = DIRECTION('',(0.,0.,-1.));
#12702 = DIRECTION('',(2.078974521778E-04,0.999999978389,0.));
#12703 = CYLINDRICAL_SURFACE('',#12704,0.200048571984);
#12704 = AXIS2_PLACEMENT_3D('',#12705,#12706,#12707);
#12705 = CARTESIAN_POINT('',(16.850397410412,38.219890432339,0.));
#12706 = DIRECTION('',(0.,0.,-1.));
#12707 = DIRECTION('',(2.078974521778E-04,0.999999978389,0.));
#12708 = ADVANCED_FACE('',(#12709),#12734,.T.);
#12709 = FACE_BOUND('',#12710,.T.);
#12710 = EDGE_LOOP('',(#12711,#12721,#12727,#12728));
#12711 = ORIENTED_EDGE('',*,*,#12712,.T.);
#12712 = EDGE_CURVE('',#12713,#12715,#12717,.T.);
#12713 = VERTEX_POINT('',#12714);
#12714 = CARTESIAN_POINT('',(-0.580514,38.419939,0.));
#12715 = VERTEX_POINT('',#12716);
#12716 = CARTESIAN_POINT('',(-0.580514,38.419939,1.51));
#12717 = LINE('',#12718,#12719);
#12718 = CARTESIAN_POINT('',(-0.580514,38.419939,0.));
#12719 = VECTOR('',#12720,1.);
#12720 = DIRECTION('',(0.,0.,1.));
#12721 = ORIENTED_EDGE('',*,*,#12722,.T.);
#12722 = EDGE_CURVE('',#12715,#12673,#12723,.T.);
#12723 = LINE('',#12724,#12725);
#12724 = CARTESIAN_POINT('',(-0.580514,38.419939,1.51));
#12725 = VECTOR('',#12726,1.);
#12726 = DIRECTION('',(1.,0.,0.));
#12727 = ORIENTED_EDGE('',*,*,#12670,.F.);
#12728 = ORIENTED_EDGE('',*,*,#12729,.F.);
#12729 = EDGE_CURVE('',#12713,#12671,#12730,.T.);
#12730 = LINE('',#12731,#12732);
#12731 = CARTESIAN_POINT('',(-0.580514,38.419939,0.));
#12732 = VECTOR('',#12733,1.);
#12733 = DIRECTION('',(1.,0.,0.));
#12734 = PLANE('',#12735);
#12735 = AXIS2_PLACEMENT_3D('',#12736,#12737,#12738);
#12736 = CARTESIAN_POINT('',(-0.580514,38.419939,0.));
#12737 = DIRECTION('',(0.,1.,0.));
#12738 = DIRECTION('',(1.,0.,0.));
#12739 = ADVANCED_FACE('',(#12740),#12767,.F.);
#12740 = FACE_BOUND('',#12741,.T.);
#12741 = EDGE_LOOP('',(#12742,#12743,#12752,#12760));
#12742 = ORIENTED_EDGE('',*,*,#12689,.T.);
#12743 = ORIENTED_EDGE('',*,*,#12744,.T.);
#12744 = EDGE_CURVE('',#12681,#12745,#12747,.T.);
#12745 = VERTEX_POINT('',#12746);
#12746 = CARTESIAN_POINT('',(19.221867,38.250708,1.51));
#12747 = CIRCLE('',#12748,1.099999917574);
#12748 = AXIS2_PLACEMENT_3D('',#12749,#12750,#12751);
#12749 = CARTESIAN_POINT('',(18.1349625,38.419936917574,1.51));
#12750 = DIRECTION('',(0.,0.,1.));
#12751 = DIRECTION('',(-0.98809507404,-0.15384448205,0.));
#12752 = ORIENTED_EDGE('',*,*,#12753,.F.);
#12753 = EDGE_CURVE('',#12754,#12745,#12756,.T.);
#12754 = VERTEX_POINT('',#12755);
#12755 = CARTESIAN_POINT('',(19.221867,38.250708,0.));
#12756 = LINE('',#12757,#12758);
#12757 = CARTESIAN_POINT('',(19.221867,38.250708,0.));
#12758 = VECTOR('',#12759,1.);
#12759 = DIRECTION('',(0.,0.,1.));
#12760 = ORIENTED_EDGE('',*,*,#12761,.F.);
#12761 = EDGE_CURVE('',#12690,#12754,#12762,.T.);
#12762 = CIRCLE('',#12763,1.099999917574);
#12763 = AXIS2_PLACEMENT_3D('',#12764,#12765,#12766);
#12764 = CARTESIAN_POINT('',(18.1349625,38.419936917574,0.));
#12765 = DIRECTION('',(0.,0.,1.));
#12766 = DIRECTION('',(-0.98809507404,-0.15384448205,0.));
#12767 = CYLINDRICAL_SURFACE('',#12768,1.099999917574);
#12768 = AXIS2_PLACEMENT_3D('',#12769,#12770,#12771);
#12769 = CARTESIAN_POINT('',(18.1349625,38.419936917574,0.));
#12770 = DIRECTION('',(-0.,-0.,-1.));
#12771 = DIRECTION('',(-0.98809507404,-0.15384448205,0.));
#12772 = ADVANCED_FACE('',(#12773,#13030,#13041,#13052,#13063,#13074,
    #13085,#13096,#13107,#13118,#13129,#13140,#13151,#13162,#13173,
    #13184,#13195,#13206,#13217,#13228,#13239,#13250,#13261,#13272,
    #13283,#13294,#13305,#13316),#13327,.F.);
#12773 = FACE_BOUND('',#12774,.F.);
#12774 = EDGE_LOOP('',(#12775,#12776,#12777,#12786,#12795,#12804,#12812,
    #12821,#12830,#12839,#12847,#12856,#12865,#12874,#12882,#12891,
    #12900,#12909,#12917,#12926,#12935,#12944,#12952,#12961,#12970,
    #12979,#12987,#12996,#13005,#13014,#13022,#13029));
#12775 = ORIENTED_EDGE('',*,*,#12697,.F.);
#12776 = ORIENTED_EDGE('',*,*,#12729,.F.);
#12777 = ORIENTED_EDGE('',*,*,#12778,.F.);
#12778 = EDGE_CURVE('',#12779,#12713,#12781,.T.);
#12779 = VERTEX_POINT('',#12780);
#12780 = CARTESIAN_POINT('',(-0.778133,38.250708,0.));
#12781 = CIRCLE('',#12782,0.200061945547);
#12782 = AXIS2_PLACEMENT_3D('',#12783,#12784,#12785);
#12783 = CARTESIAN_POINT('',(-0.580460960282,38.219877061483,0.));
#12784 = DIRECTION('',(0.,0.,-1.));
#12785 = DIRECTION('',(-0.988054170809,0.154106961382,0.));
#12786 = ORIENTED_EDGE('',*,*,#12787,.F.);
#12787 = EDGE_CURVE('',#12788,#12779,#12790,.T.);
#12788 = VERTEX_POINT('',#12789);
#12789 = CARTESIAN_POINT('',(-1.695807,37.333035,0.));
#12790 = CIRCLE('',#12791,1.099950581004);
#12791 = AXIS2_PLACEMENT_3D('',#12792,#12793,#12794);
#12792 = CARTESIAN_POINT('',(-1.864993922615,38.419896106981,0.));
#12793 = DIRECTION('',(0.,0.,1.));
#12794 = DIRECTION('',(0.153813203554,-0.988099943534,0.));
#12795 = ORIENTED_EDGE('',*,*,#12796,.F.);
#12796 = EDGE_CURVE('',#12797,#12788,#12799,.T.);
#12797 = VERTEX_POINT('',#12798);
#12798 = CARTESIAN_POINT('',(-1.865038,37.135416,0.));
#12799 = CIRCLE('',#12800,0.199873931385);
#12800 = AXIS2_PLACEMENT_3D('',#12801,#12802,#12803);
#12801 = CARTESIAN_POINT('',(-1.665164097786,37.13552398514,0.));
#12802 = DIRECTION('',(0.,0.,-1.));
#12803 = DIRECTION('',(-0.999999854056,-5.402662527616E-04,-0.));
#12804 = ORIENTED_EDGE('',*,*,#12805,.F.);
#12805 = EDGE_CURVE('',#12806,#12797,#12808,.T.);
#12806 = VERTEX_POINT('',#12807);
#12807 = CARTESIAN_POINT('',(-1.865038,19.704462,0.));
#12808 = LINE('',#12809,#12810);
#12809 = CARTESIAN_POINT('',(-1.865038,19.704462,0.));
#12810 = VECTOR('',#12811,1.);
#12811 = DIRECTION('',(0.,1.,0.));
#12812 = ORIENTED_EDGE('',*,*,#12813,.F.);
#12813 = EDGE_CURVE('',#12814,#12806,#12816,.T.);
#12814 = VERTEX_POINT('',#12815);
#12815 = CARTESIAN_POINT('',(-1.695807,19.506843,0.));
#12816 = CIRCLE('',#12817,0.200115812347);
#12817 = AXIS2_PLACEMENT_3D('',#12818,#12819,#12820);
#12818 = CARTESIAN_POINT('',(-1.664922212218,19.704561153529,0.));
#12819 = DIRECTION('',(0.,0.,-1.));
#12820 = DIRECTION('',(-0.154334569669,-0.988018643855,-0.));
#12821 = ORIENTED_EDGE('',*,*,#12822,.F.);
#12822 = EDGE_CURVE('',#12823,#12814,#12825,.T.);
#12823 = VERTEX_POINT('',#12824);
#12824 = CARTESIAN_POINT('',(-1.695807,17.333035,0.));
#12825 = CIRCLE('',#12826,1.099986973653);
#12826 = AXIS2_PLACEMENT_3D('',#12827,#12828,#12829);
#12827 = CARTESIAN_POINT('',(-1.864954973653,18.419939,0.));
#12828 = DIRECTION('',(0.,-0.,1.));
#12829 = DIRECTION('',(0.153772706136,-0.98810624674,-0.));
#12830 = ORIENTED_EDGE('',*,*,#12831,.F.);
#12831 = EDGE_CURVE('',#12832,#12823,#12834,.T.);
#12832 = VERTEX_POINT('',#12833);
#12833 = CARTESIAN_POINT('',(-1.865038,17.135416,0.));
#12834 = CIRCLE('',#12835,0.199873931385);
#12835 = AXIS2_PLACEMENT_3D('',#12836,#12837,#12838);
#12836 = CARTESIAN_POINT('',(-1.665164097786,17.13552398514,0.));
#12837 = DIRECTION('',(0.,0.,-1.));
#12838 = DIRECTION('',(-0.999999854056,-5.402662527438E-04,-0.));
#12839 = ORIENTED_EDGE('',*,*,#12840,.F.);
#12840 = EDGE_CURVE('',#12841,#12832,#12843,.T.);
#12841 = VERTEX_POINT('',#12842);
#12842 = CARTESIAN_POINT('',(-1.865038,-0.295538,0.));
#12843 = LINE('',#12844,#12845);
#12844 = CARTESIAN_POINT('',(-1.865038,-0.295538,0.));
#12845 = VECTOR('',#12846,1.);
#12846 = DIRECTION('',(0.,1.,0.));
#12847 = ORIENTED_EDGE('',*,*,#12848,.F.);
#12848 = EDGE_CURVE('',#12849,#12841,#12851,.T.);
#12849 = VERTEX_POINT('',#12850);
#12850 = CARTESIAN_POINT('',(-1.695807,-0.493157,0.));
#12851 = CIRCLE('',#12852,0.200115812347);
#12852 = AXIS2_PLACEMENT_3D('',#12853,#12854,#12855);
#12853 = CARTESIAN_POINT('',(-1.664922212218,-0.295438846471,0.));
#12854 = DIRECTION('',(0.,0.,-1.));
#12855 = DIRECTION('',(-0.154334569669,-0.988018643855,-0.));
#12856 = ORIENTED_EDGE('',*,*,#12857,.F.);
#12857 = EDGE_CURVE('',#12858,#12849,#12860,.T.);
#12858 = VERTEX_POINT('',#12859);
#12859 = CARTESIAN_POINT('',(-0.778133,-1.41083,0.));
#12860 = CIRCLE('',#12861,1.099751954706);
#12861 = AXIS2_PLACEMENT_3D('',#12862,#12863,#12864);
#12862 = CARTESIAN_POINT('',(-1.864819972708,-1.579844156884,0.));
#12863 = DIRECTION('',(0.,0.,1.));
#12864 = DIRECTION('',(0.988120064763,0.15368388859,-0.));
#12865 = ORIENTED_EDGE('',*,*,#12866,.F.);
#12866 = EDGE_CURVE('',#12867,#12858,#12869,.T.);
#12867 = VERTEX_POINT('',#12868);
#12868 = CARTESIAN_POINT('',(-0.580514,-1.580061,0.));
#12869 = CIRCLE('',#12870,0.199979001801);
#12870 = AXIS2_PLACEMENT_3D('',#12871,#12872,#12873);
#12871 = CARTESIAN_POINT('',(-0.580531983818,-1.380081999008,0.));
#12872 = DIRECTION('',(0.,0.,-1.));
#12873 = DIRECTION('',(8.992852948362E-05,-0.999999995956,0.));
#12874 = ORIENTED_EDGE('',*,*,#12875,.F.);
#12875 = EDGE_CURVE('',#12876,#12867,#12878,.T.);
#12876 = VERTEX_POINT('',#12877);
#12877 = CARTESIAN_POINT('',(16.850439,-1.580061,0.));
#12878 = LINE('',#12879,#12880);
#12879 = CARTESIAN_POINT('',(16.850439,-1.580061,0.));
#12880 = VECTOR('',#12881,1.);
#12881 = DIRECTION('',(-1.,0.,0.));
#12882 = ORIENTED_EDGE('',*,*,#12883,.F.);
#12883 = EDGE_CURVE('',#12884,#12876,#12886,.T.);
#12884 = VERTEX_POINT('',#12885);
#12885 = CARTESIAN_POINT('',(17.048058,-1.41083,0.));
#12886 = CIRCLE('',#12887,0.199987907753);
#12887 = AXIS2_PLACEMENT_3D('',#12888,#12889,#12890);
#12888 = CARTESIAN_POINT('',(16.850449356744,-1.380073092515,0.));
#12889 = DIRECTION('',(0.,0.,-1.));
#12890 = DIRECTION('',(0.988102958204,-0.153793835991,0.));
#12891 = ORIENTED_EDGE('',*,*,#12892,.F.);
#12892 = EDGE_CURVE('',#12893,#12884,#12895,.T.);
#12893 = VERTEX_POINT('',#12894);
#12894 = CARTESIAN_POINT('',(19.221867,-1.41083,0.));
#12895 = CIRCLE('',#12896,1.100000099391);
#12896 = AXIS2_PLACEMENT_3D('',#12897,#12898,#12899);
#12897 = CARTESIAN_POINT('',(18.1349625,-1.580060099391,0.));
#12898 = DIRECTION('',(0.,0.,1.));
#12899 = DIRECTION('',(0.98809491072,0.153845531,-0.));
#12900 = ORIENTED_EDGE('',*,*,#12901,.F.);
#12901 = EDGE_CURVE('',#12902,#12893,#12904,.T.);
#12902 = VERTEX_POINT('',#12903);
#12903 = CARTESIAN_POINT('',(19.419486,-1.580061,0.));
#12904 = CIRCLE('',#12905,0.199979001801);
#12905 = AXIS2_PLACEMENT_3D('',#12906,#12907,#12908);
#12906 = CARTESIAN_POINT('',(19.419468016182,-1.380081999008,0.));
#12907 = DIRECTION('',(0.,0.,-1.));
#12908 = DIRECTION('',(8.992852948806E-05,-0.999999995956,0.));
#12909 = ORIENTED_EDGE('',*,*,#12910,.F.);
#12910 = EDGE_CURVE('',#12911,#12902,#12913,.T.);
#12911 = VERTEX_POINT('',#12912);
#12912 = CARTESIAN_POINT('',(36.850439,-1.580061,0.));
#12913 = LINE('',#12914,#12915);
#12914 = CARTESIAN_POINT('',(36.850439,-1.580061,0.));
#12915 = VECTOR('',#12916,1.);
#12916 = DIRECTION('',(-1.,0.,0.));
#12917 = ORIENTED_EDGE('',*,*,#12918,.F.);
#12918 = EDGE_CURVE('',#12919,#12911,#12921,.T.);
#12919 = VERTEX_POINT('',#12920);
#12920 = CARTESIAN_POINT('',(37.048058,-1.41083,0.));
#12921 = CIRCLE('',#12922,0.199987907753);
#12922 = AXIS2_PLACEMENT_3D('',#12923,#12924,#12925);
#12923 = CARTESIAN_POINT('',(36.850449356744,-1.380073092515,0.));
#12924 = DIRECTION('',(0.,0.,-1.));
#12925 = DIRECTION('',(0.988102958204,-0.153793835991,0.));
#12926 = ORIENTED_EDGE('',*,*,#12927,.F.);
#12927 = EDGE_CURVE('',#12928,#12919,#12930,.T.);
#12928 = VERTEX_POINT('',#12929);
#12929 = CARTESIAN_POINT('',(37.965731,-0.493157,0.));
#12930 = CIRCLE('',#12931,1.099817563403);
#12931 = AXIS2_PLACEMENT_3D('',#12932,#12933,#12934);
#12932 = CARTESIAN_POINT('',(38.134802457151,-1.579901457151,0.));
#12933 = DIRECTION('',(0.,0.,1.));
#12934 = DIRECTION('',(-0.153726820499,0.98811338654,0.));
#12935 = ORIENTED_EDGE('',*,*,#12936,.F.);
#12936 = EDGE_CURVE('',#12937,#12928,#12939,.T.);
#12937 = VERTEX_POINT('',#12938);
#12938 = CARTESIAN_POINT('',(38.134962,-0.295538,0.));
#12939 = CIRCLE('',#12940,0.199903005852);
#12940 = AXIS2_PLACEMENT_3D('',#12941,#12942,#12943);
#12941 = CARTESIAN_POINT('',(37.935059011411,-0.295621077028,0.));
#12942 = DIRECTION('',(0.,0.,-1.));
#12943 = DIRECTION('',(0.999999913644,4.155866856411E-04,0.));
#12944 = ORIENTED_EDGE('',*,*,#12945,.F.);
#12945 = EDGE_CURVE('',#12946,#12937,#12948,.T.);
#12946 = VERTEX_POINT('',#12947);
#12947 = CARTESIAN_POINT('',(38.134962,17.135416,0.));
#12948 = LINE('',#12949,#12950);
#12949 = CARTESIAN_POINT('',(38.134962,17.135416,0.));
#12950 = VECTOR('',#12951,1.);
#12951 = DIRECTION('',(0.,-1.,0.));
#12952 = ORIENTED_EDGE('',*,*,#12953,.F.);
#12953 = EDGE_CURVE('',#12954,#12946,#12956,.T.);
#12954 = VERTEX_POINT('',#12955);
#12955 = CARTESIAN_POINT('',(37.965731,17.333035,0.));
#12956 = CIRCLE('',#12957,0.200270796145);
#12957 = AXIS2_PLACEMENT_3D('',#12958,#12959,#12960);
#12958 = CARTESIAN_POINT('',(37.934691337978,17.13518421994,0.));
#12959 = DIRECTION('',(0.,0.,-1.));
#12960 = DIRECTION('',(0.154988458723,0.987916280695,0.));
#12961 = ORIENTED_EDGE('',*,*,#12962,.F.);
#12962 = EDGE_CURVE('',#12963,#12954,#12965,.T.);
#12963 = VERTEX_POINT('',#12964);
#12964 = CARTESIAN_POINT('',(37.965731,19.506843,0.));
#12965 = CIRCLE('',#12966,1.100012610116);
#12966 = AXIS2_PLACEMENT_3D('',#12967,#12968,#12969);
#12967 = CARTESIAN_POINT('',(38.135045610116,18.419939,0.));
#12968 = DIRECTION('',(0.,0.,1.));
#12969 = DIRECTION('',(-0.153920608327,0.988083218323,0.));
#12970 = ORIENTED_EDGE('',*,*,#12971,.F.);
#12971 = EDGE_CURVE('',#12972,#12963,#12974,.T.);
#12972 = VERTEX_POINT('',#12973);
#12973 = CARTESIAN_POINT('',(38.134962,19.704462,0.));
#12974 = CIRCLE('',#12975,0.199903005852);
#12975 = AXIS2_PLACEMENT_3D('',#12976,#12977,#12978);
#12976 = CARTESIAN_POINT('',(37.935059011411,19.704378922972,0.));
#12977 = DIRECTION('',(0.,0.,-1.));
#12978 = DIRECTION('',(0.999999913644,4.155866856692E-04,0.));
#12979 = ORIENTED_EDGE('',*,*,#12980,.F.);
#12980 = EDGE_CURVE('',#12981,#12972,#12983,.T.);
#12981 = VERTEX_POINT('',#12982);
#12982 = CARTESIAN_POINT('',(38.134962,37.135416,0.));
#12983 = LINE('',#12984,#12985);
#12984 = CARTESIAN_POINT('',(38.134962,37.135416,0.));
#12985 = VECTOR('',#12986,1.);
#12986 = DIRECTION('',(0.,-1.,0.));
#12987 = ORIENTED_EDGE('',*,*,#12988,.F.);
#12988 = EDGE_CURVE('',#12989,#12981,#12991,.T.);
#12989 = VERTEX_POINT('',#12990);
#12990 = CARTESIAN_POINT('',(37.965731,37.333035,0.));
#12991 = CIRCLE('',#12992,0.200270796145);
#12992 = AXIS2_PLACEMENT_3D('',#12993,#12994,#12995);
#12993 = CARTESIAN_POINT('',(37.934691337978,37.13518421994,0.));
#12994 = DIRECTION('',(0.,0.,-1.));
#12995 = DIRECTION('',(0.154988458723,0.987916280695,0.));
#12996 = ORIENTED_EDGE('',*,*,#12997,.F.);
#12997 = EDGE_CURVE('',#12998,#12989,#13000,.T.);
#12998 = VERTEX_POINT('',#12999);
#12999 = CARTESIAN_POINT('',(37.048058,38.250708,0.));
#13000 = CIRCLE('',#13001,1.10013190627);
#13001 = AXIS2_PLACEMENT_3D('',#13002,#13003,#13004);
#13002 = CARTESIAN_POINT('',(38.135077731123,38.420054731123,0.));
#13003 = DIRECTION('',(0.,0.,1.));
#13004 = DIRECTION('',(-0.988081270008,-0.153933114891,0.));
#13005 = ORIENTED_EDGE('',*,*,#13006,.F.);
#13006 = EDGE_CURVE('',#13007,#12998,#13009,.T.);
#13007 = VERTEX_POINT('',#13008);
#13008 = CARTESIAN_POINT('',(36.850439,38.419939,0.));
#13009 = CIRCLE('',#13010,0.200048571984);
#13010 = AXIS2_PLACEMENT_3D('',#13011,#13012,#13013);
#13011 = CARTESIAN_POINT('',(36.850397410412,38.219890432339,0.));
#13012 = DIRECTION('',(0.,0.,-1.));
#13013 = DIRECTION('',(2.078974521778E-04,0.999999978389,0.));
#13014 = ORIENTED_EDGE('',*,*,#13015,.F.);
#13015 = EDGE_CURVE('',#13016,#13007,#13018,.T.);
#13016 = VERTEX_POINT('',#13017);
#13017 = CARTESIAN_POINT('',(19.419486,38.419939,0.));
#13018 = LINE('',#13019,#13020);
#13019 = CARTESIAN_POINT('',(19.419486,38.419939,0.));
#13020 = VECTOR('',#13021,1.);
#13021 = DIRECTION('',(1.,0.,0.));
#13022 = ORIENTED_EDGE('',*,*,#13023,.F.);
#13023 = EDGE_CURVE('',#12754,#13016,#13024,.T.);
#13024 = CIRCLE('',#13025,0.200061945547);
#13025 = AXIS2_PLACEMENT_3D('',#13026,#13027,#13028);
#13026 = CARTESIAN_POINT('',(19.419539039718,38.219877061483,0.));
#13027 = DIRECTION('',(0.,0.,-1.));
#13028 = DIRECTION('',(-0.988054170809,0.154106961382,0.));
#13029 = ORIENTED_EDGE('',*,*,#12761,.F.);
#13030 = FACE_BOUND('',#13031,.F.);
#13031 = EDGE_LOOP('',(#13032));
#13032 = ORIENTED_EDGE('',*,*,#13033,.T.);
#13033 = EDGE_CURVE('',#13034,#13034,#13036,.T.);
#13034 = VERTEX_POINT('',#13035);
#13035 = CARTESIAN_POINT('',(1.375,4.73,0.));
#13036 = CIRCLE('',#13037,0.5);
#13037 = AXIS2_PLACEMENT_3D('',#13038,#13039,#13040);
#13038 = CARTESIAN_POINT('',(1.375,5.23,0.));
#13039 = DIRECTION('',(-0.,0.,-1.));
#13040 = DIRECTION('',(-0.,-1.,0.));
#13041 = FACE_BOUND('',#13042,.F.);
#13042 = EDGE_LOOP('',(#13043));
#13043 = ORIENTED_EDGE('',*,*,#13044,.T.);
#13044 = EDGE_CURVE('',#13045,#13045,#13047,.T.);
#13045 = VERTEX_POINT('',#13046);
#13046 = CARTESIAN_POINT('',(1.375,7.27,0.));
#13047 = CIRCLE('',#13048,0.5);
#13048 = AXIS2_PLACEMENT_3D('',#13049,#13050,#13051);
#13049 = CARTESIAN_POINT('',(1.375,7.77,0.));
#13050 = DIRECTION('',(-0.,0.,-1.));
#13051 = DIRECTION('',(-0.,-1.,0.));
#13052 = FACE_BOUND('',#13053,.F.);
#13053 = EDGE_LOOP('',(#13054));
#13054 = ORIENTED_EDGE('',*,*,#13055,.T.);
#13055 = EDGE_CURVE('',#13056,#13056,#13058,.T.);
#13056 = VERTEX_POINT('',#13057);
#13057 = CARTESIAN_POINT('',(9.8,3.525,0.));
#13058 = CIRCLE('',#13059,0.475);
#13059 = AXIS2_PLACEMENT_3D('',#13060,#13061,#13062);
#13060 = CARTESIAN_POINT('',(9.8,4.,0.));
#13061 = DIRECTION('',(-0.,0.,-1.));
#13062 = DIRECTION('',(-0.,-1.,0.));
#13063 = FACE_BOUND('',#13064,.F.);
#13064 = EDGE_LOOP('',(#13065));
#13065 = ORIENTED_EDGE('',*,*,#13066,.T.);
#13066 = EDGE_CURVE('',#13067,#13067,#13069,.T.);
#13067 = VERTEX_POINT('',#13068);
#13068 = CARTESIAN_POINT('',(12.3,3.525,0.));
#13069 = CIRCLE('',#13070,0.475);
#13070 = AXIS2_PLACEMENT_3D('',#13071,#13072,#13073);
#13071 = CARTESIAN_POINT('',(12.3,4.,0.));
#13072 = DIRECTION('',(-0.,0.,-1.));
#13073 = DIRECTION('',(-0.,-1.,0.));
#13074 = FACE_BOUND('',#13075,.F.);
#13075 = EDGE_LOOP('',(#13076));
#13076 = ORIENTED_EDGE('',*,*,#13077,.T.);
#13077 = EDGE_CURVE('',#13078,#13078,#13080,.T.);
#13078 = VERTEX_POINT('',#13079);
#13079 = CARTESIAN_POINT('',(14.8,3.525,0.));
#13080 = CIRCLE('',#13081,0.475);
#13081 = AXIS2_PLACEMENT_3D('',#13082,#13083,#13084);
#13082 = CARTESIAN_POINT('',(14.8,4.,0.));
#13083 = DIRECTION('',(-0.,0.,-1.));
#13084 = DIRECTION('',(-0.,-1.,0.));
#13085 = FACE_BOUND('',#13086,.F.);
#13086 = EDGE_LOOP('',(#13087));
#13087 = ORIENTED_EDGE('',*,*,#13088,.T.);
#13088 = EDGE_CURVE('',#13089,#13089,#13091,.T.);
#13089 = VERTEX_POINT('',#13090);
#13090 = CARTESIAN_POINT('',(17.3,3.525,0.));
#13091 = CIRCLE('',#13092,0.475);
#13092 = AXIS2_PLACEMENT_3D('',#13093,#13094,#13095);
#13093 = CARTESIAN_POINT('',(17.3,4.,0.));
#13094 = DIRECTION('',(-0.,0.,-1.));
#13095 = DIRECTION('',(7.479397218527E-15,-1.,-0.));
#13096 = FACE_BOUND('',#13097,.F.);
#13097 = EDGE_LOOP('',(#13098));
#13098 = ORIENTED_EDGE('',*,*,#13099,.T.);
#13099 = EDGE_CURVE('',#13100,#13100,#13102,.T.);
#13100 = VERTEX_POINT('',#13101);
#13101 = CARTESIAN_POINT('',(1.375,9.81,0.));
#13102 = CIRCLE('',#13103,0.5);
#13103 = AXIS2_PLACEMENT_3D('',#13104,#13105,#13106);
#13104 = CARTESIAN_POINT('',(1.375,10.31,0.));
#13105 = DIRECTION('',(-0.,0.,-1.));
#13106 = DIRECTION('',(-0.,-1.,0.));
#13107 = FACE_BOUND('',#13108,.F.);
#13108 = EDGE_LOOP('',(#13109));
#13109 = ORIENTED_EDGE('',*,*,#13110,.T.);
#13110 = EDGE_CURVE('',#13111,#13111,#13113,.T.);
#13111 = VERTEX_POINT('',#13112);
#13112 = CARTESIAN_POINT('',(1.375,12.35,0.));
#13113 = CIRCLE('',#13114,0.5);
#13114 = AXIS2_PLACEMENT_3D('',#13115,#13116,#13117);
#13115 = CARTESIAN_POINT('',(1.375,12.85,0.));
#13116 = DIRECTION('',(-0.,0.,-1.));
#13117 = DIRECTION('',(-0.,-1.,0.));
#13118 = FACE_BOUND('',#13119,.F.);
#13119 = EDGE_LOOP('',(#13120));
#13120 = ORIENTED_EDGE('',*,*,#13121,.T.);
#13121 = EDGE_CURVE('',#13122,#13122,#13124,.T.);
#13122 = VERTEX_POINT('',#13123);
#13123 = CARTESIAN_POINT('',(1.375,14.89,0.));
#13124 = CIRCLE('',#13125,0.5);
#13125 = AXIS2_PLACEMENT_3D('',#13126,#13127,#13128);
#13126 = CARTESIAN_POINT('',(1.375,15.39,0.));
#13127 = DIRECTION('',(-0.,0.,-1.));
#13128 = DIRECTION('',(-0.,-1.,0.));
#13129 = FACE_BOUND('',#13130,.F.);
#13130 = EDGE_LOOP('',(#13131));
#13131 = ORIENTED_EDGE('',*,*,#13132,.T.);
#13132 = EDGE_CURVE('',#13133,#13133,#13135,.T.);
#13133 = VERTEX_POINT('',#13134);
#13134 = CARTESIAN_POINT('',(19.8,3.525,0.));
#13135 = CIRCLE('',#13136,0.475);
#13136 = AXIS2_PLACEMENT_3D('',#13137,#13138,#13139);
#13137 = CARTESIAN_POINT('',(19.8,4.,0.));
#13138 = DIRECTION('',(-0.,0.,-1.));
#13139 = DIRECTION('',(7.479397218527E-15,-1.,-0.));
#13140 = FACE_BOUND('',#13141,.F.);
#13141 = EDGE_LOOP('',(#13142));
#13142 = ORIENTED_EDGE('',*,*,#13143,.T.);
#13143 = EDGE_CURVE('',#13144,#13144,#13146,.T.);
#13144 = VERTEX_POINT('',#13145);
#13145 = CARTESIAN_POINT('',(22.3,3.525,0.));
#13146 = CIRCLE('',#13147,0.475);
#13147 = AXIS2_PLACEMENT_3D('',#13148,#13149,#13150);
#13148 = CARTESIAN_POINT('',(22.3,4.,0.));
#13149 = DIRECTION('',(-0.,0.,-1.));
#13150 = DIRECTION('',(7.479397218527E-15,-1.,-0.));
#13151 = FACE_BOUND('',#13152,.F.);
#13152 = EDGE_LOOP('',(#13153));
#13153 = ORIENTED_EDGE('',*,*,#13154,.T.);
#13154 = EDGE_CURVE('',#13155,#13155,#13157,.T.);
#13155 = VERTEX_POINT('',#13156);
#13156 = CARTESIAN_POINT('',(24.8,3.525,0.));
#13157 = CIRCLE('',#13158,0.475);
#13158 = AXIS2_PLACEMENT_3D('',#13159,#13160,#13161);
#13159 = CARTESIAN_POINT('',(24.8,4.,0.));
#13160 = DIRECTION('',(-0.,0.,-1.));
#13161 = DIRECTION('',(7.479397218527E-15,-1.,-0.));
#13162 = FACE_BOUND('',#13163,.F.);
#13163 = EDGE_LOOP('',(#13164));
#13164 = ORIENTED_EDGE('',*,*,#13165,.T.);
#13165 = EDGE_CURVE('',#13166,#13166,#13168,.T.);
#13166 = VERTEX_POINT('',#13167);
#13167 = CARTESIAN_POINT('',(34.765,4.73,0.));
#13168 = CIRCLE('',#13169,0.5);
#13169 = AXIS2_PLACEMENT_3D('',#13170,#13171,#13172);
#13170 = CARTESIAN_POINT('',(34.765,5.23,0.));
#13171 = DIRECTION('',(-0.,0.,-1.));
#13172 = DIRECTION('',(-0.,-1.,0.));
#13173 = FACE_BOUND('',#13174,.F.);
#13174 = EDGE_LOOP('',(#13175));
#13175 = ORIENTED_EDGE('',*,*,#13176,.T.);
#13176 = EDGE_CURVE('',#13177,#13177,#13179,.T.);
#13177 = VERTEX_POINT('',#13178);
#13178 = CARTESIAN_POINT('',(34.765,7.27,0.));
#13179 = CIRCLE('',#13180,0.5);
#13180 = AXIS2_PLACEMENT_3D('',#13181,#13182,#13183);
#13181 = CARTESIAN_POINT('',(34.765,7.77,0.));
#13182 = DIRECTION('',(-0.,0.,-1.));
#13183 = DIRECTION('',(-0.,-1.,0.));
#13184 = FACE_BOUND('',#13185,.F.);
#13185 = EDGE_LOOP('',(#13186));
#13186 = ORIENTED_EDGE('',*,*,#13187,.T.);
#13187 = EDGE_CURVE('',#13188,#13188,#13190,.T.);
#13188 = VERTEX_POINT('',#13189);
#13189 = CARTESIAN_POINT('',(34.765,9.81,0.));
#13190 = CIRCLE('',#13191,0.5);
#13191 = AXIS2_PLACEMENT_3D('',#13192,#13193,#13194);
#13192 = CARTESIAN_POINT('',(34.765,10.31,0.));
#13193 = DIRECTION('',(-0.,0.,-1.));
#13194 = DIRECTION('',(-0.,-1.,0.));
#13195 = FACE_BOUND('',#13196,.F.);
#13196 = EDGE_LOOP('',(#13197));
#13197 = ORIENTED_EDGE('',*,*,#13198,.T.);
#13198 = EDGE_CURVE('',#13199,#13199,#13201,.T.);
#13199 = VERTEX_POINT('',#13200);
#13200 = CARTESIAN_POINT('',(34.765,12.35,0.));
#13201 = CIRCLE('',#13202,0.5);
#13202 = AXIS2_PLACEMENT_3D('',#13203,#13204,#13205);
#13203 = CARTESIAN_POINT('',(34.765,12.85,0.));
#13204 = DIRECTION('',(-0.,0.,-1.));
#13205 = DIRECTION('',(-0.,-1.,0.));
#13206 = FACE_BOUND('',#13207,.F.);
#13207 = EDGE_LOOP('',(#13208));
#13208 = ORIENTED_EDGE('',*,*,#13209,.T.);
#13209 = EDGE_CURVE('',#13210,#13210,#13212,.T.);
#13210 = VERTEX_POINT('',#13211);
#13211 = CARTESIAN_POINT('',(34.765,14.89,0.));
#13212 = CIRCLE('',#13213,0.5);
#13213 = AXIS2_PLACEMENT_3D('',#13214,#13215,#13216);
#13214 = CARTESIAN_POINT('',(34.765,15.39,0.));
#13215 = DIRECTION('',(-0.,0.,-1.));
#13216 = DIRECTION('',(-0.,-1.,0.));
#13217 = FACE_BOUND('',#13218,.F.);
#13218 = EDGE_LOOP('',(#13219));
#13219 = ORIENTED_EDGE('',*,*,#13220,.T.);
#13220 = EDGE_CURVE('',#13221,#13221,#13223,.T.);
#13221 = VERTEX_POINT('',#13222);
#13222 = CARTESIAN_POINT('',(1.375,17.43,0.));
#13223 = CIRCLE('',#13224,0.5);
#13224 = AXIS2_PLACEMENT_3D('',#13225,#13226,#13227);
#13225 = CARTESIAN_POINT('',(1.375,17.93,0.));
#13226 = DIRECTION('',(-0.,0.,-1.));
#13227 = DIRECTION('',(-0.,-1.,0.));
#13228 = FACE_BOUND('',#13229,.F.);
#13229 = EDGE_LOOP('',(#13230));
#13230 = ORIENTED_EDGE('',*,*,#13231,.T.);
#13231 = EDGE_CURVE('',#13232,#13232,#13234,.T.);
#13232 = VERTEX_POINT('',#13233);
#13233 = CARTESIAN_POINT('',(1.375,19.97,0.));
#13234 = CIRCLE('',#13235,0.5);
#13235 = AXIS2_PLACEMENT_3D('',#13236,#13237,#13238);
#13236 = CARTESIAN_POINT('',(1.375,20.47,0.));
#13237 = DIRECTION('',(-0.,0.,-1.));
#13238 = DIRECTION('',(-0.,-1.,0.));
#13239 = FACE_BOUND('',#13240,.F.);
#13240 = EDGE_LOOP('',(#13241));
#13241 = ORIENTED_EDGE('',*,*,#13242,.T.);
#13242 = EDGE_CURVE('',#13243,#13243,#13245,.T.);
#13243 = VERTEX_POINT('',#13244);
#13244 = CARTESIAN_POINT('',(1.375,22.51,0.));
#13245 = CIRCLE('',#13246,0.5);
#13246 = AXIS2_PLACEMENT_3D('',#13247,#13248,#13249);
#13247 = CARTESIAN_POINT('',(1.375,23.01,0.));
#13248 = DIRECTION('',(-0.,0.,-1.));
#13249 = DIRECTION('',(-0.,-1.,0.));
#13250 = FACE_BOUND('',#13251,.F.);
#13251 = EDGE_LOOP('',(#13252));
#13252 = ORIENTED_EDGE('',*,*,#13253,.T.);
#13253 = EDGE_CURVE('',#13254,#13254,#13256,.T.);
#13254 = VERTEX_POINT('',#13255);
#13255 = CARTESIAN_POINT('',(1.375,25.05,0.));
#13256 = CIRCLE('',#13257,0.5);
#13257 = AXIS2_PLACEMENT_3D('',#13258,#13259,#13260);
#13258 = CARTESIAN_POINT('',(1.375,25.55,0.));
#13259 = DIRECTION('',(-0.,0.,-1.));
#13260 = DIRECTION('',(-0.,-1.,0.));
#13261 = FACE_BOUND('',#13262,.F.);
#13262 = EDGE_LOOP('',(#13263));
#13263 = ORIENTED_EDGE('',*,*,#13264,.T.);
#13264 = EDGE_CURVE('',#13265,#13265,#13267,.T.);
#13265 = VERTEX_POINT('',#13266);
#13266 = CARTESIAN_POINT('',(1.375,27.59,0.));
#13267 = CIRCLE('',#13268,0.5);
#13268 = AXIS2_PLACEMENT_3D('',#13269,#13270,#13271);
#13269 = CARTESIAN_POINT('',(1.375,28.09,0.));
#13270 = DIRECTION('',(-0.,0.,-1.));
#13271 = DIRECTION('',(-0.,-1.,0.));
#13272 = FACE_BOUND('',#13273,.F.);
#13273 = EDGE_LOOP('',(#13274));
#13274 = ORIENTED_EDGE('',*,*,#13275,.T.);
#13275 = EDGE_CURVE('',#13276,#13276,#13278,.T.);
#13276 = VERTEX_POINT('',#13277);
#13277 = CARTESIAN_POINT('',(34.765,17.43,0.));
#13278 = CIRCLE('',#13279,0.5);
#13279 = AXIS2_PLACEMENT_3D('',#13280,#13281,#13282);
#13280 = CARTESIAN_POINT('',(34.765,17.93,0.));
#13281 = DIRECTION('',(-0.,0.,-1.));
#13282 = DIRECTION('',(-0.,-1.,0.));
#13283 = FACE_BOUND('',#13284,.F.);
#13284 = EDGE_LOOP('',(#13285));
#13285 = ORIENTED_EDGE('',*,*,#13286,.T.);
#13286 = EDGE_CURVE('',#13287,#13287,#13289,.T.);
#13287 = VERTEX_POINT('',#13288);
#13288 = CARTESIAN_POINT('',(34.765,19.97,0.));
#13289 = CIRCLE('',#13290,0.5);
#13290 = AXIS2_PLACEMENT_3D('',#13291,#13292,#13293);
#13291 = CARTESIAN_POINT('',(34.765,20.47,0.));
#13292 = DIRECTION('',(-0.,0.,-1.));
#13293 = DIRECTION('',(-0.,-1.,0.));
#13294 = FACE_BOUND('',#13295,.F.);
#13295 = EDGE_LOOP('',(#13296));
#13296 = ORIENTED_EDGE('',*,*,#13297,.T.);
#13297 = EDGE_CURVE('',#13298,#13298,#13300,.T.);
#13298 = VERTEX_POINT('',#13299);
#13299 = CARTESIAN_POINT('',(34.765,22.51,0.));
#13300 = CIRCLE('',#13301,0.5);
#13301 = AXIS2_PLACEMENT_3D('',#13302,#13303,#13304);
#13302 = CARTESIAN_POINT('',(34.765,23.01,0.));
#13303 = DIRECTION('',(-0.,0.,-1.));
#13304 = DIRECTION('',(-0.,-1.,0.));
#13305 = FACE_BOUND('',#13306,.F.);
#13306 = EDGE_LOOP('',(#13307));
#13307 = ORIENTED_EDGE('',*,*,#13308,.T.);
#13308 = EDGE_CURVE('',#13309,#13309,#13311,.T.);
#13309 = VERTEX_POINT('',#13310);
#13310 = CARTESIAN_POINT('',(34.765,25.05,0.));
#13311 = CIRCLE('',#13312,0.5);
#13312 = AXIS2_PLACEMENT_3D('',#13313,#13314,#13315);
#13313 = CARTESIAN_POINT('',(34.765,25.55,0.));
#13314 = DIRECTION('',(-0.,0.,-1.));
#13315 = DIRECTION('',(-0.,-1.,0.));
#13316 = FACE_BOUND('',#13317,.F.);
#13317 = EDGE_LOOP('',(#13318));
#13318 = ORIENTED_EDGE('',*,*,#13319,.T.);
#13319 = EDGE_CURVE('',#13320,#13320,#13322,.T.);
#13320 = VERTEX_POINT('',#13321);
#13321 = CARTESIAN_POINT('',(34.765,27.59,0.));
#13322 = CIRCLE('',#13323,0.5);
#13323 = AXIS2_PLACEMENT_3D('',#13324,#13325,#13326);
#13324 = CARTESIAN_POINT('',(34.765,28.09,0.));
#13325 = DIRECTION('',(-0.,0.,-1.));
#13326 = DIRECTION('',(-0.,-1.,0.));
#13327 = PLANE('',#13328);
#13328 = AXIS2_PLACEMENT_3D('',#13329,#13330,#13331);
#13329 = CARTESIAN_POINT('',(0.,0.,0.));
#13330 = DIRECTION('',(0.,0.,1.));
#13331 = DIRECTION('',(1.,0.,-0.));
#13332 = ADVANCED_FACE('',(#13333,#13590,#13601,#13612,#13623,#13634,
    #13645,#13656,#13667,#13678,#13689,#13700,#13711,#13722,#13733,
    #13744,#13755,#13766,#13777,#13788,#13799,#13810,#13821,#13832,
    #13843,#13854,#13865,#13876),#13887,.T.);
#13333 = FACE_BOUND('',#13334,.T.);
#13334 = EDGE_LOOP('',(#13335,#13336,#13337,#13346,#13355,#13364,#13372,
    #13381,#13390,#13399,#13407,#13416,#13425,#13434,#13442,#13451,
    #13460,#13469,#13477,#13486,#13495,#13504,#13512,#13521,#13530,
    #13539,#13547,#13556,#13565,#13574,#13582,#13589));
#13335 = ORIENTED_EDGE('',*,*,#12680,.F.);
#13336 = ORIENTED_EDGE('',*,*,#12722,.F.);
#13337 = ORIENTED_EDGE('',*,*,#13338,.F.);
#13338 = EDGE_CURVE('',#13339,#12715,#13341,.T.);
#13339 = VERTEX_POINT('',#13340);
#13340 = CARTESIAN_POINT('',(-0.778133,38.250708,1.51));
#13341 = CIRCLE('',#13342,0.200061945547);
#13342 = AXIS2_PLACEMENT_3D('',#13343,#13344,#13345);
#13343 = CARTESIAN_POINT('',(-0.580460960282,38.219877061483,1.51));
#13344 = DIRECTION('',(0.,0.,-1.));
#13345 = DIRECTION('',(-0.988054170809,0.154106961382,0.));
#13346 = ORIENTED_EDGE('',*,*,#13347,.F.);
#13347 = EDGE_CURVE('',#13348,#13339,#13350,.T.);
#13348 = VERTEX_POINT('',#13349);
#13349 = CARTESIAN_POINT('',(-1.695807,37.333035,1.51));
#13350 = CIRCLE('',#13351,1.099950581004);
#13351 = AXIS2_PLACEMENT_3D('',#13352,#13353,#13354);
#13352 = CARTESIAN_POINT('',(-1.864993922615,38.419896106981,1.51));
#13353 = DIRECTION('',(0.,0.,1.));
#13354 = DIRECTION('',(0.153813203554,-0.988099943534,0.));
#13355 = ORIENTED_EDGE('',*,*,#13356,.F.);
#13356 = EDGE_CURVE('',#13357,#13348,#13359,.T.);
#13357 = VERTEX_POINT('',#13358);
#13358 = CARTESIAN_POINT('',(-1.865038,37.135416,1.51));
#13359 = CIRCLE('',#13360,0.199873931385);
#13360 = AXIS2_PLACEMENT_3D('',#13361,#13362,#13363);
#13361 = CARTESIAN_POINT('',(-1.665164097786,37.13552398514,1.51));
#13362 = DIRECTION('',(0.,0.,-1.));
#13363 = DIRECTION('',(-0.999999854056,-5.402662527616E-04,-0.));
#13364 = ORIENTED_EDGE('',*,*,#13365,.F.);
#13365 = EDGE_CURVE('',#13366,#13357,#13368,.T.);
#13366 = VERTEX_POINT('',#13367);
#13367 = CARTESIAN_POINT('',(-1.865038,19.704462,1.51));
#13368 = LINE('',#13369,#13370);
#13369 = CARTESIAN_POINT('',(-1.865038,19.704462,1.51));
#13370 = VECTOR('',#13371,1.);
#13371 = DIRECTION('',(0.,1.,0.));
#13372 = ORIENTED_EDGE('',*,*,#13373,.F.);
#13373 = EDGE_CURVE('',#13374,#13366,#13376,.T.);
#13374 = VERTEX_POINT('',#13375);
#13375 = CARTESIAN_POINT('',(-1.695807,19.506843,1.51));
#13376 = CIRCLE('',#13377,0.200115812347);
#13377 = AXIS2_PLACEMENT_3D('',#13378,#13379,#13380);
#13378 = CARTESIAN_POINT('',(-1.664922212218,19.704561153529,1.51));
#13379 = DIRECTION('',(0.,0.,-1.));
#13380 = DIRECTION('',(-0.154334569669,-0.988018643855,-0.));
#13381 = ORIENTED_EDGE('',*,*,#13382,.F.);
#13382 = EDGE_CURVE('',#13383,#13374,#13385,.T.);
#13383 = VERTEX_POINT('',#13384);
#13384 = CARTESIAN_POINT('',(-1.695807,17.333035,1.51));
#13385 = CIRCLE('',#13386,1.099986973653);
#13386 = AXIS2_PLACEMENT_3D('',#13387,#13388,#13389);
#13387 = CARTESIAN_POINT('',(-1.864954973653,18.419939,1.51));
#13388 = DIRECTION('',(0.,-0.,1.));
#13389 = DIRECTION('',(0.153772706136,-0.98810624674,-0.));
#13390 = ORIENTED_EDGE('',*,*,#13391,.F.);
#13391 = EDGE_CURVE('',#13392,#13383,#13394,.T.);
#13392 = VERTEX_POINT('',#13393);
#13393 = CARTESIAN_POINT('',(-1.865038,17.135416,1.51));
#13394 = CIRCLE('',#13395,0.199873931385);
#13395 = AXIS2_PLACEMENT_3D('',#13396,#13397,#13398);
#13396 = CARTESIAN_POINT('',(-1.665164097786,17.13552398514,1.51));
#13397 = DIRECTION('',(0.,0.,-1.));
#13398 = DIRECTION('',(-0.999999854056,-5.402662527438E-04,-0.));
#13399 = ORIENTED_EDGE('',*,*,#13400,.F.);
#13400 = EDGE_CURVE('',#13401,#13392,#13403,.T.);
#13401 = VERTEX_POINT('',#13402);
#13402 = CARTESIAN_POINT('',(-1.865038,-0.295538,1.51));
#13403 = LINE('',#13404,#13405);
#13404 = CARTESIAN_POINT('',(-1.865038,-0.295538,1.51));
#13405 = VECTOR('',#13406,1.);
#13406 = DIRECTION('',(0.,1.,0.));
#13407 = ORIENTED_EDGE('',*,*,#13408,.F.);
#13408 = EDGE_CURVE('',#13409,#13401,#13411,.T.);
#13409 = VERTEX_POINT('',#13410);
#13410 = CARTESIAN_POINT('',(-1.695807,-0.493157,1.51));
#13411 = CIRCLE('',#13412,0.200115812347);
#13412 = AXIS2_PLACEMENT_3D('',#13413,#13414,#13415);
#13413 = CARTESIAN_POINT('',(-1.664922212218,-0.295438846471,1.51));
#13414 = DIRECTION('',(0.,0.,-1.));
#13415 = DIRECTION('',(-0.154334569669,-0.988018643855,-0.));
#13416 = ORIENTED_EDGE('',*,*,#13417,.F.);
#13417 = EDGE_CURVE('',#13418,#13409,#13420,.T.);
#13418 = VERTEX_POINT('',#13419);
#13419 = CARTESIAN_POINT('',(-0.778133,-1.41083,1.51));
#13420 = CIRCLE('',#13421,1.099751954706);
#13421 = AXIS2_PLACEMENT_3D('',#13422,#13423,#13424);
#13422 = CARTESIAN_POINT('',(-1.864819972708,-1.579844156884,1.51));
#13423 = DIRECTION('',(0.,0.,1.));
#13424 = DIRECTION('',(0.988120064763,0.15368388859,-0.));
#13425 = ORIENTED_EDGE('',*,*,#13426,.F.);
#13426 = EDGE_CURVE('',#13427,#13418,#13429,.T.);
#13427 = VERTEX_POINT('',#13428);
#13428 = CARTESIAN_POINT('',(-0.580514,-1.580061,1.51));
#13429 = CIRCLE('',#13430,0.199979001801);
#13430 = AXIS2_PLACEMENT_3D('',#13431,#13432,#13433);
#13431 = CARTESIAN_POINT('',(-0.580531983818,-1.380081999008,1.51));
#13432 = DIRECTION('',(0.,0.,-1.));
#13433 = DIRECTION('',(8.992852948362E-05,-0.999999995956,0.));
#13434 = ORIENTED_EDGE('',*,*,#13435,.F.);
#13435 = EDGE_CURVE('',#13436,#13427,#13438,.T.);
#13436 = VERTEX_POINT('',#13437);
#13437 = CARTESIAN_POINT('',(16.850439,-1.580061,1.51));
#13438 = LINE('',#13439,#13440);
#13439 = CARTESIAN_POINT('',(16.850439,-1.580061,1.51));
#13440 = VECTOR('',#13441,1.);
#13441 = DIRECTION('',(-1.,0.,0.));
#13442 = ORIENTED_EDGE('',*,*,#13443,.F.);
#13443 = EDGE_CURVE('',#13444,#13436,#13446,.T.);
#13444 = VERTEX_POINT('',#13445);
#13445 = CARTESIAN_POINT('',(17.048058,-1.41083,1.51));
#13446 = CIRCLE('',#13447,0.199987907753);
#13447 = AXIS2_PLACEMENT_3D('',#13448,#13449,#13450);
#13448 = CARTESIAN_POINT('',(16.850449356744,-1.380073092515,1.51));
#13449 = DIRECTION('',(0.,0.,-1.));
#13450 = DIRECTION('',(0.988102958204,-0.153793835991,0.));
#13451 = ORIENTED_EDGE('',*,*,#13452,.F.);
#13452 = EDGE_CURVE('',#13453,#13444,#13455,.T.);
#13453 = VERTEX_POINT('',#13454);
#13454 = CARTESIAN_POINT('',(19.221867,-1.41083,1.51));
#13455 = CIRCLE('',#13456,1.100000099391);
#13456 = AXIS2_PLACEMENT_3D('',#13457,#13458,#13459);
#13457 = CARTESIAN_POINT('',(18.1349625,-1.580060099391,1.51));
#13458 = DIRECTION('',(0.,0.,1.));
#13459 = DIRECTION('',(0.98809491072,0.153845531,-0.));
#13460 = ORIENTED_EDGE('',*,*,#13461,.F.);
#13461 = EDGE_CURVE('',#13462,#13453,#13464,.T.);
#13462 = VERTEX_POINT('',#13463);
#13463 = CARTESIAN_POINT('',(19.419486,-1.580061,1.51));
#13464 = CIRCLE('',#13465,0.199979001801);
#13465 = AXIS2_PLACEMENT_3D('',#13466,#13467,#13468);
#13466 = CARTESIAN_POINT('',(19.419468016182,-1.380081999008,1.51));
#13467 = DIRECTION('',(0.,0.,-1.));
#13468 = DIRECTION('',(8.992852948806E-05,-0.999999995956,0.));
#13469 = ORIENTED_EDGE('',*,*,#13470,.F.);
#13470 = EDGE_CURVE('',#13471,#13462,#13473,.T.);
#13471 = VERTEX_POINT('',#13472);
#13472 = CARTESIAN_POINT('',(36.850439,-1.580061,1.51));
#13473 = LINE('',#13474,#13475);
#13474 = CARTESIAN_POINT('',(36.850439,-1.580061,1.51));
#13475 = VECTOR('',#13476,1.);
#13476 = DIRECTION('',(-1.,0.,0.));
#13477 = ORIENTED_EDGE('',*,*,#13478,.F.);
#13478 = EDGE_CURVE('',#13479,#13471,#13481,.T.);
#13479 = VERTEX_POINT('',#13480);
#13480 = CARTESIAN_POINT('',(37.048058,-1.41083,1.51));
#13481 = CIRCLE('',#13482,0.199987907753);
#13482 = AXIS2_PLACEMENT_3D('',#13483,#13484,#13485);
#13483 = CARTESIAN_POINT('',(36.850449356744,-1.380073092515,1.51));
#13484 = DIRECTION('',(0.,0.,-1.));
#13485 = DIRECTION('',(0.988102958204,-0.153793835991,0.));
#13486 = ORIENTED_EDGE('',*,*,#13487,.F.);
#13487 = EDGE_CURVE('',#13488,#13479,#13490,.T.);
#13488 = VERTEX_POINT('',#13489);
#13489 = CARTESIAN_POINT('',(37.965731,-0.493157,1.51));
#13490 = CIRCLE('',#13491,1.099817563403);
#13491 = AXIS2_PLACEMENT_3D('',#13492,#13493,#13494);
#13492 = CARTESIAN_POINT('',(38.134802457151,-1.579901457151,1.51));
#13493 = DIRECTION('',(0.,0.,1.));
#13494 = DIRECTION('',(-0.153726820499,0.98811338654,0.));
#13495 = ORIENTED_EDGE('',*,*,#13496,.F.);
#13496 = EDGE_CURVE('',#13497,#13488,#13499,.T.);
#13497 = VERTEX_POINT('',#13498);
#13498 = CARTESIAN_POINT('',(38.134962,-0.295538,1.51));
#13499 = CIRCLE('',#13500,0.199903005852);
#13500 = AXIS2_PLACEMENT_3D('',#13501,#13502,#13503);
#13501 = CARTESIAN_POINT('',(37.935059011411,-0.295621077028,1.51));
#13502 = DIRECTION('',(0.,0.,-1.));
#13503 = DIRECTION('',(0.999999913644,4.155866856411E-04,0.));
#13504 = ORIENTED_EDGE('',*,*,#13505,.F.);
#13505 = EDGE_CURVE('',#13506,#13497,#13508,.T.);
#13506 = VERTEX_POINT('',#13507);
#13507 = CARTESIAN_POINT('',(38.134962,17.135416,1.51));
#13508 = LINE('',#13509,#13510);
#13509 = CARTESIAN_POINT('',(38.134962,17.135416,1.51));
#13510 = VECTOR('',#13511,1.);
#13511 = DIRECTION('',(0.,-1.,0.));
#13512 = ORIENTED_EDGE('',*,*,#13513,.F.);
#13513 = EDGE_CURVE('',#13514,#13506,#13516,.T.);
#13514 = VERTEX_POINT('',#13515);
#13515 = CARTESIAN_POINT('',(37.965731,17.333035,1.51));
#13516 = CIRCLE('',#13517,0.200270796145);
#13517 = AXIS2_PLACEMENT_3D('',#13518,#13519,#13520);
#13518 = CARTESIAN_POINT('',(37.934691337978,17.13518421994,1.51));
#13519 = DIRECTION('',(0.,0.,-1.));
#13520 = DIRECTION('',(0.154988458723,0.987916280695,0.));
#13521 = ORIENTED_EDGE('',*,*,#13522,.F.);
#13522 = EDGE_CURVE('',#13523,#13514,#13525,.T.);
#13523 = VERTEX_POINT('',#13524);
#13524 = CARTESIAN_POINT('',(37.965731,19.506843,1.51));
#13525 = CIRCLE('',#13526,1.100012610116);
#13526 = AXIS2_PLACEMENT_3D('',#13527,#13528,#13529);
#13527 = CARTESIAN_POINT('',(38.135045610116,18.419939,1.51));
#13528 = DIRECTION('',(0.,0.,1.));
#13529 = DIRECTION('',(-0.153920608327,0.988083218323,0.));
#13530 = ORIENTED_EDGE('',*,*,#13531,.F.);
#13531 = EDGE_CURVE('',#13532,#13523,#13534,.T.);
#13532 = VERTEX_POINT('',#13533);
#13533 = CARTESIAN_POINT('',(38.134962,19.704462,1.51));
#13534 = CIRCLE('',#13535,0.199903005852);
#13535 = AXIS2_PLACEMENT_3D('',#13536,#13537,#13538);
#13536 = CARTESIAN_POINT('',(37.935059011411,19.704378922972,1.51));
#13537 = DIRECTION('',(0.,0.,-1.));
#13538 = DIRECTION('',(0.999999913644,4.155866856692E-04,0.));
#13539 = ORIENTED_EDGE('',*,*,#13540,.F.);
#13540 = EDGE_CURVE('',#13541,#13532,#13543,.T.);
#13541 = VERTEX_POINT('',#13542);
#13542 = CARTESIAN_POINT('',(38.134962,37.135416,1.51));
#13543 = LINE('',#13544,#13545);
#13544 = CARTESIAN_POINT('',(38.134962,37.135416,1.51));
#13545 = VECTOR('',#13546,1.);
#13546 = DIRECTION('',(0.,-1.,0.));
#13547 = ORIENTED_EDGE('',*,*,#13548,.F.);
#13548 = EDGE_CURVE('',#13549,#13541,#13551,.T.);
#13549 = VERTEX_POINT('',#13550);
#13550 = CARTESIAN_POINT('',(37.965731,37.333035,1.51));
#13551 = CIRCLE('',#13552,0.200270796145);
#13552 = AXIS2_PLACEMENT_3D('',#13553,#13554,#13555);
#13553 = CARTESIAN_POINT('',(37.934691337978,37.13518421994,1.51));
#13554 = DIRECTION('',(0.,0.,-1.));
#13555 = DIRECTION('',(0.154988458723,0.987916280695,0.));
#13556 = ORIENTED_EDGE('',*,*,#13557,.F.);
#13557 = EDGE_CURVE('',#13558,#13549,#13560,.T.);
#13558 = VERTEX_POINT('',#13559);
#13559 = CARTESIAN_POINT('',(37.048058,38.250708,1.51));
#13560 = CIRCLE('',#13561,1.10013190627);
#13561 = AXIS2_PLACEMENT_3D('',#13562,#13563,#13564);
#13562 = CARTESIAN_POINT('',(38.135077731123,38.420054731123,1.51));
#13563 = DIRECTION('',(0.,0.,1.));
#13564 = DIRECTION('',(-0.988081270008,-0.153933114891,0.));
#13565 = ORIENTED_EDGE('',*,*,#13566,.F.);
#13566 = EDGE_CURVE('',#13567,#13558,#13569,.T.);
#13567 = VERTEX_POINT('',#13568);
#13568 = CARTESIAN_POINT('',(36.850439,38.419939,1.51));
#13569 = CIRCLE('',#13570,0.200048571984);
#13570 = AXIS2_PLACEMENT_3D('',#13571,#13572,#13573);
#13571 = CARTESIAN_POINT('',(36.850397410412,38.219890432339,1.51));
#13572 = DIRECTION('',(0.,0.,-1.));
#13573 = DIRECTION('',(2.078974521778E-04,0.999999978389,0.));
#13574 = ORIENTED_EDGE('',*,*,#13575,.F.);
#13575 = EDGE_CURVE('',#13576,#13567,#13578,.T.);
#13576 = VERTEX_POINT('',#13577);
#13577 = CARTESIAN_POINT('',(19.419486,38.419939,1.51));
#13578 = LINE('',#13579,#13580);
#13579 = CARTESIAN_POINT('',(19.419486,38.419939,1.51));
#13580 = VECTOR('',#13581,1.);
#13581 = DIRECTION('',(1.,0.,0.));
#13582 = ORIENTED_EDGE('',*,*,#13583,.F.);
#13583 = EDGE_CURVE('',#12745,#13576,#13584,.T.);
#13584 = CIRCLE('',#13585,0.200061945547);
#13585 = AXIS2_PLACEMENT_3D('',#13586,#13587,#13588);
#13586 = CARTESIAN_POINT('',(19.419539039718,38.219877061483,1.51));
#13587 = DIRECTION('',(0.,0.,-1.));
#13588 = DIRECTION('',(-0.988054170809,0.154106961382,0.));
#13589 = ORIENTED_EDGE('',*,*,#12744,.F.);
#13590 = FACE_BOUND('',#13591,.T.);
#13591 = EDGE_LOOP('',(#13592));
#13592 = ORIENTED_EDGE('',*,*,#13593,.T.);
#13593 = EDGE_CURVE('',#13594,#13594,#13596,.T.);
#13594 = VERTEX_POINT('',#13595);
#13595 = CARTESIAN_POINT('',(1.375,4.73,1.51));
#13596 = CIRCLE('',#13597,0.5);
#13597 = AXIS2_PLACEMENT_3D('',#13598,#13599,#13600);
#13598 = CARTESIAN_POINT('',(1.375,5.23,1.51));
#13599 = DIRECTION('',(-0.,0.,-1.));
#13600 = DIRECTION('',(-0.,-1.,0.));
#13601 = FACE_BOUND('',#13602,.T.);
#13602 = EDGE_LOOP('',(#13603));
#13603 = ORIENTED_EDGE('',*,*,#13604,.T.);
#13604 = EDGE_CURVE('',#13605,#13605,#13607,.T.);
#13605 = VERTEX_POINT('',#13606);
#13606 = CARTESIAN_POINT('',(1.375,7.27,1.51));
#13607 = CIRCLE('',#13608,0.5);
#13608 = AXIS2_PLACEMENT_3D('',#13609,#13610,#13611);
#13609 = CARTESIAN_POINT('',(1.375,7.77,1.51));
#13610 = DIRECTION('',(-0.,0.,-1.));
#13611 = DIRECTION('',(-0.,-1.,0.));
#13612 = FACE_BOUND('',#13613,.T.);
#13613 = EDGE_LOOP('',(#13614));
#13614 = ORIENTED_EDGE('',*,*,#13615,.T.);
#13615 = EDGE_CURVE('',#13616,#13616,#13618,.T.);
#13616 = VERTEX_POINT('',#13617);
#13617 = CARTESIAN_POINT('',(9.8,3.525,1.51));
#13618 = CIRCLE('',#13619,0.475);
#13619 = AXIS2_PLACEMENT_3D('',#13620,#13621,#13622);
#13620 = CARTESIAN_POINT('',(9.8,4.,1.51));
#13621 = DIRECTION('',(-0.,0.,-1.));
#13622 = DIRECTION('',(-0.,-1.,0.));
#13623 = FACE_BOUND('',#13624,.T.);
#13624 = EDGE_LOOP('',(#13625));
#13625 = ORIENTED_EDGE('',*,*,#13626,.T.);
#13626 = EDGE_CURVE('',#13627,#13627,#13629,.T.);
#13627 = VERTEX_POINT('',#13628);
#13628 = CARTESIAN_POINT('',(12.3,3.525,1.51));
#13629 = CIRCLE('',#13630,0.475);
#13630 = AXIS2_PLACEMENT_3D('',#13631,#13632,#13633);
#13631 = CARTESIAN_POINT('',(12.3,4.,1.51));
#13632 = DIRECTION('',(-0.,0.,-1.));
#13633 = DIRECTION('',(-0.,-1.,0.));
#13634 = FACE_BOUND('',#13635,.T.);
#13635 = EDGE_LOOP('',(#13636));
#13636 = ORIENTED_EDGE('',*,*,#13637,.T.);
#13637 = EDGE_CURVE('',#13638,#13638,#13640,.T.);
#13638 = VERTEX_POINT('',#13639);
#13639 = CARTESIAN_POINT('',(14.8,3.525,1.51));
#13640 = CIRCLE('',#13641,0.475);
#13641 = AXIS2_PLACEMENT_3D('',#13642,#13643,#13644);
#13642 = CARTESIAN_POINT('',(14.8,4.,1.51));
#13643 = DIRECTION('',(-0.,0.,-1.));
#13644 = DIRECTION('',(-0.,-1.,0.));
#13645 = FACE_BOUND('',#13646,.T.);
#13646 = EDGE_LOOP('',(#13647));
#13647 = ORIENTED_EDGE('',*,*,#13648,.T.);
#13648 = EDGE_CURVE('',#13649,#13649,#13651,.T.);
#13649 = VERTEX_POINT('',#13650);
#13650 = CARTESIAN_POINT('',(17.3,3.525,1.51));
#13651 = CIRCLE('',#13652,0.475);
#13652 = AXIS2_PLACEMENT_3D('',#13653,#13654,#13655);
#13653 = CARTESIAN_POINT('',(17.3,4.,1.51));
#13654 = DIRECTION('',(-0.,0.,-1.));
#13655 = DIRECTION('',(7.479397218527E-15,-1.,-0.));
#13656 = FACE_BOUND('',#13657,.T.);
#13657 = EDGE_LOOP('',(#13658));
#13658 = ORIENTED_EDGE('',*,*,#13659,.T.);
#13659 = EDGE_CURVE('',#13660,#13660,#13662,.T.);
#13660 = VERTEX_POINT('',#13661);
#13661 = CARTESIAN_POINT('',(1.375,9.81,1.51));
#13662 = CIRCLE('',#13663,0.5);
#13663 = AXIS2_PLACEMENT_3D('',#13664,#13665,#13666);
#13664 = CARTESIAN_POINT('',(1.375,10.31,1.51));
#13665 = DIRECTION('',(-0.,0.,-1.));
#13666 = DIRECTION('',(-0.,-1.,0.));
#13667 = FACE_BOUND('',#13668,.T.);
#13668 = EDGE_LOOP('',(#13669));
#13669 = ORIENTED_EDGE('',*,*,#13670,.T.);
#13670 = EDGE_CURVE('',#13671,#13671,#13673,.T.);
#13671 = VERTEX_POINT('',#13672);
#13672 = CARTESIAN_POINT('',(1.375,12.35,1.51));
#13673 = CIRCLE('',#13674,0.5);
#13674 = AXIS2_PLACEMENT_3D('',#13675,#13676,#13677);
#13675 = CARTESIAN_POINT('',(1.375,12.85,1.51));
#13676 = DIRECTION('',(-0.,0.,-1.));
#13677 = DIRECTION('',(-0.,-1.,0.));
#13678 = FACE_BOUND('',#13679,.T.);
#13679 = EDGE_LOOP('',(#13680));
#13680 = ORIENTED_EDGE('',*,*,#13681,.T.);
#13681 = EDGE_CURVE('',#13682,#13682,#13684,.T.);
#13682 = VERTEX_POINT('',#13683);
#13683 = CARTESIAN_POINT('',(1.375,14.89,1.51));
#13684 = CIRCLE('',#13685,0.5);
#13685 = AXIS2_PLACEMENT_3D('',#13686,#13687,#13688);
#13686 = CARTESIAN_POINT('',(1.375,15.39,1.51));
#13687 = DIRECTION('',(-0.,0.,-1.));
#13688 = DIRECTION('',(-0.,-1.,0.));
#13689 = FACE_BOUND('',#13690,.T.);
#13690 = EDGE_LOOP('',(#13691));
#13691 = ORIENTED_EDGE('',*,*,#13692,.T.);
#13692 = EDGE_CURVE('',#13693,#13693,#13695,.T.);
#13693 = VERTEX_POINT('',#13694);
#13694 = CARTESIAN_POINT('',(19.8,3.525,1.51));
#13695 = CIRCLE('',#13696,0.475);
#13696 = AXIS2_PLACEMENT_3D('',#13697,#13698,#13699);
#13697 = CARTESIAN_POINT('',(19.8,4.,1.51));
#13698 = DIRECTION('',(-0.,0.,-1.));
#13699 = DIRECTION('',(7.479397218527E-15,-1.,-0.));
#13700 = FACE_BOUND('',#13701,.T.);
#13701 = EDGE_LOOP('',(#13702));
#13702 = ORIENTED_EDGE('',*,*,#13703,.T.);
#13703 = EDGE_CURVE('',#13704,#13704,#13706,.T.);
#13704 = VERTEX_POINT('',#13705);
#13705 = CARTESIAN_POINT('',(22.3,3.525,1.51));
#13706 = CIRCLE('',#13707,0.475);
#13707 = AXIS2_PLACEMENT_3D('',#13708,#13709,#13710);
#13708 = CARTESIAN_POINT('',(22.3,4.,1.51));
#13709 = DIRECTION('',(-0.,0.,-1.));
#13710 = DIRECTION('',(7.479397218527E-15,-1.,-0.));
#13711 = FACE_BOUND('',#13712,.T.);
#13712 = EDGE_LOOP('',(#13713));
#13713 = ORIENTED_EDGE('',*,*,#13714,.T.);
#13714 = EDGE_CURVE('',#13715,#13715,#13717,.T.);
#13715 = VERTEX_POINT('',#13716);
#13716 = CARTESIAN_POINT('',(24.8,3.525,1.51));
#13717 = CIRCLE('',#13718,0.475);
#13718 = AXIS2_PLACEMENT_3D('',#13719,#13720,#13721);
#13719 = CARTESIAN_POINT('',(24.8,4.,1.51));
#13720 = DIRECTION('',(-0.,0.,-1.));
#13721 = DIRECTION('',(7.479397218527E-15,-1.,-0.));
#13722 = FACE_BOUND('',#13723,.T.);
#13723 = EDGE_LOOP('',(#13724));
#13724 = ORIENTED_EDGE('',*,*,#13725,.T.);
#13725 = EDGE_CURVE('',#13726,#13726,#13728,.T.);
#13726 = VERTEX_POINT('',#13727);
#13727 = CARTESIAN_POINT('',(34.765,4.73,1.51));
#13728 = CIRCLE('',#13729,0.5);
#13729 = AXIS2_PLACEMENT_3D('',#13730,#13731,#13732);
#13730 = CARTESIAN_POINT('',(34.765,5.23,1.51));
#13731 = DIRECTION('',(-0.,0.,-1.));
#13732 = DIRECTION('',(-0.,-1.,0.));
#13733 = FACE_BOUND('',#13734,.T.);
#13734 = EDGE_LOOP('',(#13735));
#13735 = ORIENTED_EDGE('',*,*,#13736,.T.);
#13736 = EDGE_CURVE('',#13737,#13737,#13739,.T.);
#13737 = VERTEX_POINT('',#13738);
#13738 = CARTESIAN_POINT('',(34.765,7.27,1.51));
#13739 = CIRCLE('',#13740,0.5);
#13740 = AXIS2_PLACEMENT_3D('',#13741,#13742,#13743);
#13741 = CARTESIAN_POINT('',(34.765,7.77,1.51));
#13742 = DIRECTION('',(-0.,0.,-1.));
#13743 = DIRECTION('',(-0.,-1.,0.));
#13744 = FACE_BOUND('',#13745,.T.);
#13745 = EDGE_LOOP('',(#13746));
#13746 = ORIENTED_EDGE('',*,*,#13747,.T.);
#13747 = EDGE_CURVE('',#13748,#13748,#13750,.T.);
#13748 = VERTEX_POINT('',#13749);
#13749 = CARTESIAN_POINT('',(34.765,9.81,1.51));
#13750 = CIRCLE('',#13751,0.5);
#13751 = AXIS2_PLACEMENT_3D('',#13752,#13753,#13754);
#13752 = CARTESIAN_POINT('',(34.765,10.31,1.51));
#13753 = DIRECTION('',(-0.,0.,-1.));
#13754 = DIRECTION('',(-0.,-1.,0.));
#13755 = FACE_BOUND('',#13756,.T.);
#13756 = EDGE_LOOP('',(#13757));
#13757 = ORIENTED_EDGE('',*,*,#13758,.T.);
#13758 = EDGE_CURVE('',#13759,#13759,#13761,.T.);
#13759 = VERTEX_POINT('',#13760);
#13760 = CARTESIAN_POINT('',(34.765,12.35,1.51));
#13761 = CIRCLE('',#13762,0.5);
#13762 = AXIS2_PLACEMENT_3D('',#13763,#13764,#13765);
#13763 = CARTESIAN_POINT('',(34.765,12.85,1.51));
#13764 = DIRECTION('',(-0.,0.,-1.));
#13765 = DIRECTION('',(-0.,-1.,0.));
#13766 = FACE_BOUND('',#13767,.T.);
#13767 = EDGE_LOOP('',(#13768));
#13768 = ORIENTED_EDGE('',*,*,#13769,.T.);
#13769 = EDGE_CURVE('',#13770,#13770,#13772,.T.);
#13770 = VERTEX_POINT('',#13771);
#13771 = CARTESIAN_POINT('',(34.765,14.89,1.51));
#13772 = CIRCLE('',#13773,0.5);
#13773 = AXIS2_PLACEMENT_3D('',#13774,#13775,#13776);
#13774 = CARTESIAN_POINT('',(34.765,15.39,1.51));
#13775 = DIRECTION('',(-0.,0.,-1.));
#13776 = DIRECTION('',(-0.,-1.,0.));
#13777 = FACE_BOUND('',#13778,.T.);
#13778 = EDGE_LOOP('',(#13779));
#13779 = ORIENTED_EDGE('',*,*,#13780,.T.);
#13780 = EDGE_CURVE('',#13781,#13781,#13783,.T.);
#13781 = VERTEX_POINT('',#13782);
#13782 = CARTESIAN_POINT('',(1.375,17.43,1.51));
#13783 = CIRCLE('',#13784,0.5);
#13784 = AXIS2_PLACEMENT_3D('',#13785,#13786,#13787);
#13785 = CARTESIAN_POINT('',(1.375,17.93,1.51));
#13786 = DIRECTION('',(-0.,0.,-1.));
#13787 = DIRECTION('',(-0.,-1.,0.));
#13788 = FACE_BOUND('',#13789,.T.);
#13789 = EDGE_LOOP('',(#13790));
#13790 = ORIENTED_EDGE('',*,*,#13791,.T.);
#13791 = EDGE_CURVE('',#13792,#13792,#13794,.T.);
#13792 = VERTEX_POINT('',#13793);
#13793 = CARTESIAN_POINT('',(1.375,19.97,1.51));
#13794 = CIRCLE('',#13795,0.5);
#13795 = AXIS2_PLACEMENT_3D('',#13796,#13797,#13798);
#13796 = CARTESIAN_POINT('',(1.375,20.47,1.51));
#13797 = DIRECTION('',(-0.,0.,-1.));
#13798 = DIRECTION('',(-0.,-1.,0.));
#13799 = FACE_BOUND('',#13800,.T.);
#13800 = EDGE_LOOP('',(#13801));
#13801 = ORIENTED_EDGE('',*,*,#13802,.T.);
#13802 = EDGE_CURVE('',#13803,#13803,#13805,.T.);
#13803 = VERTEX_POINT('',#13804);
#13804 = CARTESIAN_POINT('',(1.375,22.51,1.51));
#13805 = CIRCLE('',#13806,0.5);
#13806 = AXIS2_PLACEMENT_3D('',#13807,#13808,#13809);
#13807 = CARTESIAN_POINT('',(1.375,23.01,1.51));
#13808 = DIRECTION('',(-0.,0.,-1.));
#13809 = DIRECTION('',(-0.,-1.,0.));
#13810 = FACE_BOUND('',#13811,.T.);
#13811 = EDGE_LOOP('',(#13812));
#13812 = ORIENTED_EDGE('',*,*,#13813,.T.);
#13813 = EDGE_CURVE('',#13814,#13814,#13816,.T.);
#13814 = VERTEX_POINT('',#13815);
#13815 = CARTESIAN_POINT('',(1.375,25.05,1.51));
#13816 = CIRCLE('',#13817,0.5);
#13817 = AXIS2_PLACEMENT_3D('',#13818,#13819,#13820);
#13818 = CARTESIAN_POINT('',(1.375,25.55,1.51));
#13819 = DIRECTION('',(-0.,0.,-1.));
#13820 = DIRECTION('',(-0.,-1.,0.));
#13821 = FACE_BOUND('',#13822,.T.);
#13822 = EDGE_LOOP('',(#13823));
#13823 = ORIENTED_EDGE('',*,*,#13824,.T.);
#13824 = EDGE_CURVE('',#13825,#13825,#13827,.T.);
#13825 = VERTEX_POINT('',#13826);
#13826 = CARTESIAN_POINT('',(1.375,27.59,1.51));
#13827 = CIRCLE('',#13828,0.5);
#13828 = AXIS2_PLACEMENT_3D('',#13829,#13830,#13831);
#13829 = CARTESIAN_POINT('',(1.375,28.09,1.51));
#13830 = DIRECTION('',(-0.,0.,-1.));
#13831 = DIRECTION('',(-0.,-1.,0.));
#13832 = FACE_BOUND('',#13833,.T.);
#13833 = EDGE_LOOP('',(#13834));
#13834 = ORIENTED_EDGE('',*,*,#13835,.T.);
#13835 = EDGE_CURVE('',#13836,#13836,#13838,.T.);
#13836 = VERTEX_POINT('',#13837);
#13837 = CARTESIAN_POINT('',(34.765,17.43,1.51));
#13838 = CIRCLE('',#13839,0.5);
#13839 = AXIS2_PLACEMENT_3D('',#13840,#13841,#13842);
#13840 = CARTESIAN_POINT('',(34.765,17.93,1.51));
#13841 = DIRECTION('',(-0.,0.,-1.));
#13842 = DIRECTION('',(-0.,-1.,0.));
#13843 = FACE_BOUND('',#13844,.T.);
#13844 = EDGE_LOOP('',(#13845));
#13845 = ORIENTED_EDGE('',*,*,#13846,.T.);
#13846 = EDGE_CURVE('',#13847,#13847,#13849,.T.);
#13847 = VERTEX_POINT('',#13848);
#13848 = CARTESIAN_POINT('',(34.765,19.97,1.51));
#13849 = CIRCLE('',#13850,0.5);
#13850 = AXIS2_PLACEMENT_3D('',#13851,#13852,#13853);
#13851 = CARTESIAN_POINT('',(34.765,20.47,1.51));
#13852 = DIRECTION('',(-0.,0.,-1.));
#13853 = DIRECTION('',(-0.,-1.,0.));
#13854 = FACE_BOUND('',#13855,.T.);
#13855 = EDGE_LOOP('',(#13856));
#13856 = ORIENTED_EDGE('',*,*,#13857,.T.);
#13857 = EDGE_CURVE('',#13858,#13858,#13860,.T.);
#13858 = VERTEX_POINT('',#13859);
#13859 = CARTESIAN_POINT('',(34.765,22.51,1.51));
#13860 = CIRCLE('',#13861,0.5);
#13861 = AXIS2_PLACEMENT_3D('',#13862,#13863,#13864);
#13862 = CARTESIAN_POINT('',(34.765,23.01,1.51));
#13863 = DIRECTION('',(-0.,0.,-1.));
#13864 = DIRECTION('',(-0.,-1.,0.));
#13865 = FACE_BOUND('',#13866,.T.);
#13866 = EDGE_LOOP('',(#13867));
#13867 = ORIENTED_EDGE('',*,*,#13868,.T.);
#13868 = EDGE_CURVE('',#13869,#13869,#13871,.T.);
#13869 = VERTEX_POINT('',#13870);
#13870 = CARTESIAN_POINT('',(34.765,25.05,1.51));
#13871 = CIRCLE('',#13872,0.5);
#13872 = AXIS2_PLACEMENT_3D('',#13873,#13874,#13875);
#13873 = CARTESIAN_POINT('',(34.765,25.55,1.51));
#13874 = DIRECTION('',(-0.,0.,-1.));
#13875 = DIRECTION('',(-0.,-1.,0.));
#13876 = FACE_BOUND('',#13877,.T.);
#13877 = EDGE_LOOP('',(#13878));
#13878 = ORIENTED_EDGE('',*,*,#13879,.T.);
#13879 = EDGE_CURVE('',#13880,#13880,#13882,.T.);
#13880 = VERTEX_POINT('',#13881);
#13881 = CARTESIAN_POINT('',(34.765,27.59,1.51));
#13882 = CIRCLE('',#13883,0.5);
#13883 = AXIS2_PLACEMENT_3D('',#13884,#13885,#13886);
#13884 = CARTESIAN_POINT('',(34.765,28.09,1.51));
#13885 = DIRECTION('',(-0.,0.,-1.));
#13886 = DIRECTION('',(-0.,-1.,0.));
#13887 = PLANE('',#13888);
#13888 = AXIS2_PLACEMENT_3D('',#13889,#13890,#13891);
#13889 = CARTESIAN_POINT('',(0.,0.,1.51));
#13890 = DIRECTION('',(0.,0.,1.));
#13891 = DIRECTION('',(1.,0.,-0.));
#13892 = ADVANCED_FACE('',(#13893),#13904,.T.);
#13893 = FACE_BOUND('',#13894,.T.);
#13894 = EDGE_LOOP('',(#13895,#13901,#13902,#13903));
#13895 = ORIENTED_EDGE('',*,*,#13896,.T.);
#13896 = EDGE_CURVE('',#12779,#13339,#13897,.T.);
#13897 = LINE('',#13898,#13899);
#13898 = CARTESIAN_POINT('',(-0.778133,38.250708,0.));
#13899 = VECTOR('',#13900,1.);
#13900 = DIRECTION('',(0.,0.,1.));
#13901 = ORIENTED_EDGE('',*,*,#13338,.T.);
#13902 = ORIENTED_EDGE('',*,*,#12712,.F.);
#13903 = ORIENTED_EDGE('',*,*,#12778,.F.);
#13904 = CYLINDRICAL_SURFACE('',#13905,0.200061945547);
#13905 = AXIS2_PLACEMENT_3D('',#13906,#13907,#13908);
#13906 = CARTESIAN_POINT('',(-0.580460960282,38.219877061483,0.));
#13907 = DIRECTION('',(0.,0.,-1.));
#13908 = DIRECTION('',(-0.988054170809,0.154106961382,0.));
#13909 = ADVANCED_FACE('',(#13910),#13921,.T.);
#13910 = FACE_BOUND('',#13911,.T.);
#13911 = EDGE_LOOP('',(#13912,#13913,#13914,#13920));
#13912 = ORIENTED_EDGE('',*,*,#12753,.T.);
#13913 = ORIENTED_EDGE('',*,*,#13583,.T.);
#13914 = ORIENTED_EDGE('',*,*,#13915,.F.);
#13915 = EDGE_CURVE('',#13016,#13576,#13916,.T.);
#13916 = LINE('',#13917,#13918);
#13917 = CARTESIAN_POINT('',(19.419486,38.419939,0.));
#13918 = VECTOR('',#13919,1.);
#13919 = DIRECTION('',(0.,0.,1.));
#13920 = ORIENTED_EDGE('',*,*,#13023,.F.);
#13921 = CYLINDRICAL_SURFACE('',#13922,0.200061945547);
#13922 = AXIS2_PLACEMENT_3D('',#13923,#13924,#13925);
#13923 = CARTESIAN_POINT('',(19.419539039718,38.219877061483,0.));
#13924 = DIRECTION('',(0.,0.,-1.));
#13925 = DIRECTION('',(-0.988054170809,0.154106961382,0.));
#13926 = ADVANCED_FACE('',(#13927),#13938,.F.);
#13927 = FACE_BOUND('',#13928,.T.);
#13928 = EDGE_LOOP('',(#13929,#13935,#13936,#13937));
#13929 = ORIENTED_EDGE('',*,*,#13930,.T.);
#13930 = EDGE_CURVE('',#12788,#13348,#13931,.T.);
#13931 = LINE('',#13932,#13933);
#13932 = CARTESIAN_POINT('',(-1.695807,37.333035,0.));
#13933 = VECTOR('',#13934,1.);
#13934 = DIRECTION('',(0.,0.,1.));
#13935 = ORIENTED_EDGE('',*,*,#13347,.T.);
#13936 = ORIENTED_EDGE('',*,*,#13896,.F.);
#13937 = ORIENTED_EDGE('',*,*,#12787,.F.);
#13938 = CYLINDRICAL_SURFACE('',#13939,1.099950581004);
#13939 = AXIS2_PLACEMENT_3D('',#13940,#13941,#13942);
#13940 = CARTESIAN_POINT('',(-1.864993922615,38.419896106981,0.));
#13941 = DIRECTION('',(-0.,-0.,-1.));
#13942 = DIRECTION('',(0.153813203554,-0.988099943534,0.));
#13943 = ADVANCED_FACE('',(#13944),#13955,.T.);
#13944 = FACE_BOUND('',#13945,.T.);
#13945 = EDGE_LOOP('',(#13946,#13947,#13948,#13954));
#13946 = ORIENTED_EDGE('',*,*,#13915,.T.);
#13947 = ORIENTED_EDGE('',*,*,#13575,.T.);
#13948 = ORIENTED_EDGE('',*,*,#13949,.F.);
#13949 = EDGE_CURVE('',#13007,#13567,#13950,.T.);
#13950 = LINE('',#13951,#13952);
#13951 = CARTESIAN_POINT('',(36.850439,38.419939,0.));
#13952 = VECTOR('',#13953,1.);
#13953 = DIRECTION('',(0.,0.,1.));
#13954 = ORIENTED_EDGE('',*,*,#13015,.F.);
#13955 = PLANE('',#13956);
#13956 = AXIS2_PLACEMENT_3D('',#13957,#13958,#13959);
#13957 = CARTESIAN_POINT('',(19.419486,38.419939,0.));
#13958 = DIRECTION('',(0.,1.,0.));
#13959 = DIRECTION('',(1.,0.,0.));
#13960 = ADVANCED_FACE('',(#13961),#13972,.T.);
#13961 = FACE_BOUND('',#13962,.T.);
#13962 = EDGE_LOOP('',(#13963,#13969,#13970,#13971));
#13963 = ORIENTED_EDGE('',*,*,#13964,.T.);
#13964 = EDGE_CURVE('',#12797,#13357,#13965,.T.);
#13965 = LINE('',#13966,#13967);
#13966 = CARTESIAN_POINT('',(-1.865038,37.135416,0.));
#13967 = VECTOR('',#13968,1.);
#13968 = DIRECTION('',(0.,0.,1.));
#13969 = ORIENTED_EDGE('',*,*,#13356,.T.);
#13970 = ORIENTED_EDGE('',*,*,#13930,.F.);
#13971 = ORIENTED_EDGE('',*,*,#12796,.F.);
#13972 = CYLINDRICAL_SURFACE('',#13973,0.199873931385);
#13973 = AXIS2_PLACEMENT_3D('',#13974,#13975,#13976);
#13974 = CARTESIAN_POINT('',(-1.665164097786,37.13552398514,0.));
#13975 = DIRECTION('',(0.,0.,-1.));
#13976 = DIRECTION('',(-0.999999854056,-5.402662527616E-04,-0.));
#13977 = ADVANCED_FACE('',(#13978),#13989,.T.);
#13978 = FACE_BOUND('',#13979,.T.);
#13979 = EDGE_LOOP('',(#13980,#13981,#13982,#13988));
#13980 = ORIENTED_EDGE('',*,*,#13949,.T.);
#13981 = ORIENTED_EDGE('',*,*,#13566,.T.);
#13982 = ORIENTED_EDGE('',*,*,#13983,.F.);
#13983 = EDGE_CURVE('',#12998,#13558,#13984,.T.);
#13984 = LINE('',#13985,#13986);
#13985 = CARTESIAN_POINT('',(37.048058,38.250708,0.));
#13986 = VECTOR('',#13987,1.);
#13987 = DIRECTION('',(0.,0.,1.));
#13988 = ORIENTED_EDGE('',*,*,#13006,.F.);
#13989 = CYLINDRICAL_SURFACE('',#13990,0.200048571984);
#13990 = AXIS2_PLACEMENT_3D('',#13991,#13992,#13993);
#13991 = CARTESIAN_POINT('',(36.850397410412,38.219890432339,0.));
#13992 = DIRECTION('',(0.,0.,-1.));
#13993 = DIRECTION('',(2.078974521778E-04,0.999999978389,0.));
#13994 = ADVANCED_FACE('',(#13995),#14006,.T.);
#13995 = FACE_BOUND('',#13996,.T.);
#13996 = EDGE_LOOP('',(#13997,#14003,#14004,#14005));
#13997 = ORIENTED_EDGE('',*,*,#13998,.T.);
#13998 = EDGE_CURVE('',#12806,#13366,#13999,.T.);
#13999 = LINE('',#14000,#14001);
#14000 = CARTESIAN_POINT('',(-1.865038,19.704462,0.));
#14001 = VECTOR('',#14002,1.);
#14002 = DIRECTION('',(0.,0.,1.));
#14003 = ORIENTED_EDGE('',*,*,#13365,.T.);
#14004 = ORIENTED_EDGE('',*,*,#13964,.F.);
#14005 = ORIENTED_EDGE('',*,*,#12805,.F.);
#14006 = PLANE('',#14007);
#14007 = AXIS2_PLACEMENT_3D('',#14008,#14009,#14010);
#14008 = CARTESIAN_POINT('',(-1.865038,19.704462,0.));
#14009 = DIRECTION('',(-1.,0.,0.));
#14010 = DIRECTION('',(0.,1.,0.));
#14011 = ADVANCED_FACE('',(#14012),#14023,.F.);
#14012 = FACE_BOUND('',#14013,.T.);
#14013 = EDGE_LOOP('',(#14014,#14015,#14016,#14022));
#14014 = ORIENTED_EDGE('',*,*,#13983,.T.);
#14015 = ORIENTED_EDGE('',*,*,#13557,.T.);
#14016 = ORIENTED_EDGE('',*,*,#14017,.F.);
#14017 = EDGE_CURVE('',#12989,#13549,#14018,.T.);
#14018 = LINE('',#14019,#14020);
#14019 = CARTESIAN_POINT('',(37.965731,37.333035,0.));
#14020 = VECTOR('',#14021,1.);
#14021 = DIRECTION('',(0.,0.,1.));
#14022 = ORIENTED_EDGE('',*,*,#12997,.F.);
#14023 = CYLINDRICAL_SURFACE('',#14024,1.10013190627);
#14024 = AXIS2_PLACEMENT_3D('',#14025,#14026,#14027);
#14025 = CARTESIAN_POINT('',(38.135077731123,38.420054731123,0.));
#14026 = DIRECTION('',(-0.,-0.,-1.));
#14027 = DIRECTION('',(-0.988081270008,-0.153933114891,0.));
#14028 = ADVANCED_FACE('',(#14029),#14040,.T.);
#14029 = FACE_BOUND('',#14030,.T.);
#14030 = EDGE_LOOP('',(#14031,#14037,#14038,#14039));
#14031 = ORIENTED_EDGE('',*,*,#14032,.T.);
#14032 = EDGE_CURVE('',#12814,#13374,#14033,.T.);
#14033 = LINE('',#14034,#14035);
#14034 = CARTESIAN_POINT('',(-1.695807,19.506843,0.));
#14035 = VECTOR('',#14036,1.);
#14036 = DIRECTION('',(0.,0.,1.));
#14037 = ORIENTED_EDGE('',*,*,#13373,.T.);
#14038 = ORIENTED_EDGE('',*,*,#13998,.F.);
#14039 = ORIENTED_EDGE('',*,*,#12813,.F.);
#14040 = CYLINDRICAL_SURFACE('',#14041,0.200115812347);
#14041 = AXIS2_PLACEMENT_3D('',#14042,#14043,#14044);
#14042 = CARTESIAN_POINT('',(-1.664922212218,19.704561153529,0.));
#14043 = DIRECTION('',(0.,0.,-1.));
#14044 = DIRECTION('',(-0.154334569669,-0.988018643855,-0.));
#14045 = ADVANCED_FACE('',(#14046),#14057,.T.);
#14046 = FACE_BOUND('',#14047,.T.);
#14047 = EDGE_LOOP('',(#14048,#14049,#14050,#14056));
#14048 = ORIENTED_EDGE('',*,*,#14017,.T.);
#14049 = ORIENTED_EDGE('',*,*,#13548,.T.);
#14050 = ORIENTED_EDGE('',*,*,#14051,.F.);
#14051 = EDGE_CURVE('',#12981,#13541,#14052,.T.);
#14052 = LINE('',#14053,#14054);
#14053 = CARTESIAN_POINT('',(38.134962,37.135416,0.));
#14054 = VECTOR('',#14055,1.);
#14055 = DIRECTION('',(0.,0.,1.));
#14056 = ORIENTED_EDGE('',*,*,#12988,.F.);
#14057 = CYLINDRICAL_SURFACE('',#14058,0.200270796145);
#14058 = AXIS2_PLACEMENT_3D('',#14059,#14060,#14061);
#14059 = CARTESIAN_POINT('',(37.934691337978,37.13518421994,0.));
#14060 = DIRECTION('',(0.,0.,-1.));
#14061 = DIRECTION('',(0.154988458723,0.987916280695,0.));
#14062 = ADVANCED_FACE('',(#14063),#14074,.F.);
#14063 = FACE_BOUND('',#14064,.T.);
#14064 = EDGE_LOOP('',(#14065,#14071,#14072,#14073));
#14065 = ORIENTED_EDGE('',*,*,#14066,.T.);
#14066 = EDGE_CURVE('',#12823,#13383,#14067,.T.);
#14067 = LINE('',#14068,#14069);
#14068 = CARTESIAN_POINT('',(-1.695807,17.333035,0.));
#14069 = VECTOR('',#14070,1.);
#14070 = DIRECTION('',(0.,0.,1.));
#14071 = ORIENTED_EDGE('',*,*,#13382,.T.);
#14072 = ORIENTED_EDGE('',*,*,#14032,.F.);
#14073 = ORIENTED_EDGE('',*,*,#12822,.F.);
#14074 = CYLINDRICAL_SURFACE('',#14075,1.099986973653);
#14075 = AXIS2_PLACEMENT_3D('',#14076,#14077,#14078);
#14076 = CARTESIAN_POINT('',(-1.864954973653,18.419939,0.));
#14077 = DIRECTION('',(-0.,0.,-1.));
#14078 = DIRECTION('',(0.153772706136,-0.98810624674,-0.));
#14079 = ADVANCED_FACE('',(#14080),#14091,.T.);
#14080 = FACE_BOUND('',#14081,.T.);
#14081 = EDGE_LOOP('',(#14082,#14083,#14084,#14090));
#14082 = ORIENTED_EDGE('',*,*,#14051,.T.);
#14083 = ORIENTED_EDGE('',*,*,#13540,.T.);
#14084 = ORIENTED_EDGE('',*,*,#14085,.F.);
#14085 = EDGE_CURVE('',#12972,#13532,#14086,.T.);
#14086 = LINE('',#14087,#14088);
#14087 = CARTESIAN_POINT('',(38.134962,19.704462,0.));
#14088 = VECTOR('',#14089,1.);
#14089 = DIRECTION('',(0.,0.,1.));
#14090 = ORIENTED_EDGE('',*,*,#12980,.F.);
#14091 = PLANE('',#14092);
#14092 = AXIS2_PLACEMENT_3D('',#14093,#14094,#14095);
#14093 = CARTESIAN_POINT('',(38.134962,37.135416,0.));
#14094 = DIRECTION('',(1.,0.,-0.));
#14095 = DIRECTION('',(0.,-1.,0.));
#14096 = ADVANCED_FACE('',(#14097),#14108,.T.);
#14097 = FACE_BOUND('',#14098,.T.);
#14098 = EDGE_LOOP('',(#14099,#14105,#14106,#14107));
#14099 = ORIENTED_EDGE('',*,*,#14100,.T.);
#14100 = EDGE_CURVE('',#12832,#13392,#14101,.T.);
#14101 = LINE('',#14102,#14103);
#14102 = CARTESIAN_POINT('',(-1.865038,17.135416,0.));
#14103 = VECTOR('',#14104,1.);
#14104 = DIRECTION('',(0.,0.,1.));
#14105 = ORIENTED_EDGE('',*,*,#13391,.T.);
#14106 = ORIENTED_EDGE('',*,*,#14066,.F.);
#14107 = ORIENTED_EDGE('',*,*,#12831,.F.);
#14108 = CYLINDRICAL_SURFACE('',#14109,0.199873931385);
#14109 = AXIS2_PLACEMENT_3D('',#14110,#14111,#14112);
#14110 = CARTESIAN_POINT('',(-1.665164097786,17.13552398514,0.));
#14111 = DIRECTION('',(0.,0.,-1.));
#14112 = DIRECTION('',(-0.999999854056,-5.402662527438E-04,-0.));
#14113 = ADVANCED_FACE('',(#14114),#14125,.T.);
#14114 = FACE_BOUND('',#14115,.T.);
#14115 = EDGE_LOOP('',(#14116,#14117,#14118,#14124));
#14116 = ORIENTED_EDGE('',*,*,#14085,.T.);
#14117 = ORIENTED_EDGE('',*,*,#13531,.T.);
#14118 = ORIENTED_EDGE('',*,*,#14119,.F.);
#14119 = EDGE_CURVE('',#12963,#13523,#14120,.T.);
#14120 = LINE('',#14121,#14122);
#14121 = CARTESIAN_POINT('',(37.965731,19.506843,0.));
#14122 = VECTOR('',#14123,1.);
#14123 = DIRECTION('',(0.,0.,1.));
#14124 = ORIENTED_EDGE('',*,*,#12971,.F.);
#14125 = CYLINDRICAL_SURFACE('',#14126,0.199903005852);
#14126 = AXIS2_PLACEMENT_3D('',#14127,#14128,#14129);
#14127 = CARTESIAN_POINT('',(37.935059011411,19.704378922972,0.));
#14128 = DIRECTION('',(0.,0.,-1.));
#14129 = DIRECTION('',(0.999999913644,4.155866856692E-04,0.));
#14130 = ADVANCED_FACE('',(#14131),#14142,.T.);
#14131 = FACE_BOUND('',#14132,.T.);
#14132 = EDGE_LOOP('',(#14133,#14139,#14140,#14141));
#14133 = ORIENTED_EDGE('',*,*,#14134,.T.);
#14134 = EDGE_CURVE('',#12841,#13401,#14135,.T.);
#14135 = LINE('',#14136,#14137);
#14136 = CARTESIAN_POINT('',(-1.865038,-0.295538,0.));
#14137 = VECTOR('',#14138,1.);
#14138 = DIRECTION('',(0.,0.,1.));
#14139 = ORIENTED_EDGE('',*,*,#13400,.T.);
#14140 = ORIENTED_EDGE('',*,*,#14100,.F.);
#14141 = ORIENTED_EDGE('',*,*,#12840,.F.);
#14142 = PLANE('',#14143);
#14143 = AXIS2_PLACEMENT_3D('',#14144,#14145,#14146);
#14144 = CARTESIAN_POINT('',(-1.865038,-0.295538,0.));
#14145 = DIRECTION('',(-1.,0.,0.));
#14146 = DIRECTION('',(0.,1.,0.));
#14147 = ADVANCED_FACE('',(#14148),#14159,.F.);
#14148 = FACE_BOUND('',#14149,.T.);
#14149 = EDGE_LOOP('',(#14150,#14151,#14152,#14158));
#14150 = ORIENTED_EDGE('',*,*,#14119,.T.);
#14151 = ORIENTED_EDGE('',*,*,#13522,.T.);
#14152 = ORIENTED_EDGE('',*,*,#14153,.F.);
#14153 = EDGE_CURVE('',#12954,#13514,#14154,.T.);
#14154 = LINE('',#14155,#14156);
#14155 = CARTESIAN_POINT('',(37.965731,17.333035,0.));
#14156 = VECTOR('',#14157,1.);
#14157 = DIRECTION('',(0.,0.,1.));
#14158 = ORIENTED_EDGE('',*,*,#12962,.F.);
#14159 = CYLINDRICAL_SURFACE('',#14160,1.100012610116);
#14160 = AXIS2_PLACEMENT_3D('',#14161,#14162,#14163);
#14161 = CARTESIAN_POINT('',(38.135045610116,18.419939,0.));
#14162 = DIRECTION('',(-0.,-0.,-1.));
#14163 = DIRECTION('',(-0.153920608327,0.988083218323,0.));
#14164 = ADVANCED_FACE('',(#14165),#14176,.T.);
#14165 = FACE_BOUND('',#14166,.T.);
#14166 = EDGE_LOOP('',(#14167,#14173,#14174,#14175));
#14167 = ORIENTED_EDGE('',*,*,#14168,.T.);
#14168 = EDGE_CURVE('',#12849,#13409,#14169,.T.);
#14169 = LINE('',#14170,#14171);
#14170 = CARTESIAN_POINT('',(-1.695807,-0.493157,0.));
#14171 = VECTOR('',#14172,1.);
#14172 = DIRECTION('',(0.,0.,1.));
#14173 = ORIENTED_EDGE('',*,*,#13408,.T.);
#14174 = ORIENTED_EDGE('',*,*,#14134,.F.);
#14175 = ORIENTED_EDGE('',*,*,#12848,.F.);
#14176 = CYLINDRICAL_SURFACE('',#14177,0.200115812347);
#14177 = AXIS2_PLACEMENT_3D('',#14178,#14179,#14180);
#14178 = CARTESIAN_POINT('',(-1.664922212218,-0.295438846471,0.));
#14179 = DIRECTION('',(0.,0.,-1.));
#14180 = DIRECTION('',(-0.154334569669,-0.988018643855,-0.));
#14181 = ADVANCED_FACE('',(#14182),#14193,.T.);
#14182 = FACE_BOUND('',#14183,.T.);
#14183 = EDGE_LOOP('',(#14184,#14185,#14186,#14192));
#14184 = ORIENTED_EDGE('',*,*,#14153,.T.);
#14185 = ORIENTED_EDGE('',*,*,#13513,.T.);
#14186 = ORIENTED_EDGE('',*,*,#14187,.F.);
#14187 = EDGE_CURVE('',#12946,#13506,#14188,.T.);
#14188 = LINE('',#14189,#14190);
#14189 = CARTESIAN_POINT('',(38.134962,17.135416,0.));
#14190 = VECTOR('',#14191,1.);
#14191 = DIRECTION('',(0.,0.,1.));
#14192 = ORIENTED_EDGE('',*,*,#12953,.F.);
#14193 = CYLINDRICAL_SURFACE('',#14194,0.200270796145);
#14194 = AXIS2_PLACEMENT_3D('',#14195,#14196,#14197);
#14195 = CARTESIAN_POINT('',(37.934691337978,17.13518421994,0.));
#14196 = DIRECTION('',(0.,0.,-1.));
#14197 = DIRECTION('',(0.154988458723,0.987916280695,0.));
#14198 = ADVANCED_FACE('',(#14199),#14210,.F.);
#14199 = FACE_BOUND('',#14200,.T.);
#14200 = EDGE_LOOP('',(#14201,#14207,#14208,#14209));
#14201 = ORIENTED_EDGE('',*,*,#14202,.T.);
#14202 = EDGE_CURVE('',#12858,#13418,#14203,.T.);
#14203 = LINE('',#14204,#14205);
#14204 = CARTESIAN_POINT('',(-0.778133,-1.41083,0.));
#14205 = VECTOR('',#14206,1.);
#14206 = DIRECTION('',(0.,0.,1.));
#14207 = ORIENTED_EDGE('',*,*,#13417,.T.);
#14208 = ORIENTED_EDGE('',*,*,#14168,.F.);
#14209 = ORIENTED_EDGE('',*,*,#12857,.F.);
#14210 = CYLINDRICAL_SURFACE('',#14211,1.099751954706);
#14211 = AXIS2_PLACEMENT_3D('',#14212,#14213,#14214);
#14212 = CARTESIAN_POINT('',(-1.864819972708,-1.579844156884,0.));
#14213 = DIRECTION('',(-0.,-0.,-1.));
#14214 = DIRECTION('',(0.988120064763,0.15368388859,-0.));
#14215 = ADVANCED_FACE('',(#14216),#14227,.T.);
#14216 = FACE_BOUND('',#14217,.T.);
#14217 = EDGE_LOOP('',(#14218,#14219,#14220,#14226));
#14218 = ORIENTED_EDGE('',*,*,#14187,.T.);
#14219 = ORIENTED_EDGE('',*,*,#13505,.T.);
#14220 = ORIENTED_EDGE('',*,*,#14221,.F.);
#14221 = EDGE_CURVE('',#12937,#13497,#14222,.T.);
#14222 = LINE('',#14223,#14224);
#14223 = CARTESIAN_POINT('',(38.134962,-0.295538,0.));
#14224 = VECTOR('',#14225,1.);
#14225 = DIRECTION('',(0.,0.,1.));
#14226 = ORIENTED_EDGE('',*,*,#12945,.F.);
#14227 = PLANE('',#14228);
#14228 = AXIS2_PLACEMENT_3D('',#14229,#14230,#14231);
#14229 = CARTESIAN_POINT('',(38.134962,17.135416,0.));
#14230 = DIRECTION('',(1.,0.,-0.));
#14231 = DIRECTION('',(0.,-1.,0.));
#14232 = ADVANCED_FACE('',(#14233),#14244,.T.);
#14233 = FACE_BOUND('',#14234,.T.);
#14234 = EDGE_LOOP('',(#14235,#14241,#14242,#14243));
#14235 = ORIENTED_EDGE('',*,*,#14236,.T.);
#14236 = EDGE_CURVE('',#12867,#13427,#14237,.T.);
#14237 = LINE('',#14238,#14239);
#14238 = CARTESIAN_POINT('',(-0.580514,-1.580061,0.));
#14239 = VECTOR('',#14240,1.);
#14240 = DIRECTION('',(0.,0.,1.));
#14241 = ORIENTED_EDGE('',*,*,#13426,.T.);
#14242 = ORIENTED_EDGE('',*,*,#14202,.F.);
#14243 = ORIENTED_EDGE('',*,*,#12866,.F.);
#14244 = CYLINDRICAL_SURFACE('',#14245,0.199979001801);
#14245 = AXIS2_PLACEMENT_3D('',#14246,#14247,#14248);
#14246 = CARTESIAN_POINT('',(-0.580531983818,-1.380081999008,0.));
#14247 = DIRECTION('',(0.,0.,-1.));
#14248 = DIRECTION('',(8.992852948362E-05,-0.999999995956,0.));
#14249 = ADVANCED_FACE('',(#14250),#14261,.T.);
#14250 = FACE_BOUND('',#14251,.T.);
#14251 = EDGE_LOOP('',(#14252,#14253,#14254,#14260));
#14252 = ORIENTED_EDGE('',*,*,#14221,.T.);
#14253 = ORIENTED_EDGE('',*,*,#13496,.T.);
#14254 = ORIENTED_EDGE('',*,*,#14255,.F.);
#14255 = EDGE_CURVE('',#12928,#13488,#14256,.T.);
#14256 = LINE('',#14257,#14258);
#14257 = CARTESIAN_POINT('',(37.965731,-0.493157,0.));
#14258 = VECTOR('',#14259,1.);
#14259 = DIRECTION('',(0.,0.,1.));
#14260 = ORIENTED_EDGE('',*,*,#12936,.F.);
#14261 = CYLINDRICAL_SURFACE('',#14262,0.199903005852);
#14262 = AXIS2_PLACEMENT_3D('',#14263,#14264,#14265);
#14263 = CARTESIAN_POINT('',(37.935059011411,-0.295621077028,0.));
#14264 = DIRECTION('',(0.,0.,-1.));
#14265 = DIRECTION('',(0.999999913644,4.155866856411E-04,0.));
#14266 = ADVANCED_FACE('',(#14267),#14278,.T.);
#14267 = FACE_BOUND('',#14268,.T.);
#14268 = EDGE_LOOP('',(#14269,#14275,#14276,#14277));
#14269 = ORIENTED_EDGE('',*,*,#14270,.T.);
#14270 = EDGE_CURVE('',#12876,#13436,#14271,.T.);
#14271 = LINE('',#14272,#14273);
#14272 = CARTESIAN_POINT('',(16.850439,-1.580061,0.));
#14273 = VECTOR('',#14274,1.);
#14274 = DIRECTION('',(0.,0.,1.));
#14275 = ORIENTED_EDGE('',*,*,#13435,.T.);
#14276 = ORIENTED_EDGE('',*,*,#14236,.F.);
#14277 = ORIENTED_EDGE('',*,*,#12875,.F.);
#14278 = PLANE('',#14279);
#14279 = AXIS2_PLACEMENT_3D('',#14280,#14281,#14282);
#14280 = CARTESIAN_POINT('',(16.850439,-1.580061,0.));
#14281 = DIRECTION('',(0.,-1.,0.));
#14282 = DIRECTION('',(-1.,0.,0.));
#14283 = ADVANCED_FACE('',(#14284),#14295,.F.);
#14284 = FACE_BOUND('',#14285,.T.);
#14285 = EDGE_LOOP('',(#14286,#14287,#14288,#14294));
#14286 = ORIENTED_EDGE('',*,*,#14255,.T.);
#14287 = ORIENTED_EDGE('',*,*,#13487,.T.);
#14288 = ORIENTED_EDGE('',*,*,#14289,.F.);
#14289 = EDGE_CURVE('',#12919,#13479,#14290,.T.);
#14290 = LINE('',#14291,#14292);
#14291 = CARTESIAN_POINT('',(37.048058,-1.41083,0.));
#14292 = VECTOR('',#14293,1.);
#14293 = DIRECTION('',(0.,0.,1.));
#14294 = ORIENTED_EDGE('',*,*,#12927,.F.);
#14295 = CYLINDRICAL_SURFACE('',#14296,1.099817563403);
#14296 = AXIS2_PLACEMENT_3D('',#14297,#14298,#14299);
#14297 = CARTESIAN_POINT('',(38.134802457151,-1.579901457151,0.));
#14298 = DIRECTION('',(-0.,-0.,-1.));
#14299 = DIRECTION('',(-0.153726820499,0.98811338654,0.));
#14300 = ADVANCED_FACE('',(#14301),#14312,.T.);
#14301 = FACE_BOUND('',#14302,.T.);
#14302 = EDGE_LOOP('',(#14303,#14309,#14310,#14311));
#14303 = ORIENTED_EDGE('',*,*,#14304,.T.);
#14304 = EDGE_CURVE('',#12884,#13444,#14305,.T.);
#14305 = LINE('',#14306,#14307);
#14306 = CARTESIAN_POINT('',(17.048058,-1.41083,0.));
#14307 = VECTOR('',#14308,1.);
#14308 = DIRECTION('',(0.,0.,1.));
#14309 = ORIENTED_EDGE('',*,*,#13443,.T.);
#14310 = ORIENTED_EDGE('',*,*,#14270,.F.);
#14311 = ORIENTED_EDGE('',*,*,#12883,.F.);
#14312 = CYLINDRICAL_SURFACE('',#14313,0.199987907753);
#14313 = AXIS2_PLACEMENT_3D('',#14314,#14315,#14316);
#14314 = CARTESIAN_POINT('',(16.850449356744,-1.380073092515,0.));
#14315 = DIRECTION('',(0.,0.,-1.));
#14316 = DIRECTION('',(0.988102958204,-0.153793835991,0.));
#14317 = ADVANCED_FACE('',(#14318),#14329,.T.);
#14318 = FACE_BOUND('',#14319,.T.);
#14319 = EDGE_LOOP('',(#14320,#14321,#14322,#14328));
#14320 = ORIENTED_EDGE('',*,*,#14289,.T.);
#14321 = ORIENTED_EDGE('',*,*,#13478,.T.);
#14322 = ORIENTED_EDGE('',*,*,#14323,.F.);
#14323 = EDGE_CURVE('',#12911,#13471,#14324,.T.);
#14324 = LINE('',#14325,#14326);
#14325 = CARTESIAN_POINT('',(36.850439,-1.580061,0.));
#14326 = VECTOR('',#14327,1.);
#14327 = DIRECTION('',(0.,0.,1.));
#14328 = ORIENTED_EDGE('',*,*,#12918,.F.);
#14329 = CYLINDRICAL_SURFACE('',#14330,0.199987907753);
#14330 = AXIS2_PLACEMENT_3D('',#14331,#14332,#14333);
#14331 = CARTESIAN_POINT('',(36.850449356744,-1.380073092515,0.));
#14332 = DIRECTION('',(0.,0.,-1.));
#14333 = DIRECTION('',(0.988102958204,-0.153793835991,0.));
#14334 = ADVANCED_FACE('',(#14335),#14346,.F.);
#14335 = FACE_BOUND('',#14336,.T.);
#14336 = EDGE_LOOP('',(#14337,#14343,#14344,#14345));
#14337 = ORIENTED_EDGE('',*,*,#14338,.T.);
#14338 = EDGE_CURVE('',#12893,#13453,#14339,.T.);
#14339 = LINE('',#14340,#14341);
#14340 = CARTESIAN_POINT('',(19.221867,-1.41083,0.));
#14341 = VECTOR('',#14342,1.);
#14342 = DIRECTION('',(0.,0.,1.));
#14343 = ORIENTED_EDGE('',*,*,#13452,.T.);
#14344 = ORIENTED_EDGE('',*,*,#14304,.F.);
#14345 = ORIENTED_EDGE('',*,*,#12892,.F.);
#14346 = CYLINDRICAL_SURFACE('',#14347,1.100000099391);
#14347 = AXIS2_PLACEMENT_3D('',#14348,#14349,#14350);
#14348 = CARTESIAN_POINT('',(18.1349625,-1.580060099391,0.));
#14349 = DIRECTION('',(-0.,-0.,-1.));
#14350 = DIRECTION('',(0.98809491072,0.153845531,-0.));
#14351 = ADVANCED_FACE('',(#14352),#14363,.T.);
#14352 = FACE_BOUND('',#14353,.T.);
#14353 = EDGE_LOOP('',(#14354,#14355,#14356,#14362));
#14354 = ORIENTED_EDGE('',*,*,#14323,.T.);
#14355 = ORIENTED_EDGE('',*,*,#13470,.T.);
#14356 = ORIENTED_EDGE('',*,*,#14357,.F.);
#14357 = EDGE_CURVE('',#12902,#13462,#14358,.T.);
#14358 = LINE('',#14359,#14360);
#14359 = CARTESIAN_POINT('',(19.419486,-1.580061,0.));
#14360 = VECTOR('',#14361,1.);
#14361 = DIRECTION('',(0.,0.,1.));
#14362 = ORIENTED_EDGE('',*,*,#12910,.F.);
#14363 = PLANE('',#14364);
#14364 = AXIS2_PLACEMENT_3D('',#14365,#14366,#14367);
#14365 = CARTESIAN_POINT('',(36.850439,-1.580061,0.));
#14366 = DIRECTION('',(0.,-1.,0.));
#14367 = DIRECTION('',(-1.,0.,0.));
#14368 = ADVANCED_FACE('',(#14369),#14375,.T.);
#14369 = FACE_BOUND('',#14370,.T.);
#14370 = EDGE_LOOP('',(#14371,#14372,#14373,#14374));
#14371 = ORIENTED_EDGE('',*,*,#14357,.T.);
#14372 = ORIENTED_EDGE('',*,*,#13461,.T.);
#14373 = ORIENTED_EDGE('',*,*,#14338,.F.);
#14374 = ORIENTED_EDGE('',*,*,#12901,.F.);
#14375 = CYLINDRICAL_SURFACE('',#14376,0.199979001801);
#14376 = AXIS2_PLACEMENT_3D('',#14377,#14378,#14379);
#14377 = CARTESIAN_POINT('',(19.419468016182,-1.380081999008,0.));
#14378 = DIRECTION('',(0.,0.,-1.));
#14379 = DIRECTION('',(8.992852948806E-05,-0.999999995956,0.));
#14380 = ADVANCED_FACE('',(#14381),#14392,.F.);
#14381 = FACE_BOUND('',#14382,.T.);
#14382 = EDGE_LOOP('',(#14383,#14384,#14390,#14391));
#14383 = ORIENTED_EDGE('',*,*,#13033,.T.);
#14384 = ORIENTED_EDGE('',*,*,#14385,.T.);
#14385 = EDGE_CURVE('',#13034,#13594,#14386,.T.);
#14386 = LINE('',#14387,#14388);
#14387 = CARTESIAN_POINT('',(1.375,4.73,-4.6E-02));
#14388 = VECTOR('',#14389,1.);
#14389 = DIRECTION('',(0.,0.,1.));
#14390 = ORIENTED_EDGE('',*,*,#13593,.F.);
#14391 = ORIENTED_EDGE('',*,*,#14385,.F.);
#14392 = CYLINDRICAL_SURFACE('',#14393,0.5);
#14393 = AXIS2_PLACEMENT_3D('',#14394,#14395,#14396);
#14394 = CARTESIAN_POINT('',(1.375,5.23,-4.6E-02));
#14395 = DIRECTION('',(-0.,-0.,-1.));
#14396 = DIRECTION('',(-0.,-1.,0.));
#14397 = ADVANCED_FACE('',(#14398),#14409,.F.);
#14398 = FACE_BOUND('',#14399,.T.);
#14399 = EDGE_LOOP('',(#14400,#14401,#14407,#14408));
#14400 = ORIENTED_EDGE('',*,*,#13044,.T.);
#14401 = ORIENTED_EDGE('',*,*,#14402,.T.);
#14402 = EDGE_CURVE('',#13045,#13605,#14403,.T.);
#14403 = LINE('',#14404,#14405);
#14404 = CARTESIAN_POINT('',(1.375,7.27,-4.6E-02));
#14405 = VECTOR('',#14406,1.);
#14406 = DIRECTION('',(0.,0.,1.));
#14407 = ORIENTED_EDGE('',*,*,#13604,.F.);
#14408 = ORIENTED_EDGE('',*,*,#14402,.F.);
#14409 = CYLINDRICAL_SURFACE('',#14410,0.5);
#14410 = AXIS2_PLACEMENT_3D('',#14411,#14412,#14413);
#14411 = CARTESIAN_POINT('',(1.375,7.77,-4.6E-02));
#14412 = DIRECTION('',(-0.,-0.,-1.));
#14413 = DIRECTION('',(-0.,-1.,0.));
#14414 = ADVANCED_FACE('',(#14415),#14426,.F.);
#14415 = FACE_BOUND('',#14416,.T.);
#14416 = EDGE_LOOP('',(#14417,#14418,#14424,#14425));
#14417 = ORIENTED_EDGE('',*,*,#13055,.T.);
#14418 = ORIENTED_EDGE('',*,*,#14419,.T.);
#14419 = EDGE_CURVE('',#13056,#13616,#14420,.T.);
#14420 = LINE('',#14421,#14422);
#14421 = CARTESIAN_POINT('',(9.8,3.525,-4.6E-02));
#14422 = VECTOR('',#14423,1.);
#14423 = DIRECTION('',(0.,0.,1.));
#14424 = ORIENTED_EDGE('',*,*,#13615,.F.);
#14425 = ORIENTED_EDGE('',*,*,#14419,.F.);
#14426 = CYLINDRICAL_SURFACE('',#14427,0.475);
#14427 = AXIS2_PLACEMENT_3D('',#14428,#14429,#14430);
#14428 = CARTESIAN_POINT('',(9.8,4.,-4.6E-02));
#14429 = DIRECTION('',(-0.,-0.,-1.));
#14430 = DIRECTION('',(-0.,-1.,0.));
#14431 = ADVANCED_FACE('',(#14432),#14443,.F.);
#14432 = FACE_BOUND('',#14433,.T.);
#14433 = EDGE_LOOP('',(#14434,#14435,#14441,#14442));
#14434 = ORIENTED_EDGE('',*,*,#13066,.T.);
#14435 = ORIENTED_EDGE('',*,*,#14436,.T.);
#14436 = EDGE_CURVE('',#13067,#13627,#14437,.T.);
#14437 = LINE('',#14438,#14439);
#14438 = CARTESIAN_POINT('',(12.3,3.525,-4.6E-02));
#14439 = VECTOR('',#14440,1.);
#14440 = DIRECTION('',(0.,0.,1.));
#14441 = ORIENTED_EDGE('',*,*,#13626,.F.);
#14442 = ORIENTED_EDGE('',*,*,#14436,.F.);
#14443 = CYLINDRICAL_SURFACE('',#14444,0.475);
#14444 = AXIS2_PLACEMENT_3D('',#14445,#14446,#14447);
#14445 = CARTESIAN_POINT('',(12.3,4.,-4.6E-02));
#14446 = DIRECTION('',(-0.,-0.,-1.));
#14447 = DIRECTION('',(-0.,-1.,0.));
#14448 = ADVANCED_FACE('',(#14449),#14460,.F.);
#14449 = FACE_BOUND('',#14450,.T.);
#14450 = EDGE_LOOP('',(#14451,#14452,#14458,#14459));
#14451 = ORIENTED_EDGE('',*,*,#13077,.T.);
#14452 = ORIENTED_EDGE('',*,*,#14453,.T.);
#14453 = EDGE_CURVE('',#13078,#13638,#14454,.T.);
#14454 = LINE('',#14455,#14456);
#14455 = CARTESIAN_POINT('',(14.8,3.525,-4.6E-02));
#14456 = VECTOR('',#14457,1.);
#14457 = DIRECTION('',(0.,0.,1.));
#14458 = ORIENTED_EDGE('',*,*,#13637,.F.);
#14459 = ORIENTED_EDGE('',*,*,#14453,.F.);
#14460 = CYLINDRICAL_SURFACE('',#14461,0.475);
#14461 = AXIS2_PLACEMENT_3D('',#14462,#14463,#14464);
#14462 = CARTESIAN_POINT('',(14.8,4.,-4.6E-02));
#14463 = DIRECTION('',(-0.,-0.,-1.));
#14464 = DIRECTION('',(-0.,-1.,0.));
#14465 = ADVANCED_FACE('',(#14466),#14477,.F.);
#14466 = FACE_BOUND('',#14467,.T.);
#14467 = EDGE_LOOP('',(#14468,#14469,#14475,#14476));
#14468 = ORIENTED_EDGE('',*,*,#13088,.T.);
#14469 = ORIENTED_EDGE('',*,*,#14470,.T.);
#14470 = EDGE_CURVE('',#13089,#13649,#14471,.T.);
#14471 = LINE('',#14472,#14473);
#14472 = CARTESIAN_POINT('',(17.3,3.525,-4.6E-02));
#14473 = VECTOR('',#14474,1.);
#14474 = DIRECTION('',(0.,0.,1.));
#14475 = ORIENTED_EDGE('',*,*,#13648,.F.);
#14476 = ORIENTED_EDGE('',*,*,#14470,.F.);
#14477 = CYLINDRICAL_SURFACE('',#14478,0.475);
#14478 = AXIS2_PLACEMENT_3D('',#14479,#14480,#14481);
#14479 = CARTESIAN_POINT('',(17.3,4.,-4.6E-02));
#14480 = DIRECTION('',(-0.,0.,-1.));
#14481 = DIRECTION('',(7.479397218527E-15,-1.,-0.));
#14482 = ADVANCED_FACE('',(#14483),#14494,.F.);
#14483 = FACE_BOUND('',#14484,.T.);
#14484 = EDGE_LOOP('',(#14485,#14486,#14492,#14493));
#14485 = ORIENTED_EDGE('',*,*,#13099,.T.);
#14486 = ORIENTED_EDGE('',*,*,#14487,.T.);
#14487 = EDGE_CURVE('',#13100,#13660,#14488,.T.);
#14488 = LINE('',#14489,#14490);
#14489 = CARTESIAN_POINT('',(1.375,9.81,-4.6E-02));
#14490 = VECTOR('',#14491,1.);
#14491 = DIRECTION('',(0.,0.,1.));
#14492 = ORIENTED_EDGE('',*,*,#13659,.F.);
#14493 = ORIENTED_EDGE('',*,*,#14487,.F.);
#14494 = CYLINDRICAL_SURFACE('',#14495,0.5);
#14495 = AXIS2_PLACEMENT_3D('',#14496,#14497,#14498);
#14496 = CARTESIAN_POINT('',(1.375,10.31,-4.6E-02));
#14497 = DIRECTION('',(-0.,-0.,-1.));
#14498 = DIRECTION('',(-0.,-1.,0.));
#14499 = ADVANCED_FACE('',(#14500),#14511,.F.);
#14500 = FACE_BOUND('',#14501,.T.);
#14501 = EDGE_LOOP('',(#14502,#14503,#14509,#14510));
#14502 = ORIENTED_EDGE('',*,*,#13110,.T.);
#14503 = ORIENTED_EDGE('',*,*,#14504,.T.);
#14504 = EDGE_CURVE('',#13111,#13671,#14505,.T.);
#14505 = LINE('',#14506,#14507);
#14506 = CARTESIAN_POINT('',(1.375,12.35,-4.6E-02));
#14507 = VECTOR('',#14508,1.);
#14508 = DIRECTION('',(0.,0.,1.));
#14509 = ORIENTED_EDGE('',*,*,#13670,.F.);
#14510 = ORIENTED_EDGE('',*,*,#14504,.F.);
#14511 = CYLINDRICAL_SURFACE('',#14512,0.5);
#14512 = AXIS2_PLACEMENT_3D('',#14513,#14514,#14515);
#14513 = CARTESIAN_POINT('',(1.375,12.85,-4.6E-02));
#14514 = DIRECTION('',(-0.,-0.,-1.));
#14515 = DIRECTION('',(-0.,-1.,0.));
#14516 = ADVANCED_FACE('',(#14517),#14528,.F.);
#14517 = FACE_BOUND('',#14518,.T.);
#14518 = EDGE_LOOP('',(#14519,#14520,#14526,#14527));
#14519 = ORIENTED_EDGE('',*,*,#13121,.T.);
#14520 = ORIENTED_EDGE('',*,*,#14521,.T.);
#14521 = EDGE_CURVE('',#13122,#13682,#14522,.T.);
#14522 = LINE('',#14523,#14524);
#14523 = CARTESIAN_POINT('',(1.375,14.89,-4.6E-02));
#14524 = VECTOR('',#14525,1.);
#14525 = DIRECTION('',(0.,0.,1.));
#14526 = ORIENTED_EDGE('',*,*,#13681,.F.);
#14527 = ORIENTED_EDGE('',*,*,#14521,.F.);
#14528 = CYLINDRICAL_SURFACE('',#14529,0.5);
#14529 = AXIS2_PLACEMENT_3D('',#14530,#14531,#14532);
#14530 = CARTESIAN_POINT('',(1.375,15.39,-4.6E-02));
#14531 = DIRECTION('',(-0.,-0.,-1.));
#14532 = DIRECTION('',(-0.,-1.,0.));
#14533 = ADVANCED_FACE('',(#14534),#14545,.F.);
#14534 = FACE_BOUND('',#14535,.T.);
#14535 = EDGE_LOOP('',(#14536,#14537,#14543,#14544));
#14536 = ORIENTED_EDGE('',*,*,#13132,.T.);
#14537 = ORIENTED_EDGE('',*,*,#14538,.T.);
#14538 = EDGE_CURVE('',#13133,#13693,#14539,.T.);
#14539 = LINE('',#14540,#14541);
#14540 = CARTESIAN_POINT('',(19.8,3.525,-4.6E-02));
#14541 = VECTOR('',#14542,1.);
#14542 = DIRECTION('',(0.,0.,1.));
#14543 = ORIENTED_EDGE('',*,*,#13692,.F.);
#14544 = ORIENTED_EDGE('',*,*,#14538,.F.);
#14545 = CYLINDRICAL_SURFACE('',#14546,0.475);
#14546 = AXIS2_PLACEMENT_3D('',#14547,#14548,#14549);
#14547 = CARTESIAN_POINT('',(19.8,4.,-4.6E-02));
#14548 = DIRECTION('',(-0.,0.,-1.));
#14549 = DIRECTION('',(7.479397218527E-15,-1.,-0.));
#14550 = ADVANCED_FACE('',(#14551),#14562,.F.);
#14551 = FACE_BOUND('',#14552,.T.);
#14552 = EDGE_LOOP('',(#14553,#14554,#14560,#14561));
#14553 = ORIENTED_EDGE('',*,*,#13143,.T.);
#14554 = ORIENTED_EDGE('',*,*,#14555,.T.);
#14555 = EDGE_CURVE('',#13144,#13704,#14556,.T.);
#14556 = LINE('',#14557,#14558);
#14557 = CARTESIAN_POINT('',(22.3,3.525,-4.6E-02));
#14558 = VECTOR('',#14559,1.);
#14559 = DIRECTION('',(0.,0.,1.));
#14560 = ORIENTED_EDGE('',*,*,#13703,.F.);
#14561 = ORIENTED_EDGE('',*,*,#14555,.F.);
#14562 = CYLINDRICAL_SURFACE('',#14563,0.475);
#14563 = AXIS2_PLACEMENT_3D('',#14564,#14565,#14566);
#14564 = CARTESIAN_POINT('',(22.3,4.,-4.6E-02));
#14565 = DIRECTION('',(-0.,0.,-1.));
#14566 = DIRECTION('',(7.479397218527E-15,-1.,-0.));
#14567 = ADVANCED_FACE('',(#14568),#14579,.F.);
#14568 = FACE_BOUND('',#14569,.T.);
#14569 = EDGE_LOOP('',(#14570,#14571,#14577,#14578));
#14570 = ORIENTED_EDGE('',*,*,#13154,.T.);
#14571 = ORIENTED_EDGE('',*,*,#14572,.T.);
#14572 = EDGE_CURVE('',#13155,#13715,#14573,.T.);
#14573 = LINE('',#14574,#14575);
#14574 = CARTESIAN_POINT('',(24.8,3.525,-4.6E-02));
#14575 = VECTOR('',#14576,1.);
#14576 = DIRECTION('',(0.,0.,1.));
#14577 = ORIENTED_EDGE('',*,*,#13714,.F.);
#14578 = ORIENTED_EDGE('',*,*,#14572,.F.);
#14579 = CYLINDRICAL_SURFACE('',#14580,0.475);
#14580 = AXIS2_PLACEMENT_3D('',#14581,#14582,#14583);
#14581 = CARTESIAN_POINT('',(24.8,4.,-4.6E-02));
#14582 = DIRECTION('',(-0.,0.,-1.));
#14583 = DIRECTION('',(7.479397218527E-15,-1.,-0.));
#14584 = ADVANCED_FACE('',(#14585),#14596,.F.);
#14585 = FACE_BOUND('',#14586,.T.);
#14586 = EDGE_LOOP('',(#14587,#14588,#14594,#14595));
#14587 = ORIENTED_EDGE('',*,*,#13165,.T.);
#14588 = ORIENTED_EDGE('',*,*,#14589,.T.);
#14589 = EDGE_CURVE('',#13166,#13726,#14590,.T.);
#14590 = LINE('',#14591,#14592);
#14591 = CARTESIAN_POINT('',(34.765,4.73,-4.6E-02));
#14592 = VECTOR('',#14593,1.);
#14593 = DIRECTION('',(0.,0.,1.));
#14594 = ORIENTED_EDGE('',*,*,#13725,.F.);
#14595 = ORIENTED_EDGE('',*,*,#14589,.F.);
#14596 = CYLINDRICAL_SURFACE('',#14597,0.5);
#14597 = AXIS2_PLACEMENT_3D('',#14598,#14599,#14600);
#14598 = CARTESIAN_POINT('',(34.765,5.23,-4.6E-02));
#14599 = DIRECTION('',(-0.,-0.,-1.));
#14600 = DIRECTION('',(-0.,-1.,0.));
#14601 = ADVANCED_FACE('',(#14602),#14613,.F.);
#14602 = FACE_BOUND('',#14603,.T.);
#14603 = EDGE_LOOP('',(#14604,#14605,#14611,#14612));
#14604 = ORIENTED_EDGE('',*,*,#13176,.T.);
#14605 = ORIENTED_EDGE('',*,*,#14606,.T.);
#14606 = EDGE_CURVE('',#13177,#13737,#14607,.T.);
#14607 = LINE('',#14608,#14609);
#14608 = CARTESIAN_POINT('',(34.765,7.27,-4.6E-02));
#14609 = VECTOR('',#14610,1.);
#14610 = DIRECTION('',(0.,0.,1.));
#14611 = ORIENTED_EDGE('',*,*,#13736,.F.);
#14612 = ORIENTED_EDGE('',*,*,#14606,.F.);
#14613 = CYLINDRICAL_SURFACE('',#14614,0.5);
#14614 = AXIS2_PLACEMENT_3D('',#14615,#14616,#14617);
#14615 = CARTESIAN_POINT('',(34.765,7.77,-4.6E-02));
#14616 = DIRECTION('',(-0.,-0.,-1.));
#14617 = DIRECTION('',(-0.,-1.,0.));
#14618 = ADVANCED_FACE('',(#14619),#14630,.F.);
#14619 = FACE_BOUND('',#14620,.T.);
#14620 = EDGE_LOOP('',(#14621,#14622,#14628,#14629));
#14621 = ORIENTED_EDGE('',*,*,#13187,.T.);
#14622 = ORIENTED_EDGE('',*,*,#14623,.T.);
#14623 = EDGE_CURVE('',#13188,#13748,#14624,.T.);
#14624 = LINE('',#14625,#14626);
#14625 = CARTESIAN_POINT('',(34.765,9.81,-4.6E-02));
#14626 = VECTOR('',#14627,1.);
#14627 = DIRECTION('',(0.,0.,1.));
#14628 = ORIENTED_EDGE('',*,*,#13747,.F.);
#14629 = ORIENTED_EDGE('',*,*,#14623,.F.);
#14630 = CYLINDRICAL_SURFACE('',#14631,0.5);
#14631 = AXIS2_PLACEMENT_3D('',#14632,#14633,#14634);
#14632 = CARTESIAN_POINT('',(34.765,10.31,-4.6E-02));
#14633 = DIRECTION('',(-0.,-0.,-1.));
#14634 = DIRECTION('',(-0.,-1.,0.));
#14635 = ADVANCED_FACE('',(#14636),#14647,.F.);
#14636 = FACE_BOUND('',#14637,.T.);
#14637 = EDGE_LOOP('',(#14638,#14639,#14645,#14646));
#14638 = ORIENTED_EDGE('',*,*,#13198,.T.);
#14639 = ORIENTED_EDGE('',*,*,#14640,.T.);
#14640 = EDGE_CURVE('',#13199,#13759,#14641,.T.);
#14641 = LINE('',#14642,#14643);
#14642 = CARTESIAN_POINT('',(34.765,12.35,-4.6E-02));
#14643 = VECTOR('',#14644,1.);
#14644 = DIRECTION('',(0.,0.,1.));
#14645 = ORIENTED_EDGE('',*,*,#13758,.F.);
#14646 = ORIENTED_EDGE('',*,*,#14640,.F.);
#14647 = CYLINDRICAL_SURFACE('',#14648,0.5);
#14648 = AXIS2_PLACEMENT_3D('',#14649,#14650,#14651);
#14649 = CARTESIAN_POINT('',(34.765,12.85,-4.6E-02));
#14650 = DIRECTION('',(-0.,-0.,-1.));
#14651 = DIRECTION('',(-0.,-1.,0.));
#14652 = ADVANCED_FACE('',(#14653),#14664,.F.);
#14653 = FACE_BOUND('',#14654,.T.);
#14654 = EDGE_LOOP('',(#14655,#14656,#14662,#14663));
#14655 = ORIENTED_EDGE('',*,*,#13209,.T.);
#14656 = ORIENTED_EDGE('',*,*,#14657,.T.);
#14657 = EDGE_CURVE('',#13210,#13770,#14658,.T.);
#14658 = LINE('',#14659,#14660);
#14659 = CARTESIAN_POINT('',(34.765,14.89,-4.6E-02));
#14660 = VECTOR('',#14661,1.);
#14661 = DIRECTION('',(0.,0.,1.));
#14662 = ORIENTED_EDGE('',*,*,#13769,.F.);
#14663 = ORIENTED_EDGE('',*,*,#14657,.F.);
#14664 = CYLINDRICAL_SURFACE('',#14665,0.5);
#14665 = AXIS2_PLACEMENT_3D('',#14666,#14667,#14668);
#14666 = CARTESIAN_POINT('',(34.765,15.39,-4.6E-02));
#14667 = DIRECTION('',(-0.,-0.,-1.));
#14668 = DIRECTION('',(-0.,-1.,0.));
#14669 = ADVANCED_FACE('',(#14670),#14681,.F.);
#14670 = FACE_BOUND('',#14671,.T.);
#14671 = EDGE_LOOP('',(#14672,#14673,#14679,#14680));
#14672 = ORIENTED_EDGE('',*,*,#13220,.T.);
#14673 = ORIENTED_EDGE('',*,*,#14674,.T.);
#14674 = EDGE_CURVE('',#13221,#13781,#14675,.T.);
#14675 = LINE('',#14676,#14677);
#14676 = CARTESIAN_POINT('',(1.375,17.43,-4.6E-02));
#14677 = VECTOR('',#14678,1.);
#14678 = DIRECTION('',(0.,0.,1.));
#14679 = ORIENTED_EDGE('',*,*,#13780,.F.);
#14680 = ORIENTED_EDGE('',*,*,#14674,.F.);
#14681 = CYLINDRICAL_SURFACE('',#14682,0.5);
#14682 = AXIS2_PLACEMENT_3D('',#14683,#14684,#14685);
#14683 = CARTESIAN_POINT('',(1.375,17.93,-4.6E-02));
#14684 = DIRECTION('',(-0.,-0.,-1.));
#14685 = DIRECTION('',(-0.,-1.,0.));
#14686 = ADVANCED_FACE('',(#14687),#14698,.F.);
#14687 = FACE_BOUND('',#14688,.T.);
#14688 = EDGE_LOOP('',(#14689,#14690,#14696,#14697));
#14689 = ORIENTED_EDGE('',*,*,#13231,.T.);
#14690 = ORIENTED_EDGE('',*,*,#14691,.T.);
#14691 = EDGE_CURVE('',#13232,#13792,#14692,.T.);
#14692 = LINE('',#14693,#14694);
#14693 = CARTESIAN_POINT('',(1.375,19.97,-4.6E-02));
#14694 = VECTOR('',#14695,1.);
#14695 = DIRECTION('',(0.,0.,1.));
#14696 = ORIENTED_EDGE('',*,*,#13791,.F.);
#14697 = ORIENTED_EDGE('',*,*,#14691,.F.);
#14698 = CYLINDRICAL_SURFACE('',#14699,0.5);
#14699 = AXIS2_PLACEMENT_3D('',#14700,#14701,#14702);
#14700 = CARTESIAN_POINT('',(1.375,20.47,-4.6E-02));
#14701 = DIRECTION('',(-0.,-0.,-1.));
#14702 = DIRECTION('',(-0.,-1.,0.));
#14703 = ADVANCED_FACE('',(#14704),#14715,.F.);
#14704 = FACE_BOUND('',#14705,.T.);
#14705 = EDGE_LOOP('',(#14706,#14707,#14713,#14714));
#14706 = ORIENTED_EDGE('',*,*,#13242,.T.);
#14707 = ORIENTED_EDGE('',*,*,#14708,.T.);
#14708 = EDGE_CURVE('',#13243,#13803,#14709,.T.);
#14709 = LINE('',#14710,#14711);
#14710 = CARTESIAN_POINT('',(1.375,22.51,-4.6E-02));
#14711 = VECTOR('',#14712,1.);
#14712 = DIRECTION('',(0.,0.,1.));
#14713 = ORIENTED_EDGE('',*,*,#13802,.F.);
#14714 = ORIENTED_EDGE('',*,*,#14708,.F.);
#14715 = CYLINDRICAL_SURFACE('',#14716,0.5);
#14716 = AXIS2_PLACEMENT_3D('',#14717,#14718,#14719);
#14717 = CARTESIAN_POINT('',(1.375,23.01,-4.6E-02));
#14718 = DIRECTION('',(-0.,-0.,-1.));
#14719 = DIRECTION('',(-0.,-1.,0.));
#14720 = ADVANCED_FACE('',(#14721),#14732,.F.);
#14721 = FACE_BOUND('',#14722,.T.);
#14722 = EDGE_LOOP('',(#14723,#14724,#14730,#14731));
#14723 = ORIENTED_EDGE('',*,*,#13253,.T.);
#14724 = ORIENTED_EDGE('',*,*,#14725,.T.);
#14725 = EDGE_CURVE('',#13254,#13814,#14726,.T.);
#14726 = LINE('',#14727,#14728);
#14727 = CARTESIAN_POINT('',(1.375,25.05,-4.6E-02));
#14728 = VECTOR('',#14729,1.);
#14729 = DIRECTION('',(0.,0.,1.));
#14730 = ORIENTED_EDGE('',*,*,#13813,.F.);
#14731 = ORIENTED_EDGE('',*,*,#14725,.F.);
#14732 = CYLINDRICAL_SURFACE('',#14733,0.5);
#14733 = AXIS2_PLACEMENT_3D('',#14734,#14735,#14736);
#14734 = CARTESIAN_POINT('',(1.375,25.55,-4.6E-02));
#14735 = DIRECTION('',(-0.,-0.,-1.));
#14736 = DIRECTION('',(-0.,-1.,0.));
#14737 = ADVANCED_FACE('',(#14738),#14749,.F.);
#14738 = FACE_BOUND('',#14739,.T.);
#14739 = EDGE_LOOP('',(#14740,#14741,#14747,#14748));
#14740 = ORIENTED_EDGE('',*,*,#13264,.T.);
#14741 = ORIENTED_EDGE('',*,*,#14742,.T.);
#14742 = EDGE_CURVE('',#13265,#13825,#14743,.T.);
#14743 = LINE('',#14744,#14745);
#14744 = CARTESIAN_POINT('',(1.375,27.59,-4.6E-02));
#14745 = VECTOR('',#14746,1.);
#14746 = DIRECTION('',(0.,0.,1.));
#14747 = ORIENTED_EDGE('',*,*,#13824,.F.);
#14748 = ORIENTED_EDGE('',*,*,#14742,.F.);
#14749 = CYLINDRICAL_SURFACE('',#14750,0.5);
#14750 = AXIS2_PLACEMENT_3D('',#14751,#14752,#14753);
#14751 = CARTESIAN_POINT('',(1.375,28.09,-4.6E-02));
#14752 = DIRECTION('',(-0.,-0.,-1.));
#14753 = DIRECTION('',(-0.,-1.,0.));
#14754 = ADVANCED_FACE('',(#14755),#14766,.F.);
#14755 = FACE_BOUND('',#14756,.T.);
#14756 = EDGE_LOOP('',(#14757,#14758,#14764,#14765));
#14757 = ORIENTED_EDGE('',*,*,#13275,.T.);
#14758 = ORIENTED_EDGE('',*,*,#14759,.T.);
#14759 = EDGE_CURVE('',#13276,#13836,#14760,.T.);
#14760 = LINE('',#14761,#14762);
#14761 = CARTESIAN_POINT('',(34.765,17.43,-4.6E-02));
#14762 = VECTOR('',#14763,1.);
#14763 = DIRECTION('',(0.,0.,1.));
#14764 = ORIENTED_EDGE('',*,*,#13835,.F.);
#14765 = ORIENTED_EDGE('',*,*,#14759,.F.);
#14766 = CYLINDRICAL_SURFACE('',#14767,0.5);
#14767 = AXIS2_PLACEMENT_3D('',#14768,#14769,#14770);
#14768 = CARTESIAN_POINT('',(34.765,17.93,-4.6E-02));
#14769 = DIRECTION('',(-0.,-0.,-1.));
#14770 = DIRECTION('',(-0.,-1.,0.));
#14771 = ADVANCED_FACE('',(#14772),#14783,.F.);
#14772 = FACE_BOUND('',#14773,.T.);
#14773 = EDGE_LOOP('',(#14774,#14775,#14781,#14782));
#14774 = ORIENTED_EDGE('',*,*,#13286,.T.);
#14775 = ORIENTED_EDGE('',*,*,#14776,.T.);
#14776 = EDGE_CURVE('',#13287,#13847,#14777,.T.);
#14777 = LINE('',#14778,#14779);
#14778 = CARTESIAN_POINT('',(34.765,19.97,-4.6E-02));
#14779 = VECTOR('',#14780,1.);
#14780 = DIRECTION('',(0.,0.,1.));
#14781 = ORIENTED_EDGE('',*,*,#13846,.F.);
#14782 = ORIENTED_EDGE('',*,*,#14776,.F.);
#14783 = CYLINDRICAL_SURFACE('',#14784,0.5);
#14784 = AXIS2_PLACEMENT_3D('',#14785,#14786,#14787);
#14785 = CARTESIAN_POINT('',(34.765,20.47,-4.6E-02));
#14786 = DIRECTION('',(-0.,-0.,-1.));
#14787 = DIRECTION('',(-0.,-1.,0.));
#14788 = ADVANCED_FACE('',(#14789),#14800,.F.);
#14789 = FACE_BOUND('',#14790,.T.);
#14790 = EDGE_LOOP('',(#14791,#14792,#14798,#14799));
#14791 = ORIENTED_EDGE('',*,*,#13297,.T.);
#14792 = ORIENTED_EDGE('',*,*,#14793,.T.);
#14793 = EDGE_CURVE('',#13298,#13858,#14794,.T.);
#14794 = LINE('',#14795,#14796);
#14795 = CARTESIAN_POINT('',(34.765,22.51,-4.6E-02));
#14796 = VECTOR('',#14797,1.);
#14797 = DIRECTION('',(0.,0.,1.));
#14798 = ORIENTED_EDGE('',*,*,#13857,.F.);
#14799 = ORIENTED_EDGE('',*,*,#14793,.F.);
#14800 = CYLINDRICAL_SURFACE('',#14801,0.5);
#14801 = AXIS2_PLACEMENT_3D('',#14802,#14803,#14804);
#14802 = CARTESIAN_POINT('',(34.765,23.01,-4.6E-02));
#14803 = DIRECTION('',(-0.,-0.,-1.));
#14804 = DIRECTION('',(-0.,-1.,0.));
#14805 = ADVANCED_FACE('',(#14806),#14817,.F.);
#14806 = FACE_BOUND('',#14807,.T.);
#14807 = EDGE_LOOP('',(#14808,#14809,#14815,#14816));
#14808 = ORIENTED_EDGE('',*,*,#13308,.T.);
#14809 = ORIENTED_EDGE('',*,*,#14810,.T.);
#14810 = EDGE_CURVE('',#13309,#13869,#14811,.T.);
#14811 = LINE('',#14812,#14813);
#14812 = CARTESIAN_POINT('',(34.765,25.05,-4.6E-02));
#14813 = VECTOR('',#14814,1.);
#14814 = DIRECTION('',(0.,0.,1.));
#14815 = ORIENTED_EDGE('',*,*,#13868,.F.);
#14816 = ORIENTED_EDGE('',*,*,#14810,.F.);
#14817 = CYLINDRICAL_SURFACE('',#14818,0.5);
#14818 = AXIS2_PLACEMENT_3D('',#14819,#14820,#14821);
#14819 = CARTESIAN_POINT('',(34.765,25.55,-4.6E-02));
#14820 = DIRECTION('',(-0.,-0.,-1.));
#14821 = DIRECTION('',(-0.,-1.,0.));
#14822 = ADVANCED_FACE('',(#14823),#14834,.F.);
#14823 = FACE_BOUND('',#14824,.T.);
#14824 = EDGE_LOOP('',(#14825,#14826,#14832,#14833));
#14825 = ORIENTED_EDGE('',*,*,#13319,.T.);
#14826 = ORIENTED_EDGE('',*,*,#14827,.T.);
#14827 = EDGE_CURVE('',#13320,#13880,#14828,.T.);
#14828 = LINE('',#14829,#14830);
#14829 = CARTESIAN_POINT('',(34.765,27.59,-4.6E-02));
#14830 = VECTOR('',#14831,1.);
#14831 = DIRECTION('',(0.,0.,1.));
#14832 = ORIENTED_EDGE('',*,*,#13879,.F.);
#14833 = ORIENTED_EDGE('',*,*,#14827,.F.);
#14834 = CYLINDRICAL_SURFACE('',#14835,0.5);
#14835 = AXIS2_PLACEMENT_3D('',#14836,#14837,#14838);
#14836 = CARTESIAN_POINT('',(34.765,28.09,-4.6E-02));
#14837 = DIRECTION('',(-0.,-0.,-1.));
#14838 = DIRECTION('',(-0.,-1.,0.));
#14839 = ( GEOMETRIC_REPRESENTATION_CONTEXT(3) 
GLOBAL_UNCERTAINTY_ASSIGNED_CONTEXT((#14843)) 
GLOBAL_UNIT_ASSIGNED_CONTEXT((#14840,#14841,#14842)) 
REPRESENTATION_CONTEXT('Context #1',
  '3D Context with UNIT and UNCERTAINTY') );
#14840 = ( LENGTH_UNIT() NAMED_UNIT(*) SI_UNIT(.MILLI.,.METRE.) );
#14841 = ( NAMED_UNIT(*) PLANE_ANGLE_UNIT() SI_UNIT($,.RADIAN.) );
#14842 = ( NAMED_UNIT(*) SI_UNIT($,.STERADIAN.) SOLID_ANGLE_UNIT() );
#14843 = UNCERTAINTY_MEASURE_WITH_UNIT(LENGTH_MEASURE(1.E-07),#14840,
  'distance_accuracy_value','confusion accuracy');
#14844 = CONTEXT_DEPENDENT_SHAPE_REPRESENTATION(#14845,#14847);
#14845 = ( REPRESENTATION_RELATIONSHIP('','',#12663,#10) 
REPRESENTATION_RELATIONSHIP_WITH_TRANSFORMATION(#14846) 
SHAPE_REPRESENTATION_RELATIONSHIP() );
#14846 = ITEM_DEFINED_TRANSFORMATION('','',#11,#63);
#14847 = PRODUCT_DEFINITION_SHAPE('Placement','Placement of an item',
  #14848);
#14848 = NEXT_ASSEMBLY_USAGE_OCCURRENCE('13','=>[0:1:1:7]','',#5,#12658,
  $);
#14849 = PRODUCT_RELATED_PRODUCT_CATEGORY('part',$,(#12660));
#14850 = MECHANICAL_DESIGN_GEOMETRIC_PRESENTATION_REPRESENTATION('',(
    #14851),#14839);
#14851 = STYLED_ITEM('color',(#14852),#12664);
#14852 = PRESENTATION_STYLE_ASSIGNMENT((#14853));
#14853 = SURFACE_STYLE_USAGE(.BOTH.,#14854);
#14854 = SURFACE_SIDE_STYLE('',(#14855));
#14855 = SURFACE_STYLE_FILL_AREA(#14856);
#14856 = FILL_AREA_STYLE('',(#14857));
#14857 = FILL_AREA_STYLE_COLOUR('',#14858);
#14858 = COLOUR_RGB('',0.313304153717,0.484529207832,0.410020903123);
ENDSEC;
END-ISO-10303-21;
